hand_hi,coll_half_width,rounds,bust_limit,win_threshold,draw_per_round,competitive_solo,competitive_bust,competitive_shared,competitive_mix,competitive_comeback,competitive_reach,competitive_final,competitive_length,competitive_top_strategy_share,cooperative_solo,cooperative_bust,cooperative_shared,cooperative_mix,cooperative_comeback,cooperative_reach,cooperative_final,cooperative_length,cooperative_top_strategy_share,solo,bust,shared,mix,comeback,reach,final,length,top_strategy_share,mix_worst,score
15,6,5,22,20,1,0.4766666666666667,0.502,0.021333333333333333,0.8213333333333334,0.14373297002724797,0.14933333333333335,0.128,3.542666666666667,1.3322286661143332,0.47533333333333333,0.386,0.13866666666666666,0.9246666666666666,0.48297213622291024,0.6866666666666666,0.548,4.581333333333333,1.1244552058111381,0.476,0.444,0.08,0.873,0.3133525531250791,0.418,0.338,4.062,1.2283419359627357,0.8213333333333334,0.5867371772916825
15,10,5,22,20,1,0.47933333333333333,0.5013333333333333,0.019333333333333334,0.8193333333333334,0.15907545887151597,0.15,0.13066666666666665,3.536,1.3737623762376237,0.476,0.408,0.116,0.916,0.4419306184012066,0.6353333333333333,0.5193333333333333,4.476666666666667,1.076995748700992,0.4776666666666667,0.45466666666666666,0.06766666666666667,0.8676666666666667,0.3005030386363613,0.39266666666666666,0.32499999999999996,4.006333333333333,1.2253790624693077,0.8193333333333334,0.5774172743939389
18,6,6,18,25,1,0.4806666666666667,0.49466666666666664,0.024666666666666667,0.8246666666666667,0.14764183185235816,0.114,0.08933333333333333,3.8146666666666667,1.553956834532374,0.33266666666666667,0.29133333333333333,0.376,0.824,0.44871794871794873,0.728,0.352,5.472666666666667,1.1715749039692702,0.4066666666666667,0.393,0.20033333333333334,0.8243333333333334,0.29817989028515346,0.421,0.22066666666666665,4.643666666666666,1.362765869250822,0.824,0.5678859780570307
18,10,6,18,25,1,0.438,0.528,0.034,0.8340000000000001,0.1601104209799862,0.10133333333333333,0.06733333333333333,3.7226666666666666,1.6288916562889166,0.38066666666666665,0.29733333333333334,0.322,0.878,0.45427728613569324,0.6653333333333333,0.3433333333333333,5.368,1.1142857142857143,0.4093333333333333,0.4126666666666667,0.178,0.8560000000000001,0.30719385355783974,0.3833333333333333,0.2053333333333333,4.545333333333334,1.3715886852873154,0.8340000000000001,0.5667387707115679
15,6,5,22,25,1,0.30266666666666664,0.672,0.025333333333333333,0.728,0.17783857729138167,0.204,0.17866666666666667,3.7293333333333334,1.6514195583596216,0.2886666666666667,0.44533333333333336,0.266,0.8886666666666667,0.5158946412352406,0.8193333333333334,0.5533333333333333,4.782,1.3344425956738768,0.29566666666666663,0.5586666666666666,0.14566666666666667,0.8083333333333333,0.34686660926331114,0.5116666666666667,0.366,4.2556666666666665,1.4929310770167492,0.728,0.5650233218526621
15,10,5,22,25,1,0.30866666666666664,0.6606666666666666,0.030666666666666665,0.7393333333333334,0.17056396148555708,0.19933333333333333,0.16866666666666666,3.712666666666667,1.7041139240506329,0.3,0.4686666666666667,0.23133333333333334,0.9,0.5108412836079792,0.7766666666666666,0.5453333333333333,4.726666666666667,1.2588726513569937,0.30433333333333334,0.5646666666666667,0.131,0.8196666666666668,0.34070262254676814,0.488,0.357,4.219666666666667,1.4814932877038132,0.7393333333333334,0.5645571911760203
18,15,5,18,25,1,0.408,0.522,0.07,0.87,0.17204301075268819,0.21466666666666667,0.14466666666666667,3.5713333333333335,1.690496215306981,0.4046666666666667,0.19333333333333333,0.402,0.7933333333333333,0.4136008918617614,0.7426666666666667,0.3406666666666667,4.607333333333333,1.2224532224532225,0.4063333333333333,0.3576666666666667,0.23600000000000002,0.8316666666666667,0.29282195130722477,0.4786666666666667,0.24266666666666667,4.089333333333333,1.4564747188801017,0.7933333333333333,0.5634310569281116
15,15,5,22,20,1,0.478,0.49733333333333335,0.024666666666666667,0.8246666666666667,0.13875598086124402,0.13666666666666666,0.112,3.4806666666666666,1.404466501240695,0.5126666666666667,0.3953333333333333,0.092,0.8873333333333333,0.4008810572687225,0.5506666666666666,0.45866666666666667,4.298,1.0603085553997196,0.49533333333333335,0.44633333333333336,0.058333333333333334,0.856,0.2698185190649832,0.3436666666666667,0.2853333333333333,3.889333333333333,1.2323875283202073,0.8246666666666667,0.5606470371463299
18,6,7,22,30,1,0.4633333333333333,0.5246666666666666,0.012,0.812,0.09041835357624832,0.048666666666666664,0.03666666666666667,4.192,1.5651074589127687,0.296,0.342,0.362,0.838,0.49007314524555906,0.7586666666666667,0.39666666666666667,6.564,1.12875,0.37966666666666665,0.43333333333333335,0.187,0.825,0.2902457494109037,0.4036666666666667,0.21666666666666667,5.378,1.3469287294563843,0.812,0.5570991498821808
18,10,7,22,30,1,0.44,0.5493333333333333,0.010666666666666666,0.8106666666666666,0.09366576819407008,0.07,0.059333333333333335,4.137333333333333,1.5651115618661255,0.3,0.37933333333333336,0.32066666666666666,0.8793333333333333,0.4867517173699706,0.7173333333333334,0.39666666666666667,6.501333333333333,1.204188481675393,0.37,0.4643333333333334,0.16566666666666666,0.845,0.29020874278202036,0.3936666666666667,0.228,5.319333333333333,1.3846500217707591,0.8106666666666666,0.5566250818897375
18,15,6,18,25,1,0.4126666666666667,0.5606666666666666,0.02666666666666667,0.8266666666666667,0.17123287671232876,0.094,0.06733333333333333,3.6813333333333333,1.6932367149758456,0.4206666666666667,0.30533333333333335,0.274,0.9053333333333333,0.41046831955922863,0.6013333333333334,0.3273333333333333,5.202,1.1162790697674418,0.4166666666666667,0.433,0.15033333333333335,0.866,0.2908505981357787,0.3476666666666667,0.1973333333333333,4.441666666666666,1.4047578923716437,0.8266666666666667,0.553253452960489
18,15,6,22,25,1,0.5353333333333333,0.43266666666666664,0.032,0.8320000000000001,0.20179063360881544,0.112,0.08,3.8973333333333335,1.374621048072759,0.5013333333333333,0.18533333333333332,0.31333333333333335,0.7853333333333333,0.46116504854368934,0.6613333333333333,0.348,5.3646666666666665,1.255985267034991,0.5183333333333333,0.309,0.1726666666666667,0.8086666666666666,0.3314778410762524,0.38666666666666666,0.214,4.631,1.315303157553875,0.7853333333333333,0.5490622348819172
18,6,6,22,25,1,0.5933333333333334,0.376,0.030666666666666665,0.8066666666666666,0.18088033012379642,0.11866666666666667,0.088,3.9466666666666668,1.2444038373686614,0.4266666666666667,0.15266666666666667,0.4206666666666667,0.7526666666666666,0.5109321058688148,0.7933333333333333,0.37266666666666665,5.652,1.352051835853132,0.51,0.2643333333333333,0.22566666666666668,0.7796666666666666,0.3459062179963056,0.456,0.23033333333333333,4.799333333333333,1.2982278366108968,0.7526666666666666,0.5484645769325944
18,10,6,22,25,1,0.568,0.398,0.034,0.8320000000000001,0.18564527260179434,0.1,0.066,3.9006666666666665,1.3056300268096515,0.4706666666666667,0.16466666666666666,0.36466666666666664,0.7646666666666666,0.49737670514165794,0.7333333333333333,0.36866666666666664,5.545333333333334,1.236910994764398,0.5193333333333333,0.2813333333333333,0.1993333333333333,0.7983333333333333,0.34151098887172615,0.41666666666666663,0.21733333333333332,4.723,1.2712705107870246,0.7646666666666666,0.5457355311076785
15,15,5,22,25,1,0.296,0.6746666666666666,0.029333333333333333,0.7253333333333334,0.1559065934065934,0.188,0.15866666666666668,3.654,1.7349397590361444,0.312,0.476,0.212,0.912,0.4763113367174281,0.7193333333333334,0.5073333333333333,4.632666666666666,1.2519319938176199,0.304,0.5753333333333333,0.12066666666666666,0.8186666666666667,0.31610896506201075,0.45366666666666666,0.33299999999999996,4.143333333333333,1.493435876426882,0.7253333333333334,0.5438884596790688
18,15,7,22,30,1,0.402,0.5833333333333334,0.014666666666666666,0.8146666666666667,0.07374830852503383,0.052,0.037333333333333336,4.015333333333333,1.6781883194278904,0.32,0.40066666666666667,0.2793333333333333,0.92,0.42090656799259946,0.6546666666666666,0.37533333333333335,6.322666666666667,1.1883745963401506,0.361,0.492,0.147,0.8673333333333333,0.24732743825881665,0.35333333333333333,0.20633333333333334,5.1690000000000005,1.4332814578840205,0.8146666666666667,0.5407488209850967
18,6,7,22,25,1,0.5946666666666667,0.3993333333333333,0.006,0.8053333333333333,0.07310529845741114,0.03666666666666667,0.030666666666666665,3.988,1.2760301284891447,0.4266666666666667,0.32,0.25333333333333335,0.9199999999999999,0.4705357142857143,0.6506666666666666,0.3973333333333333,6.34,1.2552845528455288,0.5106666666666667,0.3596666666666667,0.12966666666666668,0.8626666666666667,0.2718205063715627,0.3436666666666666,0.214,5.164,1.2656573406673366,0.8053333333333333,0.5406807679409792
18,6,6,18,20,1,0.532,0.45266666666666666,0.015333333333333332,0.8153333333333334,0.14421123899796887,0.064,0.048666666666666664,3.4646666666666666,1.4230132450331128,0.5566666666666666,0.24066666666666667,0.20266666666666666,0.8406666666666667,0.41304347826086957,0.56,0.35733333333333334,5.080666666666667,1.26941115164148,0.5443333333333333,0.3466666666666667,0.109,0.8280000000000001,0.27862735862941923,0.31200000000000006,0.203,4.272666666666667,1.3462121983372963,0.8153333333333334,0.5406421383925505
15,10,5,18,20,1,0.35733333333333334,0.6246666666666667,0.018,0.7753333333333333,0.14188730482009504,0.14,0.122,3.4473333333333334,1.6569428238039672,0.38666666666666666,0.5106666666666667,0.10266666666666667,0.8893333333333333,0.41084695393759285,0.56,0.4573333333333333,4.348,1.163852122318576,0.372,0.5676666666666668,0.060333333333333336,0.8323333333333334,0.27636712937884395,0.35000000000000003,0.28966666666666663,3.897666666666667,1.4103974730612716,0.7753333333333333,0.5388900925424355
15,6,5,18,20,1,0.3433333333333333,0.6413333333333333,0.015333333333333332,0.7586666666666666,0.13473256601218686,0.14466666666666667,0.12933333333333333,3.470666666666667,1.6259103104637793,0.3526666666666667,0.526,0.12133333333333333,0.874,0.4385432473444613,0.6033333333333334,0.482,4.446666666666666,1.247144814984011,0.348,0.5836666666666667,0.06833333333333333,0.8163333333333334,0.2866379066783241,0.374,0.30566666666666664,3.958666666666667,1.4365275627238951,0.7586666666666666,0.5386109146689981
15,6,5,18,16,1,0.48,0.5066666666666667,0.013333333333333334,0.8133333333333334,0.15472972972972973,0.11466666666666667,0.10133333333333333,3.4106666666666667,1.3779786359901396,0.534,0.412,0.054,0.854,0.3713883016208598,0.43266666666666664,0.37866666666666665,4.062666666666667,1.007613076578594,0.507,0.45933333333333337,0.033666666666666664,0.8336666666666667,0.26305901567529477,0.27366666666666667,0.24,3.736666666666667,1.1927958562843668,0.8133333333333334,0.5363284698017257
18,10,7,22,25,1,0.5646666666666667,0.424,0.011333333333333334,0.8113333333333334,0.07619689817936615,0.04133333333333333,0.03,3.948,1.343167028199566,0.458,0.32866666666666666,0.21333333333333335,0.9286666666666666,0.4516949152542373,0.5846666666666667,0.37133333333333335,6.164666666666666,1.225609756097561,0.5113333333333333,0.3763333333333333,0.11233333333333334,0.87,0.26394590671680174,0.313,0.20066666666666666,5.056333333333333,1.2843883921485635,0.8113333333333334,0.5355058480100271
18,10,6,18,30,1,0.33,0.628,0.042,0.772,0.16214335421016005,0.13666666666666666,0.09466666666666666,3.7933333333333334,1.8330035615354177,0.234,0.32066666666666666,0.44533333333333336,0.7546666666666666,0.43509615384615385,0.7613333333333333,0.316,5.538,1.2908704883227176,0.28200000000000003,0.47433333333333333,0.24366666666666667,0.7633333333333333,0.29861975402815694,0.44899999999999995,0.20533333333333334,4.665666666666667,1.5619370249290676,0.7546666666666666,0.5352072841389648
12,15,5,14,20,2,0.382,0.574,0.044,0.8260000000000001,0.09553695955369595,0.126,0.082,3.1846666666666668,1.8481510621557828,0.5026666666666667,0.22933333333333333,0.268,0.8293333333333333,0.2941712204007286,0.5726666666666667,0.30466666666666664,4.299333333333333,1.2741843159702346,0.44233333333333336,0.4016666666666666,0.156,0.8276666666666667,0.19485408997721226,0.34933333333333333,0.19333333333333333,3.742,1.5611676890630086,0.8260000000000001,0.5333708179954425
18,15,6,22,30,1,0.4086666666666667,0.5513333333333333,0.04,0.8400000000000001,0.18958333333333333,0.14866666666666667,0.10866666666666666,3.9633333333333334,1.6469135802469135,0.31333333333333335,0.21533333333333332,0.4713333333333333,0.7286666666666667,0.47414880201765447,0.7906666666666666,0.31933333333333336,5.639333333333333,1.217457886676876,0.361,0.3833333333333333,0.25566666666666665,0.7843333333333333,0.33186606767549387,0.4696666666666667,0.21400000000000002,4.801333333333333,1.4321857334618948,0.7286666666666667,0.5332565468684322
18,6,5,18,20,1,0.572,0.3893333333333333,0.03866666666666667,0.8280000000000001,0.13384188626907073,0.132,0.09333333333333334,3.374,1.2847740236946028,0.4826666666666667,0.15733333333333333,0.36,0.7573333333333333,0.43125,0.7033333333333334,0.3433333333333333,4.548,1.2597577388963659,0.5273333333333333,0.2733333333333333,0.19933333333333333,0.7926666666666666,0.2825459431345354,0.4176666666666667,0.21833333333333332,3.9610000000000003,1.2722658812954843,0.7573333333333333,0.5305758552935737
18,15,5,14,25,2,0.4746666666666667,0.49933333333333335,0.026,0.8260000000000001,0.1403148528405202,0.102,0.076,3.1146666666666665,1.6955503512880563,0.4013333333333333,0.22333333333333333,0.37533333333333335,0.8233333333333334,0.2529348986125934,0.628,0.25266666666666665,4.4286666666666665,1.16497461928934,0.438,0.36133333333333334,0.2006666666666667,0.8246666666666667,0.1966248757265568,0.365,0.16433333333333333,3.7716666666666665,1.430262485288698,0.8233333333333334,0.530391641811978
18,6,5,14,20,1,0.39,0.58,0.03,0.8200000000000001,0.09621993127147767,0.10666666666666667,0.07666666666666666,3.08,1.7855735120220735,0.346,0.3333333333333333,0.32066666666666666,0.8793333333333333,0.3228655544651619,0.588,0.2673333333333333,4.306,1.199306759098787,0.368,0.45666666666666667,0.17533333333333334,0.8496666666666667,0.20954274286831978,0.3473333333333333,0.172,3.693,1.4924401355604302,0.8200000000000001,0.529808548573664
18,10,5,22,25,1,0.5686666666666667,0.334,0.09733333333333333,0.8313333333333334,0.18906942392909898,0.246,0.14866666666666667,3.7953333333333332,1.2017416545718433,0.398,0.09533333333333334,0.5066666666666667,0.6933333333333334,0.46756756756756757,0.8366666666666667,0.33,4.777333333333333,1.3190348525469167,0.48333333333333334,0.21466666666666667,0.30200000000000005,0.7623333333333333,0.32831849574833327,0.5413333333333333,0.23933333333333334,4.286333333333333,1.26038825355938,0.6933333333333334,0.5294303658163333
18,10,5,14,25,1,0.314,0.6153333333333333,0.07066666666666667,0.7846666666666666,0.11836441893830703,0.18466666666666667,0.114,3.326,1.919617986470354,0.25533333333333336,0.3433333333333333,0.4013333333333333,0.7986666666666666,0.3363028953229399,0.6593333333333333,0.258,4.465333333333334,1.397946084724005,0.2846666666666667,0.4793333333333333,0.236,0.7916666666666666,0.22733365713062345,0.422,0.186,3.895666666666667,1.6587820355971794,0.7846666666666666,0.529000064759458
18,15,5,22,25,1,0.5213333333333333,0.40066666666666667,0.078,0.878,0.19305856832971802,0.24133333333333334,0.16333333333333333,3.7666666666666666,1.3524150268336317,0.47533333333333333,0.092,0.43266666666666664,0.692,0.4512338425381904,0.8033333333333333,0.37066666666666664,4.714666666666667,1.4442724458204332,0.4983333333333333,0.24633333333333335,0.2553333333333333,0.7849999999999999,0.3221462054339542,0.5223333333333333,0.267,4.240666666666667,1.3983437363270323,0.692,0.5288292410867907
12,10,5,14,20,2,0.418,0.5386666666666666,0.043333333333333335,0.8433333333333334,0.09477351916376307,0.116,0.07266666666666667,3.216666666666667,1.701775147928994,0.42133333333333334,0.20066666666666666,0.378,0.8006666666666666,0.3247588424437299,0.6666666666666666,0.2886666666666667,4.488666666666667,1.2373225152129819,0.41966666666666663,0.36966666666666664,0.21066666666666667,0.8220000000000001,0.20976618080374648,0.3913333333333333,0.18066666666666667,3.852666666666667,1.469548831570988,0.8006666666666666,0.5280865694940826
18,10,5,18,25,1,0.4673333333333333,0.4553333333333333,0.07733333333333334,0.8773333333333334,0.16907514450867053,0.218,0.14066666666666666,3.6346666666666665,1.5323076923076924,0.3446666666666667,0.17466666666666666,0.4806666666666667,0.7193333333333333,0.4197689345314506,0.7793333333333333,0.2986666666666667,4.686,1.1508828250401284,0.406,0.315,0.279,0.7983333333333333,0.2944220395200606,0.49866666666666665,0.21966666666666668,4.160333333333333,1.3415952586739104,0.7193333333333333,0.5263010745706788
12,6,6,14,20,2,0.434,0.546,0.02,0.8200000000000001,0.07959183673469387,0.06466666666666666,0.04466666666666667,3.2826666666666666,1.7043343653250775,0.448,0.212,0.34,0.812,0.39090909090909093,0.602,0.262,5.215333333333334,1.4766355140186913,0.441,0.379,0.18000000000000002,0.8160000000000001,0.2352504638218924,0.3333333333333333,0.15333333333333335,4.2490000000000006,1.5904849396718843,0.812,0.5260500927643785
18,15,7,22,25,1,0.5273333333333333,0.46066666666666667,0.012,0.812,0.07894736842105263,0.05,0.038,3.949333333333333,1.3900589721988204,0.508,0.33,0.162,0.892,0.4025457438345266,0.5113333333333333,0.34933333333333333,5.908666666666667,1.2227626459143968,0.5176666666666667,0.3953333333333333,0.08700000000000001,0.8520000000000001,0.2407465561277896,0.2806666666666667,0.19366666666666665,4.929,1.3064108090566084,0.812,0.525299311225558
18,6,7,18,25,1,0.4766666666666667,0.5166666666666667,0.006666666666666667,0.8066666666666666,0.05704697986577181,0.03266666666666666,0.026,3.8506666666666667,1.5825801150369763,0.32,0.47933333333333333,0.20066666666666666,0.92,0.42201834862385323,0.5593333333333333,0.3586666666666667,6.072666666666667,1.1686805219913001,0.3983333333333333,0.498,0.10366666666666666,0.8633333333333333,0.2395326642448125,0.296,0.19233333333333336,4.961666666666667,1.3756303185141383,0.8066666666666666,0.5244898661822959
18,10,6,18,20,1,0.5266666666666666,0.4613333333333333,0.012,0.812,0.12213225371120108,0.056666666666666664,0.04466666666666667,3.4386666666666668,1.4106041923551174,0.5913333333333334,0.24666666666666667,0.162,0.8086666666666666,0.4001591089896579,0.47733333333333333,0.31533333333333335,4.888,1.2599388379204892,0.5589999999999999,0.354,0.08700000000000001,0.8103333333333333,0.2611456813504295,0.267,0.18000000000000002,4.163333333333333,1.3352715151378032,0.8086666666666666,0.5236124696034192
18,10,5,18,20,1,0.538,0.428,0.034,0.8340000000000001,0.13664596273291926,0.14266666666666666,0.10866666666666666,3.3833333333333333,1.4185549380076954,0.5686666666666667,0.15733333333333333,0.274,0.7573333333333333,0.37649219467401285,0.6313333333333333,0.35733333333333334,4.400666666666667,1.3150684931506849,0.5533333333333333,0.29266666666666663,0.15400000000000003,0.7956666666666667,0.25656907870346607,0.387,0.23299999999999998,3.8920000000000003,1.3668117155791901,0.7573333333333333,0.5229804824073598
15,10,5,18,16,1,0.4826666666666667,0.5086666666666667,0.008666666666666666,0.8086666666666666,0.1304640215198386,0.108,0.09933333333333333,3.417333333333333,1.3697211155378486,0.568,0.39066666666666666,0.04133333333333333,0.8320000000000001,0.3386648122392211,0.3933333333333333,0.352,3.9046666666666665,1.0658250676284942,0.5253333333333333,0.44966666666666666,0.025,0.8203333333333334,0.23456441687952986,0.25066666666666665,0.22566666666666665,3.6609999999999996,1.2177730915831715,0.8086666666666666,0.5226962167092394
12,15,7,18,25,2,0.42866666666666664,0.5433333333333333,0.028,0.8280000000000001,0.06310013717421124,0.068,0.04,4.015333333333333,1.6719413353917405,0.41333333333333333,0.22,0.36666666666666664,0.8200000000000001,0.31894736842105265,0.5993333333333334,0.23266666666666666,6.144666666666667,1.4175,0.421,0.38166666666666665,0.19733333333333333,0.8240000000000001,0.19102375279763195,0.33366666666666667,0.13633333333333333,5.08,1.5447206676958702,0.8200000000000001,0.5187047505595264
12,10,6,14,20,2,0.41533333333333333,0.5646666666666667,0.02,0.8200000000000001,0.08775510204081632,0.06733333333333333,0.04733333333333333,3.3426666666666667,1.7668853724430722,0.488,0.21266666666666667,0.29933333333333334,0.8126666666666666,0.33111322549952427,0.5553333333333333,0.256,5.067333333333333,1.3741820345032716,0.45166666666666666,0.38866666666666666,0.15966666666666668,0.8163333333333334,0.2094341637701703,0.31133333333333335,0.15166666666666667,4.205,1.570533703473172,0.8126666666666666,0.5176701660873674
15,15,5,18,20,1,0.3506666666666667,0.6326666666666667,0.016666666666666666,0.7673333333333333,0.12542372881355932,0.11933333333333333,0.10266666666666667,3.37,1.712,0.42333333333333334,0.49333333333333335,0.08333333333333333,0.8833333333333333,0.36654545454545456,0.4866666666666667,0.4033333333333333,4.188,1.1402714932126699,0.387,0.5630000000000001,0.049999999999999996,0.8253333333333333,0.24598459167950693,0.303,0.253,3.779,1.426135746606335,0.7673333333333333,0.5162635850025681
18,10,6,22,30,1,0.44266666666666665,0.5026666666666667,0.05466666666666667,0.8546666666666667,0.19322990126939352,0.154,0.09933333333333333,4.064666666666667,1.561185057964792,0.298,0.18333333333333332,0.5186666666666667,0.6813333333333332,0.4986149584487535,0.8413333333333334,0.32266666666666666,5.742,1.1583403895004234,0.3703333333333333,0.343,0.2866666666666667,0.768,0.3459224298590735,0.4976666666666667,0.211,4.903333333333333,1.3597627237326075,0.6813333333333332,0.5161511526384813
18,6,6,18,30,1,0.3466666666666667,0.6093333333333333,0.044,0.7906666666666666,0.16666666666666666,0.158,0.114,3.9513333333333334,1.8160164271047228,0.206,0.3,0.494,0.706,0.4440052700922266,0.786,0.292,5.573333333333333,1.25635103926097,0.2763333333333333,0.45466666666666666,0.269,0.7483333333333333,0.30533596837944665,0.47200000000000003,0.20299999999999999,4.762333333333333,1.5361837331828463,0.706,0.5153171936758892
12,6,5,14,20,2,0.44266666666666665,0.5033333333333333,0.054,0.8540000000000001,0.09372797744890768,0.116,0.062,3.204,1.6948453608247422,0.36666666666666664,0.198,0.43533333333333335,0.7646666666666666,0.358913813459268,0.7113333333333334,0.276,4.564666666666667,1.301518438177874,0.4046666666666666,0.3506666666666667,0.24466666666666667,0.8093333333333333,0.22632089545408784,0.4136666666666667,0.169,3.884333333333333,1.498181899501308,0.7646666666666666,0.5149975124241509
18,10,7,18,25,1,0.438,0.556,0.006,0.806,0.06438631790744467,0.037333333333333336,0.03133333333333333,3.763333333333333,1.6598802395209582,0.356,0.47,0.174,0.9299999999999999,0.3962873284907183,0.492,0.318,5.897333333333333,1.1659574468085108,0.397,0.513,0.09,0.868,0.2303368231990815,0.26466666666666666,0.17466666666666666,4.830333333333333,1.4129188431647344,0.806,0.5149673646398163
18,10,5,14,20,1,0.36466666666666664,0.6113333333333333,0.024,0.7886666666666666,0.10724043715846994,0.112,0.088,3.098,1.838746656476882,0.4573333333333333,0.30333333333333334,0.23933333333333334,0.9033333333333333,0.32427695004382123,0.536,0.2966666666666667,4.218666666666667,1.114422565194252,0.411,0.4573333333333333,0.13166666666666668,0.846,0.21575869360114558,0.324,0.19233333333333336,3.658333333333333,1.476584610835567,0.7886666666666666,0.5149350720535625
18,6,5,14,16,1,0.458,0.52,0.022,0.8220000000000001,0.11929107021131562,0.10066666666666667,0.07866666666666666,3.15,1.628367670364501,0.5353333333333333,0.292,0.17266666666666666,0.8646666666666667,0.24979854955680902,0.43066666666666664,0.258,3.9286666666666665,1.1043129388164494,0.4966666666666667,0.406,0.09733333333333333,0.8433333333333334,0.18454480988406233,0.26566666666666666,0.16833333333333333,3.5393333333333334,1.3663403045904752,0.8220000000000001,0.5130089619768126
18,15,5,18,20,1,0.5053333333333333,0.462,0.03266666666666666,0.8326666666666667,0.12749827705031014,0.13533333333333333,0.10266666666666667,3.3593333333333333,1.4708265802269045,0.63,0.16066666666666668,0.20933333333333334,0.7606666666666666,0.33389544688026984,0.5486666666666666,0.3393333333333333,4.177333333333333,1.2792389479574706,0.5676666666666667,0.31133333333333335,0.121,0.7966666666666666,0.23069686196529,0.34199999999999997,0.221,3.7683333333333335,1.3750327640921876,0.7606666666666666,0.5109227057263913
12,15,6,18,25,2,0.43,0.526,0.044,0.844,0.14156206415620642,0.13466666666666666,0.09066666666666667,3.917333333333333,1.6750298685782559,0.4053333333333333,0.13333333333333333,0.4613333333333333,0.7333333333333334,0.375,0.7326666666666667,0.2713333333333333,5.522,1.5184615384615383,0.41766666666666663,0.32966666666666666,0.25266666666666665,0.7886666666666666,0.2582810320781032,0.43366666666666664,0.181,4.719666666666667,1.596745703519897,0.7333333333333334,0.5105228730822873
12,6,5,14,16,2,0.5226666666666666,0.44866666666666666,0.028666666666666667,0.8286666666666667,0.12422786547700755,0.102,0.07333333333333333,3.368,1.4206730769230769,0.5733333333333334,0.17,0.25666666666666665,0.77,0.32645739910313903,0.572,0.31533333333333335,4.258,1.3781902552204177,0.548,0.30933333333333335,0.14266666666666666,0.7993333333333333,0.22534263229007329,0.33699999999999997,0.19433333333333336,3.8129999999999997,1.3994316660717474,0.77,0.5097685264580146
18,6,7,18,30,1,0.3413333333333333,0.648,0.010666666666666666,0.752,0.08423180592991913,0.048666666666666664,0.038,4.007333333333333,1.8328125,0.21266666666666667,0.5093333333333333,0.278,0.8126666666666666,0.42843951985226225,0.6413333333333333,0.36333333333333334,6.244666666666666,1.2927474854420329,0.277,0.5786666666666667,0.14433333333333334,0.7823333333333333,0.25633566289109067,0.345,0.20066666666666666,5.1259999999999994,1.5627799927210164,0.752,0.5091171325782181
12,15,5,14,25,2,0.29,0.6333333333333333,0.07666666666666666,0.7666666666666666,0.09169675090252707,0.2,0.12333333333333334,3.3866666666666667,2.010873786407767,0.2906666666666667,0.25,0.4593333333333333,0.7406666666666667,0.29839704069050554,0.7273333333333334,0.268,4.586,1.1503267973856208,0.29033333333333333,0.44166666666666665,0.268,0.7536666666666667,0.1950468957965163,0.46366666666666667,0.19566666666666668,3.9863333333333335,1.580600291896694,0.7406666666666667,0.5082427124926366
18,15,7,18,25,1,0.406,0.584,0.01,0.81,0.06801346801346801,0.037333333333333336,0.027333333333333334,3.7213333333333334,1.6981132075471697,0.406,0.46066666666666667,0.13333333333333333,0.9333333333333333,0.3546153846153846,0.44,0.30666666666666664,5.676,1.1325411334552102,0.406,0.5223333333333333,0.07166666666666667,0.8716666666666667,0.21131442631442632,0.23866666666666667,0.16699999999999998,4.698666666666667,1.41532717050119,0.81,0.5081128852628852
15,6,5,22,16,1,0.6093333333333333,0.37733333333333335,0.013333333333333334,0.7906666666666666,0.15743243243243243,0.122,0.10866666666666666,3.4726666666666666,1.1730013106159893,0.662,0.28,0.058,0.738,0.3913658881811748,0.472,0.414,4.139333333333333,1.0746268656716418,0.6356666666666666,0.32866666666666666,0.035666666666666666,0.7643333333333333,0.2743991603068036,0.297,0.2613333333333333,3.806,1.1238140881438157,0.738,0.5076298320613607
15,6,5,22,30,1,0.19133333333333333,0.7773333333333333,0.03133333333333333,0.6226666666666667,0.1520991052993806,0.22,0.18866666666666668,3.755333333333333,1.882704519985058,0.16733333333333333,0.4533333333333333,0.37933333333333336,0.7673333333333333,0.5005370569280344,0.8573333333333333,0.478,4.832666666666666,1.4651162790697674,0.17933333333333334,0.6153333333333333,0.20533333333333334,0.6950000000000001,0.3263180811137075,0.5386666666666666,0.3333333333333333,4.294,1.6739103995274127,0.6226666666666667,0.5073969495560748
15,10,5,22,30,1,0.204,0.764,0.032,0.6359999999999999,0.1446280991735537,0.19333333333333333,0.16133333333333333,3.6886666666666668,1.8995197635759142,0.16866666666666666,0.4886666666666667,0.3426666666666667,0.7686666666666666,0.49594320486815413,0.8293333333333334,0.4866666666666667,4.798,1.3977066988533495,0.18633333333333332,0.6263333333333334,0.18733333333333335,0.7023333333333333,0.3202856520208539,0.5113333333333333,0.324,4.243333333333333,1.648613231214632,0.6359999999999999,0.5073571304041707
18,15,6,18,30,1,0.2846666666666667,0.682,0.03333333333333333,0.718,0.15379310344827588,0.12466666666666666,0.09133333333333334,3.708,1.9504573170731707,0.25933333333333336,0.3333333333333333,0.4073333333333333,0.7926666666666666,0.39932508436445446,0.7126666666666667,0.30533333333333335,5.446,1.2335718932986337,0.272,0.5076666666666667,0.22033333333333333,0.7553333333333333,0.2765590939063652,0.4186666666666667,0.19833333333333333,4.577,1.592014605185902,0.718,0.506861818781273
18,6,5,14,25,1,0.3373333333333333,0.5853333333333334,0.07733333333333334,0.8146666666666667,0.12355491329479769,0.19666666666666666,0.11933333333333333,3.3946666666666667,1.8824013157894741,0.188,0.35,0.462,0.738,0.3246592317224288,0.6893333333333334,0.22733333333333333,4.474666666666667,1.4619718309859155,0.26266666666666666,0.4676666666666667,0.26966666666666667,0.7763333333333333,0.22410707250861323,0.443,0.17333333333333334,3.9346666666666668,1.6721865733876948,0.738,0.5062714145017226
12,15,6,14,20,2,0.3873333333333333,0.5966666666666667,0.016,0.8033333333333333,0.09349593495934959,0.064,0.048,3.276666666666667,1.819281663516068,0.534,0.25,0.216,0.85,0.32142857142857145,0.462,0.246,4.838,1.370253164556962,0.46066666666666667,0.42333333333333334,0.11599999999999999,0.8266666666666667,0.20746225319396053,0.263,0.147,4.057333333333333,1.594767414036515,0.8033333333333333,0.5046591173054588
15,10,5,22,16,1,0.6166666666666667,0.37466666666666665,0.008666666666666666,0.7833333333333333,0.15198386012104909,0.116,0.10733333333333334,3.457333333333333,1.0974358974358973,0.6553333333333333,0.29733333333333334,0.04733333333333333,0.7446666666666667,0.3617914625612316,0.44133333333333336,0.394,3.9913333333333334,1.107308048103608,0.636,0.33599999999999997,0.027999999999999997,0.764,0.2568876613411404,0.2786666666666667,0.2506666666666667,3.724333333333333,1.1023719727697525,0.7446666666666667,0.5031108656015615
18,10,6,14,25,2,0.5366666666666666,0.45466666666666666,0.008666666666666666,0.8086666666666666,0.1378614660390047,0.032,0.023333333333333334,3.284,1.5918367346938778,0.37333333333333335,0.232,0.39466666666666667,0.8053333333333333,0.25,0.58,0.18533333333333332,5.1433333333333335,1.207523510971787,0.45499999999999996,0.3433333333333333,0.20166666666666666,0.8069999999999999,0.19393073301950237,0.306,0.10433333333333333,4.213666666666667,1.3996801228328324,0.8053333333333333,0.5030028132705672
18,6,5,22,25,1,0.592,0.3253333333333333,0.08266666666666667,0.808,0.19622093023255813,0.236,0.15333333333333332,3.796666666666667,1.297977306364085,0.346,0.07866666666666666,0.5753333333333334,0.6246666666666666,0.5133437990580848,0.8846666666666667,0.30933333333333335,4.850666666666666,1.3099897013388262,0.469,0.20199999999999999,0.329,0.7163333333333333,0.3547823646453215,0.5603333333333333,0.23133333333333334,4.323666666666666,1.3039835038514556,0.6246666666666666,0.5020398062623976
15,10,6,22,20,1,0.46266666666666667,0.5373333333333333,0.0,0.8,0.15733333333333333,0.027333333333333334,0.027333333333333334,3.546,1.4100486223662885,0.406,0.5793333333333334,0.014666666666666666,0.8146666666666667,0.439106901217862,0.26066666666666666,0.246,4.700666666666667,1.160483534806169,0.43433333333333335,0.5583333333333333,0.007333333333333333,0.8073333333333333,0.29822011727559766,0.144,0.13666666666666666,4.123333333333333,1.2852660785862287,0.8,0.5017440234551196
15,15,5,14,25,2,0.44866666666666666,0.5006666666666667,0.050666666666666665,0.8506666666666667,0.13904494382022473,0.13066666666666665,0.08,3.27,1.753246753246753,0.37,0.16133333333333333,0.4686666666666667,0.7313333333333333,0.3161856963613551,0.7306666666666667,0.262,4.613333333333333,1.2331288343558284,0.4093333333333333,0.331,0.25966666666666666,0.7909999999999999,0.22761532009078989,0.43066666666666664,0.171,3.9416666666666664,1.4931877938012907,0.7313333333333333,0.5014397306848246
18,15,6,14,30,2,0.4493333333333333,0.5393333333333333,0.011333333333333334,0.8113333333333334,0.13081591368846932,0.058666666666666666,0.04733333333333333,3.2506666666666666,1.8311840562719812,0.31733333333333336,0.27266666666666667,0.41,0.79,0.23502824858757063,0.614,0.204,5.160666666666667,1.386052303860523,0.3833333333333333,0.406,0.21066666666666667,0.8006666666666666,0.18292208113801997,0.3363333333333333,0.12566666666666665,4.205666666666667,1.608618180066252,0.79,0.500884416227604
18,15,6,14,25,2,0.492,0.502,0.006,0.806,0.1381623071763917,0.04066666666666666,0.034666666666666665,3.228666666666667,1.7115987460815048,0.456,0.25466666666666665,0.28933333333333333,0.8546666666666667,0.24859287054409004,0.5013333333333333,0.212,4.896,1.188248095756257,0.474,0.3783333333333333,0.14766666666666667,0.8303333333333334,0.19337758886024087,0.27099999999999996,0.12333333333333332,4.062333333333333,1.4499234209188807,0.806,0.5008255177720482
15,15,6,14,25,2,0.468,0.518,0.014,0.8140000000000001,0.12035158891142664,0.06,0.046,3.3766666666666665,1.7504888541259287,0.466,0.16533333333333333,0.36866666666666664,0.7653333333333333,0.33157338965153116,0.6146666666666667,0.246,5.241333333333333,1.4198473282442747,0.467,0.3416666666666667,0.19133333333333333,0.7896666666666667,0.22596248928147888,0.3373333333333334,0.146,4.309,1.5851680911851016,0.7653333333333333,0.5003591645229625
18,6,6,14,25,1,0.32266666666666666,0.6586666666666666,0.018666666666666668,0.7413333333333334,0.13858695652173914,0.096,0.07733333333333334,3.498666666666667,1.90193842645382,0.20733333333333334,0.5166666666666667,0.276,0.8073333333333333,0.36464088397790057,0.5773333333333334,0.30133333333333334,5.024,1.463265306122449,0.265,0.5876666666666667,0.14733333333333334,0.7743333333333333,0.2516139202498199,0.33666666666666667,0.18933333333333335,4.261333333333333,1.6826018662881346,0.7413333333333334,0.49988945071663066
15,15,5,22,30,1,0.19866666666666666,0.7673333333333333,0.034,0.6326666666666667,0.15527950310559005,0.196,0.162,3.642,1.9467965530161109,0.17733333333333334,0.49666666666666665,0.326,0.7773333333333333,0.47279920870425324,0.788,0.462,4.734,1.4059171597633136,0.188,0.632,0.18,0.7050000000000001,0.31403935590492166,0.492,0.312,4.188,1.6763568563897122,0.6326666666666667,0.4997412045143177
18,6,6,22,20,1,0.6893333333333334,0.298,0.012666666666666666,0.7106666666666667,0.15597569209993248,0.06866666666666667,0.056,3.582,1.291497975708502,0.662,0.11933333333333333,0.21866666666666668,0.7193333333333334,0.4496587030716723,0.6046666666666667,0.386,5.210666666666667,1.394809497515185,0.6756666666666666,0.20866666666666667,0.11566666666666667,0.7150000000000001,0.3028171975858024,0.33666666666666667,0.221,4.396333333333333,1.3431537366118436,0.7106666666666667,0.4995467728504938
18,6,5,18,25,1,0.4826666666666667,0.42933333333333334,0.088,0.888,0.17105263157894737,0.22933333333333333,0.14133333333333334,3.678,1.4779816513761468,0.2806666666666667,0.17333333333333334,0.546,0.6539999999999999,0.447870778267254,0.8226666666666667,0.27666666666666667,4.744666666666666,1.0773480662983426,0.3816666666666667,0.30133333333333334,0.317,0.7709999999999999,0.3094617049231007,0.526,0.20900000000000002,4.211333333333333,1.2776648588372446,0.6539999999999999,0.49914234098462007
12,15,5,18,25,2,0.39866666666666667,0.506,0.09533333333333334,0.894,0.1296978629329403,0.24866666666666667,0.15333333333333332,3.724,1.6875,0.36666666666666664,0.10266666666666667,0.5306666666666666,0.6693333333333333,0.37073863636363635,0.8226666666666667,0.292,4.771333333333334,1.4226244343891403,0.38266666666666665,0.30433333333333334,0.313,0.7816666666666667,0.2502182496482883,0.5356666666666666,0.22266666666666665,4.247666666666667,1.5550622171945703,0.6693333333333333,0.4984603165963243
18,15,5,18,30,1,0.30133333333333334,0.5973333333333334,0.10133333333333333,0.8026666666666666,0.14836795252225518,0.25533333333333336,0.154,3.5866666666666664,1.931234465617233,0.25933333333333336,0.20133333333333334,0.5393333333333333,0.6606666666666666,0.4081041968162084,0.8146666666666667,0.2753333333333333,4.729333333333333,1.1783876500857633,0.2803333333333333,0.3993333333333334,0.32033333333333336,0.7316666666666667,0.2782360746692318,0.535,0.21466666666666667,4.1579999999999995,1.5548110578514982,0.6606666666666666,0.49843054826717964
18,6,5,14,20,2,0.5253333333333333,0.4673333333333333,0.007333333333333333,0.8073333333333333,0.08059100067159167,0.024666666666666667,0.017333333333333333,2.934,1.5874652915509717,0.3993333333333333,0.21266666666666667,0.388,0.8119999999999999,0.2374727668845316,0.5926666666666667,0.20466666666666666,4.390666666666666,1.1863979848866497,0.4623333333333333,0.33999999999999997,0.19766666666666668,0.8096666666666666,0.15903188377806163,0.30866666666666664,0.111,3.662333333333333,1.3869316382188108,0.8073333333333333,0.498423043422279
18,6,6,22,30,1,0.45866666666666667,0.48933333333333334,0.052,0.852,0.19760900140646975,0.16466666666666666,0.11266666666666666,4.134,1.5598386373823396,0.276,0.16266666666666665,0.5613333333333334,0.6386666666666666,0.5030395136778115,0.8626666666666667,0.30133333333333334,5.772,1.2056603773584904,0.36733333333333335,0.326,0.3066666666666667,0.7453333333333333,0.35032425754214064,0.5136666666666667,0.20700000000000002,4.953,1.382749507370415,0.6386666666666666,0.49749818484176145
18,6,5,22,20,1,0.708,0.25466666666666665,0.037333333333333336,0.692,0.15096952908587258,0.14,0.10266666666666667,3.4713333333333334,1.389413988657845,0.5626666666666666,0.06666666666666667,0.37066666666666664,0.6666666666666667,0.4586864406779661,0.7486666666666667,0.378,4.634666666666667,1.4320113314447591,0.6353333333333333,0.16066666666666665,0.204,0.6793333333333333,0.3048279848819193,0.44433333333333336,0.24033333333333334,4.053,1.410712660051302,0.6666666666666667,0.4969989303097172
18,15,5,22,30,1,0.39266666666666666,0.48,0.12733333333333333,0.92,0.17188693659281895,0.30133333333333334,0.174,3.8333333333333335,1.6849315068493151,0.308,0.10533333333333333,0.5866666666666667,0.6133333333333333,0.4774193548387097,0.89,0.30333333333333334,4.854,1.358841778697001,0.35033333333333333,0.29266666666666663,0.357,0.7666666666666666,0.3246531457157643,0.5956666666666667,0.23866666666666667,4.343666666666667,1.521886642773158,0.6133333333333333,0.49674729580981947
18,6,7,18,20,1,0.5306666666666666,0.4653333333333333,0.004,0.804,0.049531459170013385,0.018,0.014,3.4846666666666666,1.4363784665579118,0.538,0.36666666666666664,0.09533333333333334,0.862,0.367722918201916,0.384,0.2886666666666667,5.503333333333333,1.3012048192771084,0.5343333333333333,0.416,0.04966666666666667,0.833,0.2086271886859647,0.201,0.15133333333333335,4.494,1.3687916429175102,0.804,0.496575437737193
12,10,5,14,16,2,0.5046666666666667,0.466,0.029333333333333333,0.8293333333333333,0.12087912087912088,0.098,0.06866666666666667,3.354,1.4665605095541399,0.6153333333333333,0.17133333333333334,0.21333333333333335,0.7713333333333334,0.27288135593220336,0.49866666666666665,0.2853333333333333,4.067333333333333,1.3295838020247468,0.56,0.31866666666666665,0.12133333333333333,0.8003333333333333,0.19688023840566213,0.29833333333333334,0.177,3.7106666666666666,1.3980721557894433,0.7713333333333334,0.4963427143477992
12,15,5,22,25,2,0.506,0.3913333333333333,0.10266666666666667,0.894,0.15601783060921248,0.2653333333333333,0.16266666666666665,3.8526666666666665,1.3886925795053005,0.3933333333333333,0.05,0.5566666666666666,0.6433333333333333,0.4,0.8533333333333334,0.2966666666666667,4.822,1.516417910447761,0.44966666666666666,0.22066666666666665,0.32966666666666666,0.7686666666666666,0.27800891530460625,0.5593333333333333,0.22966666666666669,4.3373333333333335,1.4525552449765309,0.6433333333333333,0.49561844972758784
18,10,5,22,20,1,0.6713333333333333,0.2886666666666667,0.04,0.7286666666666667,0.14791666666666667,0.152,0.112,3.4846666666666666,1.2813512262841276,0.6313333333333333,0.082,0.2866666666666667,0.682,0.40186915887850466,0.6686666666666666,0.382,4.461333333333333,1.4273127753303962,0.6513333333333333,0.18533333333333335,0.16333333333333333,0.7053333333333334,0.27489291277258565,0.4103333333333333,0.247,3.973,1.354332000807262,0.682,0.49457858255451714
12,15,6,14,25,2,0.306,0.662,0.032,0.738,0.11363636363636363,0.10733333333333334,0.07533333333333334,3.586,1.9925622908144291,0.32,0.2773333333333333,0.4026666666666667,0.7973333333333333,0.328125,0.6526666666666666,0.25,5.278,1.2023968042609854,0.313,0.4696666666666667,0.21733333333333332,0.7676666666666667,0.22088068181818182,0.38,0.16266666666666668,4.4319999999999995,1.5974795475377073,0.738,0.49457613636363634
15,15,6,22,20,1,0.4826666666666667,0.5173333333333333,0.0,0.8,0.15466666666666667,0.028666666666666667,0.028666666666666667,3.5206666666666666,1.3495222929936304,0.45,0.538,0.012,0.812,0.4089068825910931,0.23066666666666666,0.21866666666666668,4.510666666666666,1.0863579474342928,0.4663333333333334,0.5276666666666667,0.006,0.806,0.2817867746288799,0.12966666666666665,0.12366666666666667,4.015666666666666,1.2179401202139615,0.8,0.49435735492577604
18,10,7,18,30,1,0.3233333333333333,0.6666666666666666,0.01,0.7333333333333334,0.07474747474747474,0.05,0.04,3.846,1.8459787556904397,0.21466666666666667,0.5273333333333333,0.258,0.8146666666666667,0.4195867026055705,0.602,0.344,6.184,1.3578456758156396,0.269,0.597,0.134,0.774,0.24716708867652262,0.326,0.19199999999999998,5.015000000000001,1.6019122157530397,0.7333333333333334,0.4938000844019712
18,15,5,14,25,1,0.262,0.6786666666666666,0.059333333333333335,0.7213333333333334,0.111268603827073,0.162,0.10266666666666667,3.1446666666666667,2.049618320610687,0.316,0.35533333333333333,0.32866666666666666,0.8713333333333333,0.33664349553128103,0.6206666666666667,0.292,4.362,1.2267275842375784,0.28900000000000003,0.517,0.194,0.7963333333333333,0.223956049679177,0.39133333333333337,0.19733333333333333,3.7533333333333334,1.6381729524241329,0.7213333333333334,0.4937578766025021
12,6,7,14,20,2,0.44866666666666666,0.5473333333333333,0.004,0.804,0.03279785809906292,0.022,0.018,3.2866666666666666,1.6933797909407666,0.442,0.288,0.27,0.888,0.3095890410958904,0.494,0.224,5.758666666666667,1.3991179713340685,0.44533333333333336,0.41766666666666663,0.137,0.8460000000000001,0.17119344959747668,0.258,0.121,4.522666666666667,1.5462488811374175,0.804,0.4930886899194954
18,6,6,14,20,1,0.3546666666666667,0.6306666666666667,0.014666666666666666,0.7693333333333333,0.11366711772665765,0.05466666666666667,0.04,3.16,1.8904109589041098,0.40066666666666667,0.442,0.15733333333333333,0.9573333333333334,0.3401898734177215,0.4493333333333333,0.292,4.716666666666667,1.2121212121212122,0.3776666666666667,0.5363333333333333,0.086,0.8633333333333333,0.22692849557218958,0.252,0.16599999999999998,3.9383333333333335,1.551266085512661,0.7693333333333333,0.49275236578110454
15,6,5,18,25,1,0.20666666666666667,0.7713333333333333,0.022,0.6286666666666667,0.15132924335378323,0.184,0.162,3.5993333333333335,1.8659755646057015,0.198,0.58,0.222,0.798,0.46186803770351326,0.708,0.486,4.610666666666667,1.440362355309512,0.20233333333333334,0.6756666666666666,0.122,0.7133333333333334,0.30659864052864827,0.44599999999999995,0.324,4.105,1.6531689599576067,0.6286666666666667,0.491153061439063
12,6,5,18,20,2,0.6053333333333333,0.348,0.04666666666666667,0.7946666666666666,0.13216783216783218,0.12133333333333333,0.07466666666666667,3.3946666666666667,1.2337198929527207,0.446,0.076,0.478,0.676,0.4163473818646232,0.796,0.318,4.718666666666667,1.458086367485182,0.5256666666666666,0.212,0.2623333333333333,0.7353333333333334,0.2742576070162277,0.45866666666666667,0.19633333333333333,4.056666666666667,1.3459031302189515,0.676,0.4911015214032456
15,10,5,18,25,1,0.21666666666666667,0.7633333333333333,0.02,0.6366666666666667,0.1360544217687075,0.176,0.156,3.5533333333333332,1.9114064230343302,0.22733333333333333,0.5746666666666667,0.198,0.8253333333333334,0.46467165419783873,0.6806666666666666,0.4826666666666667,4.5713333333333335,1.3196480938416424,0.222,0.669,0.109,0.7310000000000001,0.30036303798327313,0.42833333333333334,0.31933333333333336,4.062333333333333,1.6155272584379863,0.6366666666666667,0.49055594092998794
18,6,6,14,16,1,0.4646666666666667,0.5293333333333333,0.006,0.806,0.12743125419181758,0.04133333333333333,0.035333333333333335,3.216666666666667,1.6133072407045013,0.566,0.362,0.072,0.8340000000000001,0.2959770114942529,0.298,0.226,4.217333333333333,1.0473214285714287,0.5153333333333333,0.44566666666666666,0.039,0.8200000000000001,0.21170413284303524,0.16966666666666666,0.13066666666666668,3.717,1.330314334637965,0.806,0.49039082656860705
18,10,5,14,20,2,0.4786666666666667,0.5126666666666667,0.008666666666666666,0.8086666666666666,0.0773369199731002,0.034666666666666665,0.026,2.9266666666666667,1.6833205226748653,0.5006666666666667,0.18533333333333332,0.314,0.7853333333333333,0.24392614188532555,0.55,0.236,4.259333333333333,1.2644776119402985,0.4896666666666667,0.34900000000000003,0.16133333333333333,0.7969999999999999,0.16063153092921287,0.29233333333333333,0.131,3.593,1.473899067307582,0.7853333333333333,0.4882929728525092
12,15,6,22,25,2,0.5353333333333333,0.41933333333333334,0.04533333333333334,0.8453333333333334,0.164804469273743,0.142,0.09666666666666666,4.092,1.3731594446781659,0.44066666666666665,0.07066666666666667,0.4886666666666667,0.6706666666666666,0.4015645371577575,0.76,0.2713333333333333,5.610666666666667,1.6323165704863973,0.488,0.245,0.267,0.758,0.2831845032157502,0.451,0.184,4.851333333333333,1.5027380075822816,0.6706666666666666,0.48722023397648334
18,10,5,14,16,1,0.44666666666666666,0.53,0.023333333333333334,0.8233333333333334,0.11399317406143344,0.09,0.06666666666666667,3.1393333333333335,1.6164817749603804,0.616,0.254,0.13,0.784,0.24904214559386972,0.37733333333333335,0.24733333333333332,3.736,1.1101190476190477,0.5313333333333333,0.392,0.07666666666666667,0.8036666666666668,0.18151765982765158,0.2336666666666667,0.157,3.437666666666667,1.363300411289714,0.784,0.4869035319655304
15,6,6,22,20,1,0.5066666666666667,0.49333333333333335,0.0,0.8,0.13933333333333334,0.03,0.03,3.5393333333333334,1.3465263157894736,0.332,0.6506666666666666,0.017333333333333333,0.7493333333333334,0.4531886024423338,0.33066666666666666,0.31333333333333335,4.915333333333334,1.234008097165992,0.41933333333333334,0.572,0.008666666666666666,0.7746666666666667,0.29626096788783357,0.18033333333333335,0.1716666666666667,4.227333333333334,1.2902672064777327,0.7493333333333334,0.48671886024423344
12,10,5,18,20,2,0.5826666666666667,0.36866666666666664,0.048666666666666664,0.8173333333333332,0.12403644008409251,0.134,0.08533333333333333,3.4433333333333334,1.2583586626139818,0.5026666666666667,0.08266666666666667,0.4146666666666667,0.6826666666666666,0.3678815489749431,0.738,0.3233333333333333,4.622,1.4266365688487581,0.5426666666666666,0.22566666666666665,0.2316666666666667,0.75,0.2459589945295178,0.436,0.2043333333333333,4.032666666666667,1.34249761573137,0.6826666666666666,0.48657513223923693
18,15,5,14,20,1,0.33,0.642,0.028,0.758,0.09259259259259259,0.10466666666666667,0.07666666666666666,3.028,1.930748964998118,0.5093333333333333,0.31333333333333335,0.17733333333333334,0.8906666666666667,0.2860615883306321,0.462,0.2846666666666667,3.99,1.0446562970396387,0.41966666666666663,0.4776666666666667,0.10266666666666667,0.8243333333333334,0.18932709046161234,0.2833333333333333,0.18066666666666667,3.5090000000000003,1.4877026310188783,0.758,0.48646541809232247
15,15,5,18,25,2,0.6066666666666667,0.352,0.04133333333333333,0.7933333333333333,0.20097357440890126,0.13066666666666665,0.08933333333333333,3.532,1.2991014120667523,0.43666666666666665,0.062,0.5013333333333333,0.662,0.3716577540106952,0.7946666666666666,0.29333333333333333,4.732666666666667,1.5533807829181496,0.5216666666666667,0.207,0.2713333333333333,0.7276666666666667,0.2863156642097982,0.46266666666666667,0.19133333333333333,4.132333333333333,1.426241097492451,0.662,0.4863631328419597
12,10,6,14,25,2,0.304,0.662,0.034,0.738,0.11249137336093858,0.10733333333333334,0.07333333333333333,3.6486666666666667,1.9842519685039368,0.2806666666666667,0.23133333333333334,0.488,0.712,0.34765625,0.7133333333333334,0.22533333333333333,5.425333333333334,1.28079571537873,0.29233333333333333,0.44666666666666666,0.261,0.725,0.23007381168046928,0.4103333333333333,0.14933333333333332,4.537,1.6325238419413335,0.712,0.4859647623360938
12,15,5,18,20,2,0.53,0.4226666666666667,0.04733333333333333,0.8473333333333333,0.11756473058082575,0.14133333333333334,0.094,3.406,1.4149772445179976,0.5906666666666667,0.09466666666666666,0.31466666666666665,0.6946666666666667,0.3472762645914397,0.6526666666666666,0.338,4.456,1.4580896686159843,0.5603333333333333,0.25866666666666666,0.181,0.7709999999999999,0.2324204975861327,0.39699999999999996,0.21600000000000003,3.931,1.436533456566991,0.6946666666666667,0.48576743285055984
18,10,6,22,20,1,0.678,0.30866666666666664,0.013333333333333334,0.722,0.14324324324324325,0.06333333333333334,0.05,3.5446666666666666,1.2657718120805368,0.6893333333333334,0.132,0.17866666666666667,0.7106666666666667,0.43506493506493504,0.5166666666666667,0.338,5.004666666666667,1.3326180257510731,0.6836666666666666,0.22033333333333333,0.096,0.7163333333333333,0.28915408915408913,0.29000000000000004,0.194,4.274666666666667,1.299194918915805,0.7106666666666667,0.48576415116415117
12,6,6,14,16,2,0.544,0.448,0.008,0.808,0.1256720430107527,0.04733333333333333,0.03933333333333333,3.436,1.35423197492163,0.64,0.18133333333333335,0.17866666666666667,0.76,0.3465909090909091,0.43533333333333335,0.25666666666666665,4.735333333333333,1.4716386554621852,0.5920000000000001,0.31466666666666665,0.09333333333333334,0.784,0.2361314760508309,0.24133333333333334,0.148,4.085666666666667,1.4129353151919077,0.76,0.4856262952101662
18,6,6,14,20,2,0.514,0.484,0.002,0.802,0.06613226452905811,0.012666666666666666,0.010666666666666666,2.92,1.6284708642940948,0.506,0.218,0.276,0.818,0.2532228360957643,0.47,0.194,4.883333333333334,1.3312,0.51,0.351,0.139,0.81,0.1596775503124112,0.24133333333333332,0.10233333333333333,3.901666666666667,1.4798354321470475,0.802,0.48448551006248225
18,15,7,14,30,2,0.452,0.5446666666666666,0.0033333333333333335,0.8033333333333333,0.04147157190635452,0.012666666666666666,0.009333333333333334,3.268,1.8348837209302324,0.3233333333333333,0.28733333333333333,0.3893333333333333,0.8106666666666666,0.212882096069869,0.5646666666666667,0.17533333333333334,5.814666666666667,1.3352402745995426,0.38766666666666666,0.416,0.19633333333333333,0.8069999999999999,0.12717683398811175,0.2886666666666667,0.09233333333333334,4.541333333333333,1.5850619977648877,0.8033333333333333,0.484252033464289
15,10,5,14,20,2,0.5086666666666667,0.48133333333333334,0.01,0.81,0.08821548821548822,0.043333333333333335,0.03333333333333333,3.0073333333333334,1.6114151681000783,0.49,0.14666666666666667,0.36333333333333334,0.7466666666666667,0.2848167539267016,0.6293333333333333,0.266,4.440666666666667,1.4126880313930672,0.49933333333333335,0.314,0.18666666666666668,0.7783333333333333,0.1865161210710949,0.3363333333333333,0.14966666666666667,3.724,1.5120515997465729,0.7466666666666667,0.48353655754755237
12,10,7,18,25,2,0.444,0.5386666666666666,0.017333333333333333,0.8173333333333334,0.05088195386702849,0.050666666666666665,0.03333333333333333,3.9513333333333334,1.66732830488289,0.36733333333333335,0.166,0.4666666666666667,0.7333333333333333,0.35125,0.698,0.23133333333333334,6.404,1.5355029585798816,0.4056666666666667,0.35233333333333333,0.242,0.7753333333333333,0.20106597693351425,0.3743333333333333,0.13233333333333333,5.177666666666667,1.6014156317313857,0.7333333333333333,0.48287986205336947
12,15,7,22,25,2,0.5086666666666667,0.458,0.03333333333333333,0.8333333333333333,0.0703448275862069,0.076,0.042666666666666665,4.149333333333334,1.4541062801932365,0.4653333333333333,0.13266666666666665,0.402,0.7326666666666667,0.34782608695652173,0.6393333333333333,0.23733333333333334,6.301333333333333,1.505084745762712,0.487,0.29533333333333334,0.21766666666666667,0.7829999999999999,0.20908545727136432,0.35766666666666663,0.14,5.225333333333333,1.479595512977974,0.7326666666666667,0.4828004247876062
18,10,6,14,20,2,0.47333333333333333,0.5213333333333333,0.005333333333333333,0.8053333333333333,0.07171581769436998,0.013333333333333334,0.008,2.9306666666666668,1.701254275940707,0.566,0.20466666666666666,0.22933333333333333,0.8046666666666666,0.24826989619377163,0.42533333333333334,0.196,4.721333333333333,1.3093220338983051,0.5196666666666666,0.363,0.11733333333333333,0.8049999999999999,0.1599928569440708,0.21933333333333332,0.10200000000000001,3.8259999999999996,1.505288154919506,0.8046666666666666,0.48253190472214746
18,15,6,18,30,2,0.6073333333333333,0.38133333333333336,0.011333333333333334,0.7926666666666666,0.174645987862441,0.06066666666666667,0.04933333333333333,3.552,1.3716442953020134,0.402,0.10066666666666667,0.49733333333333335,0.7006666666666667,0.3448275862068966,0.7286666666666667,0.23133333333333334,5.534,1.5580645161290323,0.5046666666666666,0.24100000000000002,0.25433333333333336,0.7466666666666666,0.2597367870346688,0.39466666666666667,0.14033333333333334,4.543,1.4648544057155228,0.7006666666666667,0.48253069074026705
18,15,5,22,20,1,0.6473333333333333,0.31266666666666665,0.04,0.7526666666666666,0.14583333333333334,0.13933333333333334,0.09933333333333333,3.457333333333333,1.1243386243386242,0.6946666666666667,0.08333333333333333,0.222,0.6833333333333333,0.3607540702656384,0.5873333333333334,0.36533333333333334,4.254,1.413223140495868,0.671,0.19799999999999998,0.131,0.718,0.25329370179948585,0.36333333333333334,0.23233333333333334,3.855666666666666,1.268780882417246,0.6833333333333333,0.4816754070265638
12,10,7,14,20,2,0.4146666666666667,0.578,0.007333333333333333,0.8073333333333333,0.019476158495634655,0.023333333333333334,0.016,3.3026666666666666,1.7559322033898306,0.48733333333333334,0.31733333333333336,0.19533333333333333,0.9126666666666666,0.2651201325600663,0.4066666666666667,0.21133333333333335,5.479333333333333,1.3385982230997038,0.451,0.44766666666666666,0.10133333333333333,0.86,0.14229814552785047,0.215,0.11366666666666667,4.391,1.547265213244767,0.8073333333333333,0.4814262957722368
18,15,5,18,25,2,0.6246666666666667,0.34933333333333333,0.026,0.7753333333333333,0.17453798767967146,0.10133333333333333,0.07533333333333334,3.414,1.2673596673596674,0.49133333333333334,0.092,0.4166666666666667,0.692,0.30742857142857144,0.6966666666666667,0.28,4.576,1.5131195335276968,0.558,0.22066666666666668,0.22133333333333335,0.7336666666666667,0.24098327955412147,0.399,0.1776666666666667,3.995,1.390239600443682,0.692,0.4806966559108243
18,10,7,14,25,2,0.5373333333333333,0.462,0.0006666666666666666,0.8006666666666666,0.035356904603068715,0.008666666666666666,0.008,3.2973333333333334,1.5967741935483868,0.4013333333333333,0.24933333333333332,0.34933333333333333,0.8493333333333333,0.22438524590163936,0.5286666666666666,0.17933333333333334,5.771333333333334,1.4842280022136134,0.4693333333333333,0.3556666666666667,0.175,0.825,0.12987107525235403,0.26866666666666666,0.09366666666666668,4.5343333333333335,1.540501097881,0.8006666666666666,0.48065754838380415
18,10,5,14,30,1,0.21933333333333332,0.6806666666666666,0.1,0.7193333333333334,0.13333333333333333,0.25066666666666665,0.15066666666666667,3.3953333333333333,2.0785714285714287,0.13933333333333334,0.3433333333333333,0.5173333333333333,0.6826666666666666,0.2803867403314917,0.71,0.19266666666666668,4.534666666666666,1.6289592760180993,0.17933333333333334,0.512,0.30866666666666664,0.7010000000000001,0.2068600368324125,0.4803333333333333,0.1716666666666667,3.965,1.8537653522947641,0.6826666666666666,0.4805053406998158
12,6,7,14,25,2,0.336,0.654,0.01,0.746,0.04983164983164983,0.048666666666666664,0.03866666666666667,3.77,1.8828828828828827,0.226,0.3233333333333333,0.45066666666666666,0.7493333333333333,0.32160194174757284,0.6506666666666666,0.2,6.180666666666666,1.2738589211618259,0.281,0.4886666666666667,0.23033333333333333,0.7476666666666667,0.18571679578961134,0.3496666666666666,0.11933333333333335,4.975333333333333,1.5783709020223542,0.746,0.4804933591579223
15,10,5,10,25,2,0.33,0.6333333333333333,0.03666666666666667,0.7666666666666667,0.11833910034602076,0.11933333333333333,0.08266666666666667,2.9566666666666666,2.0495495495495497,0.17666666666666667,0.43066666666666664,0.39266666666666666,0.7766666666666666,0.15916575192096596,0.5513333333333333,0.15866666666666668,4.189333333333333,1.8640132669983416,0.25333333333333335,0.532,0.21466666666666667,0.7716666666666667,0.13875242613349337,0.3353333333333333,0.12066666666666667,3.5729999999999995,1.9567814082739456,0.7666666666666667,0.479483818560032
18,15,5,14,20,2,0.43866666666666665,0.5513333333333333,0.01,0.81,0.08282828282828283,0.03933333333333333,0.029333333333333333,2.892,1.7993184399848543,0.6006666666666667,0.186,0.21333333333333335,0.786,0.20847457627118643,0.454,0.24066666666666667,4.021333333333334,1.2192513368983957,0.5196666666666667,0.3686666666666667,0.11166666666666668,0.798,0.14565142954973465,0.24666666666666667,0.135,3.456666666666667,1.509284888441625,0.786,0.4793802859099469
18,10,7,18,20,1,0.5273333333333333,0.4693333333333333,0.0033333333333333335,0.8033333333333333,0.04548494983277592,0.014666666666666666,0.011333333333333334,3.4553333333333334,1.4168026101141926,0.5693333333333334,0.35133333333333333,0.07933333333333334,0.8306666666666667,0.30919623461259954,0.306,0.22666666666666666,5.23,1.225981055480379,0.5483333333333333,0.4103333333333333,0.04133333333333333,0.817,0.17734059222268772,0.16033333333333333,0.119,4.342666666666667,1.3213918327972858,0.8033333333333333,0.47903478511120423
18,6,6,14,25,2,0.632,0.364,0.004,0.768,0.14323962516733602,0.025333333333333333,0.021333333333333333,3.358,1.3651758575770734,0.31533333333333335,0.23533333333333334,0.4493333333333333,0.7506666666666667,0.25302663438256656,0.6266666666666667,0.17733333333333334,5.221333333333333,1.295049504950495,0.4736666666666667,0.29966666666666664,0.22666666666666666,0.7593333333333334,0.1981331297749513,0.326,0.09933333333333334,4.289666666666666,1.3301126812637842,0.7506666666666667,0.47875995928832366
18,6,5,18,16,1,0.6526666666666666,0.32,0.027333333333333334,0.7473333333333334,0.1487320082248115,0.11266666666666666,0.08533333333333333,3.372,1.1076115485564304,0.6873333333333334,0.128,0.18466666666666667,0.7126666666666667,0.30744071954210955,0.5046666666666667,0.32,4.104,1.3395810363836824,0.6699999999999999,0.224,0.10600000000000001,0.73,0.22808636388346054,0.3086666666666667,0.20266666666666666,3.738,1.2235962924700563,0.7126666666666667,0.4786506061100254
18,10,5,14,25,2,0.5533333333333333,0.4126666666666667,0.034,0.8340000000000001,0.18978605935127674,0.108,0.074,3.2853333333333334,1.503896103896104,0.2926666666666667,0.214,0.49333333333333335,0.7066666666666667,0.2578947368421053,0.6886666666666666,0.19533333333333333,4.536,1.2870229007633587,0.42300000000000004,0.31333333333333335,0.26366666666666666,0.7703333333333333,0.223840398096691,0.3983333333333333,0.13466666666666666,3.9106666666666667,1.3954595023297314,0.7066666666666667,0.4780514129526715
15,15,5,18,25,1,0.21333333333333335,0.7613333333333333,0.025333333333333333,0.6386666666666667,0.1354309165526676,0.15533333333333332,0.13,3.4873333333333334,1.934341571375876,0.24066666666666667,0.5746666666666667,0.18466666666666667,0.8253333333333334,0.42027800490596895,0.6313333333333333,0.44666666666666666,4.486666666666666,1.3633720930232558,0.227,0.6679999999999999,0.10500000000000001,0.732,0.2778544607293183,0.3933333333333333,0.28833333333333333,3.987,1.648856832199566,0.6386666666666667,0.477154225479197
15,6,5,14,20,2,0.5313333333333333,0.45266666666666666,0.016,0.8160000000000001,0.08062330623306233,0.044,0.028,3.018,1.5647961243439645,0.382,0.15533333333333332,0.46266666666666667,0.7373333333333333,0.2642679900744417,0.6833333333333333,0.22066666666666668,4.544666666666667,1.2735632183908046,0.45666666666666667,0.304,0.23933333333333334,0.7766666666666666,0.17244564815375202,0.3636666666666667,0.12433333333333334,3.7813333333333334,1.4191796713673845,0.7373333333333333,0.47635579629741703
12,10,6,18,25,2,0.458,0.508,0.034,0.8340000000000001,0.14699792960662525,0.11933333333333333,0.08533333333333333,3.953333333333333,1.6247439573945102,0.35533333333333333,0.096,0.5486666666666666,0.6513333333333333,0.4224519940915805,0.7946666666666666,0.246,5.654,1.5431754874651809,0.4066666666666667,0.302,0.29133333333333333,0.7426666666666667,0.2847249618491029,0.45699999999999996,0.16566666666666666,4.8036666666666665,1.5839597224298454,0.6513333333333333,0.47601165903648723
18,10,6,14,20,1,0.3526666666666667,0.6386666666666667,0.008666666666666666,0.7613333333333333,0.09549428379287156,0.03866666666666667,0.03,3.1293333333333333,1.8451228592702906,0.43666666666666665,0.44466666666666665,0.11866666666666667,0.9186666666666667,0.3290468986384266,0.37533333333333335,0.25666666666666665,4.542,1.1165311653116532,0.39466666666666667,0.5416666666666667,0.06366666666666666,0.8400000000000001,0.2122705912156491,0.20700000000000002,0.1433333333333333,3.8356666666666666,1.480827012290972,0.7613333333333333,0.47567078490979653
15,6,6,18,16,1,0.49266666666666664,0.5066666666666667,0.0006666666666666666,0.8006666666666666,0.14409606404269512,0.015333333333333332,0.014666666666666666,3.4313333333333333,1.3583563808771237,0.46066666666666667,0.5353333333333333,0.004,0.804,0.35609103078982596,0.15333333333333332,0.14933333333333335,4.221333333333333,1.037463976945245,0.4766666666666667,0.521,0.0023333333333333335,0.8023333333333333,0.25009354741626055,0.08433333333333333,0.082,3.8263333333333334,1.1979101789111843,0.8006666666666666,0.4753020428165854
18,15,7,14,25,2,0.492,0.5053333333333333,0.0026666666666666666,0.8026666666666666,0.03342245989304813,0.009333333333333334,0.006666666666666667,3.2413333333333334,1.7199843566679702,0.482,0.26866666666666666,0.24933333333333332,0.8686666666666667,0.2344582593250444,0.43066666666666664,0.18133333333333335,5.413333333333333,1.3759286775631498,0.487,0.387,0.126,0.8356666666666667,0.13394035960904627,0.22,0.094,4.327333333333334,1.54795651711556,0.8026666666666666,0.47522140525514256
15,10,6,14,25,2,0.546,0.44,0.014,0.8140000000000001,0.14131169709263017,0.05733333333333333,0.043333333333333335,3.457333333333333,1.5339805825242718,0.3566666666666667,0.158,0.48533333333333334,0.7146666666666667,0.28886010362694303,0.688,0.20266666666666666,5.398,1.4315632011967088,0.45133333333333336,0.299,0.24966666666666668,0.7643333333333333,0.21508590035978659,0.37266666666666665,0.123,4.427666666666666,1.4827718918604904,0.7146666666666667,0.4747005134052907
15,6,5,14,16,1,0.31733333333333336,0.67,0.012666666666666666,0.73,0.12356515867656989,0.104,0.09133333333333334,3.236,1.7529850746268658,0.39266666666666666,0.5593333333333333,0.048,0.8406666666666667,0.3158263305322129,0.364,0.316,3.904,1.1588310038119443,0.355,0.6146666666666667,0.030333333333333334,0.7853333333333333,0.2196957446043914,0.23399999999999999,0.20366666666666666,3.5700000000000003,1.455908039219405,0.73,0.47458914892087833
18,10,6,14,25,1,0.2886666666666667,0.6886666666666666,0.02266666666666667,0.7113333333333334,0.12414733969986358,0.08533333333333333,0.06266666666666666,3.386,1.9764446080235556,0.25466666666666665,0.5166666666666667,0.22866666666666666,0.8546666666666667,0.3526361279170268,0.5146666666666667,0.286,4.9206666666666665,1.4218978102189779,0.27166666666666667,0.6026666666666667,0.12566666666666665,0.783,0.2383917338084452,0.30000000000000004,0.1743333333333333,4.153333333333333,1.6991712091212667,0.7113333333333334,0.4744950134283557
12,10,6,22,25,2,0.5653333333333334,0.39066666666666666,0.044,0.8346666666666667,0.17294281729428174,0.13133333333333333,0.08733333333333333,4.075333333333333,1.3208369659982564,0.39266666666666666,0.036,0.5713333333333334,0.6286666666666666,0.4447900466562986,0.8313333333333334,0.26,5.755333333333334,1.6555891238670695,0.479,0.21333333333333332,0.3076666666666667,0.7316666666666667,0.3088664319752902,0.48133333333333334,0.17366666666666666,4.915333333333333,1.488213044932663,0.6286666666666666,0.4743566197283913
15,15,5,18,16,1,0.506,0.48933333333333334,0.004666666666666667,0.8046666666666666,0.12056262558606833,0.082,0.07733333333333334,3.3213333333333335,1.2983293556085918,0.636,0.33266666666666667,0.03133333333333333,0.764,0.2649690295939436,0.292,0.26066666666666666,3.5593333333333335,1.1830790568654648,0.571,0.41100000000000003,0.018,0.7843333333333333,0.19276582759000596,0.187,0.16899999999999998,3.4403333333333332,1.2407042062370284,0.764,0.4739531655180012
15,6,6,14,20,2,0.5373333333333333,0.45666666666666667,0.006,0.806,0.07981220657276995,0.02266666666666667,0.016666666666666666,3.0633333333333335,1.5716560509554138,0.5073333333333333,0.14733333333333334,0.3453333333333333,0.7473333333333334,0.2973523421588595,0.568,0.22266666666666668,5.134666666666667,1.5326289620882536,0.5223333333333333,0.302,0.17566666666666667,0.7766666666666667,0.1885822743658147,0.29533333333333334,0.11966666666666667,4.099,1.5521425065218337,0.7473333333333334,0.47363312153982967
18,15,6,18,20,1,0.516,0.4766666666666667,0.007333333333333333,0.8073333333333333,0.13767629281396912,0.04733333333333333,0.04,3.3713333333333333,1.4765531062124249,0.664,0.22466666666666665,0.11133333333333334,0.736,0.35783945986496624,0.38533333333333336,0.274,4.54,1.2496307237813884,0.5900000000000001,0.3506666666666667,0.059333333333333335,0.7716666666666667,0.24775787633946766,0.21633333333333335,0.157,3.9556666666666667,1.3630919149969065,0.736,0.47355157526789354
12,15,6,18,20,2,0.5726666666666667,0.408,0.019333333333333334,0.8193333333333334,0.12100611828687967,0.066,0.04666666666666667,3.502,1.3385182153090462,0.636,0.11733333333333333,0.24666666666666667,0.7173333333333334,0.3530973451327434,0.5146666666666667,0.268,5.027333333333333,1.5542791499138426,0.6043333333333334,0.26266666666666666,0.133,0.7683333333333333,0.23705173170981153,0.29033333333333333,0.15733333333333335,4.264666666666667,1.4463986826114446,0.7173333333333334,0.47322701300862896
12,10,5,14,25,2,0.3353333333333333,0.5793333333333334,0.08533333333333333,0.8206666666666667,0.13411078717201166,0.224,0.13866666666666666,3.529333333333333,1.9169407894736845,0.24,0.20666666666666667,0.5533333333333333,0.6466666666666666,0.33432835820895523,0.782,0.22866666666666666,4.6706666666666665,1.1721677074041035,0.2876666666666666,0.393,0.31933333333333336,0.7336666666666667,0.23421957269048344,0.503,0.18366666666666664,4.1,1.544554248438894,0.6466666666666666,0.47317724787143006
12,6,6,18,20,2,0.618,0.36,0.022,0.782,0.11451942740286299,0.066,0.044,3.4913333333333334,1.225806451612903,0.55,0.06933333333333333,0.38066666666666665,0.6693333333333333,0.45317545748116256,0.6753333333333333,0.2946666666666667,5.4446666666666665,1.668292682926829,0.5840000000000001,0.21466666666666667,0.20133333333333334,0.7256666666666667,0.28384744244201277,0.3706666666666667,0.16933333333333334,4.468,1.447049567269866,0.6693333333333333,0.4724361551550692
15,15,5,14,20,2,0.45466666666666666,0.526,0.019333333333333334,0.8193333333333334,0.08429639700883752,0.056,0.03666666666666667,3.0206666666666666,1.7580645161290325,0.5813333333333334,0.13933333333333334,0.2793333333333333,0.7393333333333333,0.2682701202590194,0.5413333333333333,0.262,4.244,1.430416911332942,0.518,0.33266666666666667,0.14933333333333332,0.7793333333333333,0.17628325863392846,0.2986666666666667,0.14933333333333335,3.6323333333333334,1.5942407137309873,0.7393333333333333,0.47212331839345234
15,15,5,22,25,2,0.7113333333333334,0.24933333333333332,0.03933333333333333,0.6886666666666666,0.21929215822345594,0.136,0.09666666666666666,3.652,1.4067948144836835,0.472,0.018666666666666668,0.5093333333333333,0.6186666666666667,0.391304347826087,0.8146666666666667,0.30533333333333335,4.766666666666667,1.7578558225508318,0.5916666666666667,0.134,0.2743333333333333,0.6536666666666666,0.3052982530247714,0.47533333333333333,0.201,4.209333333333333,1.5823253185172577,0.6186666666666667,0.4718429839382876
15,10,5,14,16,1,0.3353333333333333,0.6553333333333333,0.009333333333333334,0.7446666666666666,0.11305518169582772,0.09133333333333334,0.082,3.247333333333333,1.7039737513671163,0.44266666666666665,0.5273333333333333,0.03,0.8300000000000001,0.281786941580756,0.32466666666666666,0.2946666666666667,3.744666666666667,1.1146847228099872,0.389,0.5913333333333333,0.019666666666666666,0.7873333333333333,0.19742106163829187,0.208,0.18833333333333335,3.496,1.4093292370885517,0.7446666666666666,0.47126754566099166
12,10,6,18,20,2,0.5793333333333334,0.3973333333333333,0.023333333333333334,0.8206666666666667,0.11467576791808874,0.076,0.05266666666666667,3.5533333333333332,1.3327702702702702,0.5813333333333334,0.088,0.33066666666666666,0.688,0.3804780876494024,0.616,0.2853333333333333,5.256666666666667,1.5402750491159134,0.5803333333333334,0.24266666666666664,0.177,0.7543333333333333,0.24757692778374557,0.346,0.16899999999999998,4.405,1.4365226596930918,0.688,0.47076538555674907
12,6,5,22,20,2,0.7386666666666667,0.22133333333333333,0.04,0.6613333333333333,0.13402777777777777,0.11,0.07,3.4313333333333333,1.5367258761401825,0.4886666666666667,0.025333333333333333,0.486,0.6253333333333333,0.44357976653696496,0.82,0.334,4.757333333333333,1.5536181342632955,0.6136666666666667,0.12333333333333332,0.263,0.6433333333333333,0.28880377215737135,0.46499999999999997,0.202,4.094333333333333,1.545172005201739,0.6253333333333333,0.4704774210981409
18,10,5,18,25,2,0.6926666666666667,0.2786666666666667,0.028666666666666667,0.7073333333333334,0.213452299245024,0.10866666666666666,0.08,3.506,1.4226244343891403,0.36533333333333334,0.096,0.5386666666666666,0.6613333333333333,0.30491329479768786,0.7613333333333333,0.22266666666666668,4.690666666666667,1.4107959743824336,0.529,0.18733333333333335,0.2836666666666666,0.6843333333333333,0.25918279702135594,0.435,0.15133333333333335,4.098333333333334,1.416710204385787,0.6613333333333333,0.4704532260709378
18,6,5,14,16,2,0.5426666666666666,0.45266666666666666,0.004666666666666667,0.8046666666666666,0.10984594775619558,0.02666666666666667,0.022,3.028,1.5052023121387283,0.582,0.17733333333333334,0.24066666666666667,0.7773333333333334,0.1861281826163301,0.44066666666666665,0.2,3.998,1.2292358803986712,0.5623333333333334,0.315,0.12266666666666667,0.791,0.14798706518626284,0.23366666666666666,0.111,3.513,1.3672190962686996,0.7773333333333334,0.46996407970391924
18,15,5,14,30,1,0.20133333333333334,0.7326666666666667,0.066,0.6673333333333333,0.10778015703069237,0.19066666666666668,0.12466666666666666,3.1853333333333333,2.1662921348314605,0.19866666666666666,0.36133333333333334,0.44,0.76,0.3202380952380952,0.682,0.242,4.475333333333333,1.3882047958522359,0.2,0.547,0.253,0.7136666666666667,0.2140091261343938,0.43633333333333335,0.18333333333333332,3.8303333333333334,1.7772484653418483,0.6673333333333333,0.46941849189354545
18,6,5,14,30,1,0.24066666666666667,0.6433333333333333,0.116,0.7566666666666667,0.14630467571644043,0.26466666666666666,0.14866666666666667,3.502666666666667,2.002481389578164,0.11066666666666666,0.3426666666666667,0.5466666666666666,0.6533333333333333,0.2985294117647059,0.7173333333333334,0.17066666666666666,4.509333333333333,1.5983805668016193,0.17566666666666667,0.493,0.3313333333333333,0.7050000000000001,0.22241704374057314,0.491,0.15966666666666668,4.006,1.8004309781898917,0.6533333333333333,0.4687500754147813
12,6,5,18,16,2,0.7206666666666667,0.25133333333333335,0.028,0.6793333333333333,0.149519890260631,0.112,0.084,3.5453333333333332,1.3464566929133859,0.66,0.06,0.28,0.6599999999999999,0.3611111111111111,0.6253333333333333,0.3453333333333333,4.366666666666666,1.481060606060606,0.6903333333333334,0.15566666666666668,0.15400000000000003,0.6696666666666666,0.25531550068587106,0.36866666666666664,0.21466666666666667,3.9559999999999995,1.4137586494869958,0.6599999999999999,0.46856310013717417
18,15,5,14,30,2,0.42533333333333334,0.5286666666666666,0.046,0.8460000000000001,0.13487071977638015,0.15133333333333332,0.10533333333333333,3.167333333333333,1.8152866242038217,0.25466666666666665,0.22666666666666666,0.5186666666666667,0.6813333333333332,0.24792243767313019,0.7273333333333334,0.20866666666666667,4.597333333333333,1.4611154752553024,0.33999999999999997,0.37766666666666665,0.2823333333333334,0.7636666666666667,0.19139657872475518,0.43933333333333335,0.157,3.8823333333333334,1.638201049729562,0.6813333333333332,0.4683959824116177
15,6,6,22,16,1,0.636,0.36333333333333334,0.0006666666666666666,0.764,0.16410940627084722,0.016666666666666666,0.016,3.478,1.1570141570141568,0.5706666666666667,0.424,0.005333333333333333,0.8053333333333333,0.39075067024128685,0.192,0.18666666666666668,4.342,1.087659574468085,0.6033333333333333,0.39366666666666666,0.003,0.7846666666666666,0.27743003825606705,0.10433333333333333,0.10133333333333333,3.91,1.1223368657411208,0.764,0.4683360076512134
18,6,7,14,20,2,0.5146666666666667,0.48533333333333334,0.0,0.8,0.011333333333333334,0.0013333333333333333,0.0013333333333333333,2.9206666666666665,1.6274356975837878,0.5366666666666666,0.22266666666666668,0.24066666666666667,0.8226666666666667,0.22036874451273047,0.41733333333333333,0.17666666666666667,5.4093333333333335,1.569546120058565,0.5256666666666667,0.354,0.12033333333333333,0.8113333333333334,0.1158510389230319,0.20933333333333334,0.089,4.165,1.5984909088211765,0.8,0.46792020778460636
15,10,6,18,16,1,0.47,0.53,0.0,0.8,0.16333333333333333,0.014666666666666666,0.014666666666666666,3.43,1.3620352250489236,0.5333333333333333,0.4653333333333333,0.0013333333333333333,0.8013333333333333,0.32309746328437916,0.11,0.10866666666666666,3.953333333333333,1.0485312899106003,0.5016666666666667,0.4976666666666667,0.0006666666666666666,0.8006666666666666,0.24321539830885625,0.06233333333333333,0.06166666666666666,3.6916666666666664,1.205283257479762,0.8,0.4672430796617713
15,10,7,14,25,2,0.5446666666666666,0.44866666666666666,0.006666666666666667,0.8066666666666666,0.042953020134228186,0.018666666666666668,0.012,3.441333333333333,1.56938190749079,0.38066666666666665,0.166,0.4533333333333333,0.7466666666666666,0.2707317073170732,0.628,0.17466666666666666,6.068,1.7356709372892785,0.46266666666666667,0.30733333333333335,0.22999999999999998,0.7766666666666666,0.1568423637256507,0.32333333333333336,0.09333333333333334,4.754666666666666,1.6525264223900342,0.7466666666666666,0.46720180607846346
12,10,5,18,25,2,0.4673333333333333,0.42933333333333334,0.10333333333333333,0.9033333333333333,0.17174721189591077,0.26066666666666666,0.15733333333333333,3.7946666666666666,1.554945054945055,0.30333333333333334,0.08466666666666667,0.612,0.588,0.39862542955326463,0.8713333333333333,0.25933333333333336,4.826666666666667,1.4144736842105263,0.3853333333333333,0.257,0.3576666666666667,0.7456666666666667,0.2851863207245877,0.566,0.20833333333333334,4.310666666666667,1.4847093695777906,0.588,0.4671872641449175
12,15,7,14,20,2,0.3973333333333333,0.5973333333333334,0.005333333333333333,0.8026666666666666,0.03150134048257373,0.02266666666666667,0.017333333333333333,3.263333333333333,1.8260869565217392,0.5233333333333333,0.334,0.14266666666666666,0.8766666666666667,0.21384136858475894,0.3233333333333333,0.18066666666666667,5.101333333333334,1.3361227336122736,0.4603333333333333,0.4656666666666667,0.074,0.8396666666666667,0.12267135453366633,0.173,0.099,4.182333333333333,1.5811048450670064,0.8026666666666666,0.46666760424006654
15,15,7,14,25,2,0.47933333333333333,0.5133333333333333,0.007333333333333333,0.8073333333333333,0.04566823371390195,0.020666666666666667,0.013333333333333334,3.332666666666667,1.7176378568635118,0.5126666666666667,0.15933333333333333,0.328,0.7593333333333333,0.2638888888888889,0.5193333333333333,0.19133333333333333,5.759333333333333,1.7108294930875576,0.496,0.3363333333333333,0.16766666666666669,0.7833333333333333,0.15477856130139542,0.27,0.10233333333333333,4.546,1.7142336749755347,0.7593333333333333,0.4664723789269457
18,6,7,14,25,2,0.6346666666666667,0.36466666666666664,0.0006666666666666666,0.7653333333333333,0.02601734489659773,0.006666666666666667,0.006,3.3666666666666667,1.3632829373650108,0.336,0.24933333333333332,0.4146666666666667,0.7853333333333333,0.22209567198177677,0.5933333333333334,0.17866666666666667,5.928,1.464871194379391,0.4853333333333334,0.307,0.20766666666666667,0.7753333333333333,0.12405650843918725,0.30000000000000004,0.09233333333333334,4.647333333333333,1.4140770658722008,0.7653333333333333,0.4663279683545041
12,6,6,14,25,2,0.3393333333333333,0.636,0.024666666666666667,0.764,0.11551606288448393,0.108,0.08333333333333333,3.6746666666666665,1.912485854394568,0.238,0.22666666666666666,0.5353333333333333,0.6646666666666666,0.36585365853658536,0.744,0.20866666666666667,5.48,1.3261050875729776,0.2886666666666666,0.43133333333333335,0.27999999999999997,0.7143333333333333,0.24068486071053463,0.426,0.146,4.577333333333334,1.6192954709837728,0.6646666666666666,0.46627030547544024
15,10,6,22,16,1,0.6053333333333333,0.39466666666666667,0.0,0.7946666666666666,0.18133333333333335,0.020666666666666667,0.020666666666666667,3.4793333333333334,1.066219614417435,0.6193333333333333,0.37933333333333336,0.0013333333333333333,0.7806666666666666,0.34579439252336447,0.13466666666666666,0.13333333333333333,4.041333333333333,1.0703125,0.6123333333333333,0.387,0.0006666666666666666,0.7876666666666666,0.2635638629283489,0.07766666666666666,0.077,3.7603333333333335,1.0682660572087175,0.7806666666666666,0.46624610591900306
18,10,6,14,16,1,0.4533333333333333,0.544,0.0026666666666666666,0.8026666666666666,0.11697860962566844,0.027333333333333334,0.024666666666666667,3.1446666666666667,1.6250471520181067,0.6106666666666667,0.3353333333333333,0.054,0.7893333333333333,0.2607470049330514,0.22333333333333333,0.16933333333333334,3.918,1.0904159132007234,0.532,0.43966666666666665,0.028333333333333332,0.796,0.18886280727935995,0.12533333333333332,0.097,3.5313333333333334,1.357731532609415,0.7893333333333333,0.46578922812253865
12,15,5,22,20,2,0.6633333333333333,0.288,0.048666666666666664,0.7366666666666666,0.1212333566923616,0.12933333333333333,0.08066666666666666,3.4426666666666668,1.3492630638677983,0.6273333333333333,0.050666666666666665,0.322,0.6506666666666667,0.3579154375614553,0.6706666666666666,0.3486666666666667,4.488,1.5010060362173039,0.6453333333333333,0.16933333333333334,0.18533333333333335,0.6936666666666667,0.23957439712690842,0.39999999999999997,0.21466666666666667,3.9653333333333336,1.425134550042551,0.6506666666666667,0.46544821275871506
15,10,5,14,25,2,0.546,0.416,0.038,0.8380000000000001,0.18156618156618157,0.13066666666666665,0.09266666666666666,3.3766666666666665,1.542489270386266,0.29333333333333333,0.152,0.5546666666666666,0.6453333333333333,0.3248502994011976,0.7793333333333333,0.22466666666666665,4.68,1.2419354838709677,0.4196666666666667,0.284,0.29633333333333334,0.7416666666666667,0.25320824048368956,0.45499999999999996,0.15866666666666665,4.028333333333333,1.392212377128617,0.6453333333333333,0.46535831476340456
15,10,5,22,25,2,0.7793333333333333,0.18066666666666667,0.04,0.6206666666666667,0.23055555555555557,0.138,0.098,3.7026666666666666,1.6769825918762091,0.37866666666666665,0.018,0.6033333333333334,0.5966666666666667,0.4151260504201681,0.8646666666666667,0.2613333333333333,4.842,1.8202247191011238,0.579,0.09933333333333333,0.3216666666666667,0.6086666666666667,0.32284080298786183,0.5013333333333334,0.17966666666666664,4.272333333333333,1.7486036554886666,0.5966666666666667,0.46505149393090567
12,10,5,22,25,2,0.5713333333333334,0.33,0.09866666666666667,0.8286666666666667,0.1886094674556213,0.25266666666666665,0.154,3.8753333333333333,1.2496392496392497,0.3393333333333333,0.027333333333333334,0.6333333333333333,0.5666666666666667,0.43636363636363634,0.908,0.27466666666666667,4.886,1.5888754534461909,0.45533333333333337,0.17866666666666667,0.366,0.6976666666666667,0.3124865519096288,0.5803333333333334,0.21433333333333332,4.3806666666666665,1.4192573515427203,0.5666666666666667,0.4650306437152591
12,6,7,18,20,2,0.624,0.372,0.004,0.776,0.040160642570281124,0.020666666666666667,0.016666666666666666,3.506666666666667,1.2249575551782683,0.5593333333333333,0.12266666666666666,0.318,0.7226666666666667,0.3616813294232649,0.562,0.244,6.022,1.6290420988407566,0.5916666666666667,0.24733333333333332,0.161,0.7493333333333334,0.20092098599677302,0.29133333333333333,0.13033333333333333,4.764333333333333,1.4269998270095123,0.7226666666666667,0.464767530532688
12,10,5,22,20,2,0.7246666666666667,0.234,0.04133333333333333,0.6753333333333333,0.1286509040333797,0.124,0.08266666666666667,3.466666666666667,1.4576192681797129,0.5433333333333333,0.028,0.42866666666666664,0.628,0.3885647607934656,0.7673333333333333,0.33866666666666667,4.666666666666667,1.5249406175771971,0.634,0.131,0.235,0.6516666666666666,0.25860783241342267,0.44566666666666666,0.21066666666666667,4.066666666666666,1.491279942878455,0.628,0.4641715664826846
18,10,5,10,25,2,0.3293333333333333,0.6406666666666667,0.03,0.7593333333333333,0.11134020618556702,0.12,0.09,2.8986666666666667,2.0719424460431655,0.16533333333333333,0.49733333333333335,0.3373333333333333,0.7653333333333333,0.12173038229376258,0.4686666666666667,0.13133333333333333,3.9913333333333334,2.0302571860816943,0.24733333333333332,0.5690000000000001,0.18366666666666664,0.7623333333333333,0.1165352942396648,0.29433333333333334,0.11066666666666666,3.4450000000000003,2.05109981606243,0.7593333333333333,0.4637237255145996
18,15,7,18,30,1,0.2813333333333333,0.7073333333333334,0.011333333333333334,0.6926666666666667,0.07484828051247472,0.038,0.02666666666666667,3.747333333333333,1.9582712369597615,0.24866666666666667,0.5333333333333333,0.218,0.8486666666666667,0.3742540494458653,0.5586666666666666,0.3406666666666667,6.043333333333333,1.3670886075949367,0.265,0.6203333333333334,0.11466666666666667,0.7706666666666666,0.22455116497917002,0.29833333333333334,0.18366666666666667,4.895333333333333,1.662679922277349,0.6926666666666667,0.4635435663291674
15,10,6,14,20,2,0.4886666666666667,0.506,0.005333333333333333,0.8053333333333333,0.07305630026809651,0.022,0.016666666666666666,3.048,1.6966161026837807,0.5713333333333334,0.13333333333333333,0.29533333333333334,0.7333333333333333,0.28949858088930935,0.53,0.23466666666666666,5.006,1.4722388059701492,0.53,0.31966666666666665,0.15033333333333335,0.7693333333333333,0.18127744057870293,0.276,0.12566666666666668,4.027,1.584427454326965,0.7333333333333333,0.4631721547824072
15,10,5,18,25,2,0.6826666666666666,0.276,0.04133333333333333,0.7173333333333334,0.2148817802503477,0.13333333333333333,0.092,3.6113333333333335,1.4452759588400375,0.3473333333333333,0.062,0.5906666666666667,0.6093333333333333,0.38762214983713356,0.836,0.24533333333333332,4.800666666666666,1.6025236593059937,0.515,0.169,0.316,0.6633333333333333,0.30125196504374063,0.48466666666666663,0.16866666666666666,4.2059999999999995,1.5238998090730156,0.6093333333333333,0.46291705967541474
15,15,6,18,20,1,0.36333333333333334,0.636,0.0006666666666666666,0.764,0.1314209472981988,0.021333333333333333,0.020666666666666667,3.402,1.6567333081855902,0.366,0.624,0.01,0.776,0.36902356902356903,0.18866666666666668,0.17866666666666667,4.368,1.1531966224366708,0.3646666666666667,0.63,0.005333333333333333,0.77,0.25022225816088395,0.10500000000000001,0.09966666666666667,3.8850000000000002,1.4049649653111305,0.764,0.4627444516321768
15,6,6,10,25,2,0.368,0.6213333333333333,0.010666666666666666,0.7786666666666666,0.08557951482479785,0.048,0.037333333333333336,3.1553333333333335,2.0339750849377123,0.17466666666666666,0.4766666666666667,0.3486666666666667,0.7746666666666666,0.11975435005117707,0.49533333333333335,0.14666666666666667,4.741333333333333,1.8742393509127788,0.2713333333333333,0.5489999999999999,0.17966666666666667,0.7766666666666666,0.10266693243798747,0.27166666666666667,0.092,3.9483333333333333,1.9541072179252454,0.7746666666666666,0.4624167198209308
18,10,7,14,20,2,0.4766666666666667,0.5233333333333333,0.0,0.8,0.012666666666666666,0.002,0.002,2.9326666666666665,1.6948640483383686,0.6006666666666667,0.212,0.18733333333333332,0.7993333333333332,0.22559474979491387,0.3506666666666667,0.16333333333333333,5.145333333333333,1.5274302213666986,0.5386666666666666,0.36766666666666664,0.09366666666666666,0.7996666666666666,0.11913070823079026,0.17633333333333334,0.08266666666666667,4.039,1.6111471348525335,0.7993333333333332,0.46234280831282465
18,15,5,18,30,2,0.5686666666666667,0.38266666666666665,0.048666666666666664,0.8313333333333333,0.19551506657323056,0.156,0.10733333333333334,3.456,1.4337662337662338,0.31666666666666665,0.10666666666666667,0.5766666666666667,0.6233333333333333,0.32125984251968503,0.816,0.23933333333333334,4.768,1.3066406249999998,0.44266666666666665,0.24466666666666667,0.31266666666666665,0.7273333333333333,0.2583874545464578,0.486,0.17333333333333334,4.112,1.3702034293831167,0.6233333333333333,0.46224415757595827
18,15,5,22,30,2,0.6786666666666666,0.2793333333333333,0.042,0.7213333333333334,0.2199025748086291,0.14533333333333334,0.10333333333333333,3.626,1.2845637583892617,0.36133333333333334,0.04133333333333333,0.5973333333333334,0.6026666666666667,0.36258278145695366,0.8586666666666667,0.2613333333333333,4.839333333333333,1.6262295081967213,0.52,0.16033333333333333,0.3196666666666667,0.662,0.29124267813279137,0.502,0.18233333333333332,4.232666666666667,1.4553966332929915,0.6026666666666667,0.4622318689598916
18,6,7,22,20,1,0.6846666666666666,0.31133333333333335,0.004,0.7153333333333334,0.0535475234270415,0.018,0.014,3.6013333333333333,1.2750665483584738,0.6666666666666666,0.21933333333333332,0.114,0.7333333333333334,0.4055680963130173,0.43133333333333335,0.31733333333333336,5.673333333333333,1.4139402560455192,0.6756666666666666,0.2653333333333333,0.059000000000000004,0.7243333333333334,0.2295578098700294,0.22466666666666668,0.16566666666666668,4.637333333333333,1.3445034022019966,0.7153333333333334,0.46212822864067254
12,10,7,14,25,2,0.31733333333333336,0.67,0.012666666666666666,0.73,0.04388926401080351,0.03933333333333333,0.02666666666666667,3.6286666666666667,1.9287288758265981,0.262,0.36733333333333335,0.37066666666666664,0.8293333333333334,0.2658898305084746,0.5926666666666667,0.222,6.017333333333333,1.2322388059701492,0.2896666666666667,0.5186666666666667,0.19166666666666665,0.7796666666666667,0.15488954725963905,0.316,0.12433333333333334,4.823,1.5804838408983737,0.73,0.4620279094519278
12,10,7,22,25,2,0.568,0.41133333333333333,0.020666666666666667,0.8206666666666667,0.06126616746085772,0.05466666666666667,0.034,4.1,1.360136869118905,0.41533333333333333,0.07533333333333334,0.5093333333333333,0.6753333333333333,0.3845108695652174,0.7413333333333333,0.232,6.541333333333333,1.6980198019801978,0.49166666666666664,0.24333333333333335,0.265,0.748,0.22288851851303756,0.39799999999999996,0.133,5.320666666666666,1.5290783355495514,0.6753333333333333,0.46189437036927417
15,15,6,22,25,1,0.2833333333333333,0.7126666666666667,0.004,0.6873333333333334,0.18741633199464525,0.04066666666666666,0.03666666666666667,3.762,1.7295294553538347,0.236,0.724,0.04,0.6759999999999999,0.45208333333333334,0.376,0.336,5.003333333333333,1.3490259740259742,0.25966666666666666,0.7183333333333333,0.022,0.6816666666666666,0.31974983266398926,0.20833333333333334,0.18633333333333335,4.382666666666666,1.5392777146899044,0.6759999999999999,0.46114996653279783
18,10,6,18,25,2,0.6933333333333334,0.29933333333333334,0.007333333333333333,0.7066666666666667,0.1914036265950302,0.028,0.020666666666666667,3.533333333333333,1.400869565217391,0.464,0.084,0.452,0.6839999999999999,0.30900243309002434,0.656,0.204,5.416,1.6736842105263159,0.5786666666666667,0.19166666666666668,0.22966666666666669,0.6953333333333334,0.2502030298425273,0.342,0.11233333333333333,4.474666666666667,1.5372768878718535,0.6839999999999999,0.4601906059685054
15,6,5,10,25,2,0.36666666666666664,0.5926666666666667,0.04066666666666666,0.8073333333333332,0.1250868658790827,0.144,0.10333333333333333,3.1013333333333333,2.0062794348508635,0.13333333333333333,0.44466666666666665,0.422,0.7333333333333334,0.12687427912341406,0.5426666666666666,0.12066666666666667,4.1546666666666665,1.9965635738831615,0.25,0.5186666666666666,0.23133333333333334,0.7703333333333333,0.1259805725012484,0.3433333333333333,0.112,3.628,2.0014215043670127,0.7333333333333334,0.46016278116691633
15,6,7,14,20,2,0.5433333333333333,0.45466666666666666,0.002,0.802,0.016700066800267203,0.008,0.006,3.092,1.5637530072173214,0.5333333333333333,0.15533333333333332,0.31133333333333335,0.7553333333333333,0.26427879961277834,0.5093333333333333,0.198,5.704666666666666,1.7704918032786883,0.5383333333333333,0.305,0.15666666666666668,0.7786666666666666,0.14048943320652277,0.25866666666666666,0.10200000000000001,4.398333333333333,1.667122405248005,0.7553333333333333,0.4598645533079712
18,15,6,22,30,2,0.7173333333333334,0.2693333333333333,0.013333333333333334,0.6826666666666666,0.21216216216216216,0.05733333333333333,0.044,3.728,1.3777388255915863,0.44133333333333336,0.03333333333333333,0.5253333333333333,0.6333333333333333,0.3862359550561798,0.7626666666666667,0.23733333333333334,5.65,1.8628158844765341,0.5793333333333334,0.15133333333333332,0.2693333333333333,0.6579999999999999,0.29919905860917095,0.41000000000000003,0.14066666666666666,4.689,1.6202773550340601,0.6333333333333333,0.4591064783885008
12,10,7,18,20,2,0.5806666666666667,0.41,0.009333333333333334,0.8093333333333333,0.02826379542395693,0.03133333333333333,0.022,3.501333333333333,1.3241042345276872,0.614,0.136,0.25,0.736,0.3191111111111111,0.474,0.224,5.758666666666667,1.5897149245388484,0.5973333333333333,0.273,0.12966666666666668,0.7726666666666666,0.17368745326753401,0.25266666666666665,0.123,4.63,1.4569095795332678,0.736,0.4590874906535068
18,15,6,18,25,2,0.6526666666666666,0.3406666666666667,0.006666666666666667,0.7473333333333334,0.17248322147651007,0.04066666666666666,0.034,3.510666666666667,1.2489486963835157,0.576,0.08266666666666667,0.3413333333333333,0.6826666666666668,0.3319838056680162,0.5793333333333334,0.238,5.21,1.6923076923076923,0.6143333333333333,0.21166666666666667,0.174,0.7150000000000001,0.25223351357226315,0.31,0.136,4.360333333333333,1.470628194345604,0.6826666666666668,0.45868003604778596
18,15,5,22,25,2,0.7386666666666667,0.24266666666666667,0.018666666666666668,0.6613333333333333,0.20380434782608695,0.104,0.08533333333333333,3.5433333333333334,1.3591518823020337,0.5413333333333333,0.02666666666666667,0.432,0.6266666666666667,0.33215962441314556,0.73,0.298,4.634,1.7901331245105716,0.64,0.13466666666666666,0.22533333333333333,0.644,0.26798198611961627,0.417,0.19166666666666665,4.088666666666667,1.5746425034063027,0.6266666666666667,0.45822973055725663
18,15,6,14,20,1,0.3446666666666667,0.65,0.005333333333333333,0.75,0.10120643431635389,0.034,0.028666666666666667,3.0406666666666666,1.8889700511322132,0.5193333333333333,0.4,0.08066666666666666,0.8806666666666667,0.2871646120377085,0.30466666666666664,0.224,4.248,1.0667846085802741,0.432,0.525,0.043,0.8153333333333334,0.1941855231770312,0.16933333333333334,0.12633333333333333,3.6443333333333334,1.4778773298562435,0.75,0.45818710463540624
15,15,6,18,16,1,0.5066666666666667,0.49266666666666664,0.0006666666666666666,0.8006666666666666,0.1534356237491661,0.014,0.013333333333333334,3.374,1.3114754098360655,0.5973333333333334,0.4,0.0026666666666666666,0.8026666666666666,0.2627005347593583,0.09533333333333334,0.09266666666666666,3.6266666666666665,1.1329856584093871,0.552,0.44633333333333336,0.0016666666666666666,0.8016666666666666,0.20806807925426218,0.05466666666666667,0.053,3.5003333333333333,1.2222305341227262,0.8006666666666666,0.45809694918418575
18,15,7,18,30,2,0.6106666666666667,0.3873333333333333,0.002,0.7893333333333333,0.050100200400801605,0.012666666666666666,0.010666666666666666,3.566,1.3855773238849518,0.43066666666666664,0.10666666666666667,0.46266666666666667,0.7066666666666667,0.3176178660049628,0.6713333333333333,0.20866666666666667,6.287333333333334,1.9388464211257819,0.5206666666666666,0.247,0.23233333333333334,0.748,0.1838590332028822,0.342,0.10966666666666666,4.926666666666667,1.6622118725053667,0.7066666666666667,0.4578551399739098
18,10,5,22,25,2,0.784,0.19266666666666668,0.023333333333333334,0.616,0.22389078498293516,0.102,0.07866666666666666,3.578,1.6054203031694991,0.416,0.030666666666666665,0.5533333333333333,0.6306666666666667,0.34328358208955223,0.8013333333333333,0.248,4.762666666666667,1.7270916334661355,0.6,0.11166666666666668,0.28833333333333333,0.6233333333333333,0.2835871835362437,0.45166666666666666,0.16333333333333333,4.170333333333334,1.6662559683178173,0.616,0.45696743670724876
15,15,6,14,30,2,0.43,0.5373333333333333,0.03266666666666666,0.8326666666666667,0.13370089593383874,0.09666666666666666,0.064,3.5126666666666666,1.861655337864854,0.292,0.174,0.534,0.6659999999999999,0.2932761087267525,0.728,0.194,5.454666666666666,1.2815057283142388,0.361,0.3556666666666667,0.2833333333333333,0.7493333333333333,0.21348850233029565,0.41233333333333333,0.129,4.483666666666666,1.5715805330895463,0.6659999999999999,0.4568977004660591
15,15,6,18,25,2,0.6273333333333333,0.35533333333333333,0.017333333333333333,0.7726666666666666,0.18113975576662145,0.06866666666666667,0.051333333333333335,3.702,1.2936241610738255,0.546,0.03933333333333333,0.4146666666666667,0.6393333333333333,0.3952164009111617,0.676,0.2613333333333333,5.47,1.845132743362832,0.5866666666666667,0.19733333333333333,0.216,0.706,0.2881780783388916,0.37233333333333335,0.15633333333333332,4.586,1.5693784522183287,0.6393333333333333,0.456602282334445
15,6,5,14,16,2,0.578,0.4066666666666667,0.015333333333333332,0.8153333333333334,0.13202437373053486,0.04933333333333333,0.034,3.202,1.3921334922526816,0.5893333333333334,0.11933333333333333,0.29133333333333333,0.7193333333333334,0.20978363123236124,0.522,0.23066666666666666,4.175333333333334,1.3777224642190418,0.5836666666666667,0.263,0.15333333333333332,0.7673333333333334,0.17090400248144805,0.2856666666666667,0.13233333333333333,3.6886666666666668,1.3849279782358617,0.7193333333333334,0.4565474671629563
12,6,7,18,25,2,0.48333333333333334,0.506,0.010666666666666666,0.8106666666666666,0.05053908355795148,0.048,0.037333333333333336,4.006,1.5732457940090274,0.32466666666666666,0.14,0.5353333333333333,0.6646666666666666,0.4031563845050215,0.75,0.21466666666666667,6.508,1.5939086294416245,0.404,0.323,0.273,0.7376666666666667,0.2268477340314865,0.399,0.126,5.257,1.583577211725326,0.6646666666666666,0.4564528801396306
18,15,6,14,25,1,0.27666666666666667,0.7086666666666667,0.014666666666666666,0.6913333333333334,0.11840324763193505,0.07333333333333333,0.058666666666666666,3.2706666666666666,2.05239852398524,0.30333333333333334,0.496,0.20066666666666666,0.9033333333333333,0.32527105921601335,0.4746666666666667,0.274,4.802,1.3654390934844196,0.29000000000000004,0.6023333333333334,0.10766666666666666,0.7973333333333333,0.2218371534239742,0.274,0.16633333333333333,4.036333333333333,1.7089188087348297,0.6913333333333334,0.4560840973514616
18,10,5,18,30,1,0.33666666666666667,0.5446666666666666,0.11866666666666667,0.8553333333333333,0.15960665658093798,0.2986666666666667,0.18,3.695333333333333,1.8099824868651484,0.19933333333333333,0.174,0.6266666666666667,0.5733333333333333,0.375,0.846,0.21933333333333332,4.776,1.1214361140443505,0.268,0.3593333333333333,0.3726666666666667,0.7143333333333333,0.267303328290469,0.5723333333333334,0.19966666666666666,4.235666666666667,1.4657093004547495,0.5733333333333333,0.4559273323247604
12,15,7,18,20,2,0.5593333333333333,0.43266666666666664,0.008,0.808,0.035618279569892476,0.029333333333333333,0.021333333333333333,3.533333333333333,1.3756445854819515,0.6453333333333333,0.17133333333333334,0.18333333333333332,0.7546666666666666,0.2677551020408163,0.38533333333333336,0.202,5.373333333333333,1.5223880597014925,0.6023333333333334,0.302,0.09566666666666666,0.7813333333333333,0.1516866908053544,0.20733333333333334,0.11166666666666668,4.453333333333333,1.449016322591722,0.7546666666666666,0.4555206714944042
18,6,6,14,30,1,0.21933333333333332,0.752,0.028666666666666667,0.648,0.13795470144131777,0.13333333333333333,0.10466666666666667,3.61,2.0756518545721634,0.13,0.52,0.35,0.73,0.3435897435897436,0.6113333333333333,0.2613333333333333,5.086,1.5868596881959909,0.17466666666666666,0.636,0.18933333333333333,0.6890000000000001,0.24077222251553068,0.3723333333333333,0.183,4.348,1.8312557713840771,0.648,0.4554544445031061
15,15,6,14,20,2,0.4693333333333333,0.522,0.008666666666666666,0.8086666666666666,0.08137188971082716,0.02666666666666667,0.018,3.048,1.7322654462242564,0.6653333333333333,0.14133333333333334,0.19333333333333333,0.7346666666666666,0.28677685950413223,0.4146666666666667,0.22133333333333333,4.6626666666666665,1.4665959703075295,0.5673333333333334,0.33166666666666667,0.10099999999999999,0.7716666666666666,0.1840743746074797,0.22066666666666668,0.11966666666666666,3.8553333333333333,1.599430708265893,0.7346666666666666,0.45519820825482926
12,6,6,18,25,2,0.5066666666666667,0.4593333333333333,0.034,0.8340000000000001,0.1414768806073154,0.126,0.092,3.9846666666666666,1.5460750853242322,0.31866666666666665,0.074,0.6073333333333333,0.5926666666666667,0.47877758913412566,0.838,0.23066666666666666,5.752,1.5932560590094837,0.4126666666666667,0.26666666666666666,0.32066666666666666,0.7133333333333334,0.3101272348707205,0.482,0.16133333333333333,4.868333333333333,1.569665572166858,0.5926666666666667,0.45485878030747745
15,10,5,10,30,2,0.2653333333333333,0.6593333333333333,0.07533333333333334,0.7406666666666666,0.10310021629416005,0.23133333333333334,0.156,3.118,2.190659976842918,0.10333333333333333,0.42333333333333334,0.47333333333333333,0.7033333333333334,0.11139240506329114,0.5826666666666667,0.10933333333333334,4.231333333333334,2.0195838433292534,0.18433333333333332,0.5413333333333333,0.2743333333333333,0.722,0.10724631067872559,0.40700000000000003,0.13266666666666665,3.674666666666667,2.1051219100860856,0.7033333333333334,0.45406592880241176
18,6,5,18,20,2,0.6793333333333333,0.316,0.004666666666666667,0.7206666666666667,0.10046885465505694,0.024666666666666667,0.02,3.1573333333333333,1.3752665245202558,0.492,0.09,0.418,0.69,0.284077892325315,0.6573333333333333,0.23933333333333334,4.534666666666666,1.59601706970128,0.5856666666666667,0.203,0.21133333333333332,0.7053333333333334,0.19227337349018597,0.34099999999999997,0.12966666666666668,3.846,1.4856417971107678,0.69,0.4540546746980372
15,10,6,18,25,2,0.6906666666666667,0.2966666666666667,0.012666666666666666,0.7093333333333334,0.1762322754895341,0.059333333333333335,0.04666666666666667,3.7346666666666666,1.3707914298207258,0.42333333333333334,0.037333333333333336,0.5393333333333333,0.6373333333333333,0.36324167872648333,0.7586666666666667,0.21933333333333332,5.63,1.8512396694214874,0.5569999999999999,0.167,0.276,0.6733333333333333,0.2697369771080087,0.40900000000000003,0.133,4.682333333333333,1.6110155496211065,0.6373333333333333,0.45391406208826846
15,15,6,18,30,2,0.5846666666666667,0.38333333333333336,0.032,0.8153333333333334,0.19077134986225897,0.11666666666666667,0.08466666666666667,3.8353333333333333,1.4436285097192227,0.36,0.050666666666666665,0.5893333333333334,0.6106666666666666,0.37337662337662336,0.8046666666666666,0.21533333333333332,5.699333333333334,1.793313069908815,0.4723333333333333,0.21700000000000003,0.3106666666666667,0.713,0.28207398661944116,0.46066666666666667,0.15,4.767333333333333,1.618470789814019,0.6106666666666666,0.45334813065722157
18,6,7,14,16,1,0.46266666666666667,0.5353333333333333,0.002,0.802,0.04876419505678023,0.009333333333333334,0.007333333333333333,3.227333333333333,1.607476635514019,0.5353333333333333,0.43333333333333335,0.03133333333333333,0.8313333333333334,0.22918100481761872,0.17066666666666666,0.13933333333333334,4.414,1.0423835501468737,0.499,0.48433333333333334,0.016666666666666666,0.8166666666666667,0.13897259993719946,0.09,0.07333333333333333,3.8206666666666664,1.3249300928304464,0.802,0.4532945199874399
18,10,5,22,30,1,0.4206666666666667,0.442,0.13733333333333334,0.9373333333333334,0.1846986089644513,0.316,0.17866666666666667,3.878,1.5558739255014327,0.23666666666666666,0.1,0.6633333333333333,0.5366666666666666,0.4297029702970297,0.9046666666666666,0.24133333333333334,4.87,1.2761194029850746,0.32866666666666666,0.271,0.4003333333333333,0.737,0.3072007896307405,0.6103333333333333,0.21000000000000002,4.3740000000000006,1.4159966642432535,0.5366666666666666,0.4528234912594814
15,6,5,10,16,2,0.352,0.63,0.018,0.77,0.08486082824168364,0.051333333333333335,0.03333333333333333,2.75,1.984682713347921,0.3893333333333333,0.39666666666666667,0.214,0.986,0.13316369804919423,0.366,0.152,3.783333333333333,1.4744318181818181,0.37066666666666664,0.5133333333333333,0.11599999999999999,0.878,0.10901226314543894,0.20866666666666667,0.09266666666666666,3.2666666666666666,1.7295572657648695,0.77,0.45200245262908784
18,10,6,14,30,1,0.22,0.7453333333333333,0.034666666666666665,0.6546666666666667,0.12085635359116022,0.11466666666666667,0.08,3.454,2.1132075471698113,0.14466666666666667,0.5446666666666666,0.31066666666666665,0.7446666666666667,0.33752417794970985,0.5833333333333334,0.27266666666666667,5.048666666666667,1.5938979484481854,0.18233333333333335,0.645,0.17266666666666666,0.6996666666666667,0.22919026577043503,0.34900000000000003,0.17633333333333334,4.251333333333333,1.8535527478089984,0.6546666666666667,0.4519713864874204
15,10,6,18,20,1,0.34,0.66,0.0,0.74,0.12666666666666668,0.02,0.02,3.408,1.6866566716641678,0.31866666666666665,0.6686666666666666,0.012666666666666666,0.7313333333333334,0.40783254557731263,0.204,0.19133333333333333,4.542666666666666,1.2081993569131835,0.32933333333333337,0.6643333333333333,0.006333333333333333,0.7356666666666667,0.26724960612198967,0.11199999999999999,0.10566666666666666,3.9753333333333334,1.4474280142886755,0.7313333333333334,0.4517665878910646
12,6,6,22,20,2,0.742,0.24,0.018,0.6579999999999999,0.12355736591989137,0.058666666666666666,0.04066666666666666,3.518,1.4772831574116567,0.586,0.024,0.39,0.624,0.45792349726775955,0.6893333333333334,0.29933333333333334,5.489333333333334,1.7664756446991405,0.6639999999999999,0.132,0.20400000000000001,0.641,0.29074043159382545,0.374,0.17,4.503666666666667,1.6218794010553985,0.624,0.4517480863187651
12,10,5,18,16,2,0.7006666666666667,0.27266666666666667,0.02666666666666667,0.6993333333333334,0.1404109589041096,0.098,0.07133333333333333,3.518,1.2422680412371137,0.706,0.058666666666666666,0.23533333333333334,0.6586666666666667,0.3086312118570183,0.5453333333333333,0.31,4.1626666666666665,1.4550898203592815,0.7033333333333334,0.16566666666666666,0.131,0.679,0.22452108538056395,0.32166666666666666,0.19066666666666665,3.840333333333333,1.3486789307981977,0.6586666666666667,0.4510875504094462
12,15,6,14,30,2,0.20533333333333334,0.7486666666666667,0.046,0.6513333333333333,0.09084556254367575,0.14,0.094,3.550666666666667,2.1537916371367825,0.176,0.292,0.532,0.6679999999999999,0.292022792022792,0.7273333333333334,0.19533333333333333,5.419333333333333,1.3425549227013833,0.19066666666666665,0.5203333333333333,0.28900000000000003,0.6596666666666666,0.1914341772832339,0.4336666666666667,0.14466666666666667,4.485,1.748173279919083,0.6513333333333333,0.45070350212331345
12,6,6,22,25,2,0.6106666666666667,0.35533333333333333,0.034,0.7893333333333333,0.1621808143547274,0.12266666666666666,0.08866666666666667,4.104666666666667,1.243509400179051,0.35,0.024,0.626,0.574,0.49732620320855614,0.8573333333333333,0.23133333333333334,5.806,1.757918552036199,0.48033333333333333,0.18966666666666668,0.33,0.6816666666666666,0.3297535087816418,0.49,0.16,4.955333333333334,1.5007139761076251,0.574,0.4504507017563284
12,15,6,22,20,2,0.694,0.2866666666666667,0.019333333333333334,0.706,0.12848402447314752,0.06933333333333333,0.05,3.5533333333333332,1.323644251626898,0.6846666666666666,0.06266666666666666,0.25266666666666665,0.6626666666666667,0.3666369313113292,0.5306666666666666,0.278,5.084,1.6277712952158694,0.6893333333333334,0.17466666666666666,0.13599999999999998,0.6843333333333333,0.24756047789223834,0.3,0.164,4.318666666666666,1.4757077734213837,0.6626666666666667,0.450445428911781
15,6,5,10,20,2,0.33866666666666667,0.648,0.013333333333333334,0.752,0.07297297297297298,0.04733333333333333,0.034,2.648,2.065064695009242,0.226,0.44133333333333336,0.33266666666666667,0.8260000000000001,0.14085914085914086,0.47933333333333333,0.14666666666666667,4.058,1.7683239364428496,0.2823333333333333,0.5446666666666666,0.173,0.789,0.10691605691605692,0.2633333333333333,0.09033333333333333,3.3529999999999998,1.9166943157260459,0.752,0.45043321138321135
18,6,6,10,25,2,0.35933333333333334,0.6333333333333333,0.007333333333333333,0.7666666666666666,0.1061114842175957,0.028666666666666667,0.021333333333333333,3.0046666666666666,2.0822331195775177,0.16866666666666666,0.5646666666666667,0.26666666666666666,0.7686666666666666,0.12545454545454546,0.398,0.13133333333333333,4.4013333333333335,2.0316622691292876,0.264,0.599,0.137,0.7676666666666666,0.11578301483607058,0.21333333333333335,0.07633333333333334,3.7030000000000003,2.0569476943534024,0.7666666666666666,0.44993993630054746
15,10,5,14,16,2,0.5726666666666667,0.42,0.007333333333333333,0.8073333333333333,0.11618535930154467,0.03666666666666667,0.029333333333333333,3.152,1.3946449359720605,0.6713333333333333,0.116,0.21266666666666667,0.716,0.2218458933107536,0.46066666666666667,0.248,3.99,1.3946316390633922,0.622,0.268,0.11,0.7616666666666667,0.16901562630614914,0.24866666666666667,0.13866666666666666,3.571,1.3946382875177263,0.716,0.4499031252612298
15,15,5,14,16,1,0.3466666666666667,0.6513333333333333,0.002,0.7486666666666667,0.10287241148964596,0.06733333333333333,0.06533333333333333,3.1466666666666665,1.7102293410993812,0.5313333333333333,0.44266666666666665,0.026,0.8260000000000001,0.2292950034223135,0.22866666666666666,0.20266666666666666,3.432,1.0956175298804782,0.439,0.5469999999999999,0.013999999999999999,0.7873333333333334,0.16608370745597972,0.148,0.134,3.2893333333333334,1.4029234354899298,0.7486666666666667,0.4498500748245293
15,15,6,22,30,2,0.672,0.292,0.036,0.728,0.20677731673582295,0.106,0.07,3.9526666666666666,1.298671552908841,0.3873333333333333,0.008666666666666666,0.604,0.596,0.3939393939393939,0.8246666666666667,0.22066666666666668,5.761333333333333,2.032258064516129,0.5296666666666667,0.15033333333333332,0.32,0.6619999999999999,0.30035835533760846,0.4653333333333333,0.14533333333333334,4.856999999999999,1.665464808712485,0.596,0.44967167106752165
12,15,7,18,30,2,0.31,0.66,0.03,0.74,0.06323024054982818,0.08333333333333333,0.05333333333333334,3.9766666666666666,1.9767877199550732,0.22666666666666666,0.238,0.5353333333333333,0.6646666666666666,0.2984218077474892,0.74,0.20466666666666666,6.454,1.294488188976378,0.2683333333333333,0.449,0.2826666666666667,0.7023333333333333,0.1808260241486587,0.4116666666666667,0.129,5.215333333333334,1.6356379544657256,0.6646666666666666,0.44959853816306505
12,6,7,22,25,2,0.6,0.38333333333333336,0.016666666666666666,0.8,0.05355932203389831,0.050666666666666665,0.034,4.126,1.2838078291814947,0.37533333333333335,0.059333333333333335,0.5653333333333334,0.6346666666666667,0.44171779141104295,0.7913333333333333,0.226,6.648666666666666,1.7276908923643057,0.4876666666666667,0.22133333333333335,0.29100000000000004,0.7173333333333334,0.24763855672247062,0.421,0.13,5.387333333333333,1.5057493607729002,0.6346666666666667,0.4495110446778275
15,6,6,14,25,2,0.622,0.36533333333333334,0.012666666666666666,0.778,0.1512491559756921,0.04933333333333333,0.03666666666666667,3.5573333333333332,1.3637560333479595,0.30933333333333335,0.16066666666666668,0.53,0.6699999999999999,0.26099290780141843,0.7073333333333334,0.17733333333333334,5.445333333333333,1.4238952536824878,0.4656666666666667,0.263,0.27133333333333337,0.724,0.20612103188855527,0.37833333333333335,0.10700000000000001,4.501333333333333,1.3938256435152236,0.6699999999999999,0.44902420637771107
15,10,5,18,20,2,0.678,0.31333333333333335,0.008666666666666666,0.722,0.11432414256893074,0.04933333333333333,0.04066666666666666,3.26,1.2767558528428093,0.562,0.04733333333333333,0.39066666666666666,0.6473333333333333,0.3304157549234136,0.6886666666666666,0.298,4.554666666666667,1.6828193832599119,0.6200000000000001,0.18033333333333335,0.19966666666666666,0.6846666666666666,0.22236994874617216,0.369,0.16933333333333334,3.9073333333333333,1.4797876180513607,0.6473333333333333,0.4488906564159011
12,6,5,10,16,2,0.294,0.6753333333333333,0.030666666666666665,0.7246666666666667,0.08803301237964237,0.1,0.06933333333333333,2.9566666666666666,2.022002200220022,0.376,0.45066666666666666,0.17333333333333334,0.9493333333333334,0.20403225806451614,0.384,0.21066666666666667,3.8546666666666667,1.2818428184281845,0.33499999999999996,0.563,0.10200000000000001,0.837,0.14603263522207927,0.242,0.14,3.405666666666667,1.6519225093241032,0.7246666666666667,0.4488398603777492
15,15,5,22,16,1,0.616,0.37933333333333336,0.004666666666666667,0.784,0.15271265907568654,0.09066666666666667,0.086,3.4026666666666667,1.1041844577284374,0.7093333333333334,0.25666666666666665,0.034,0.6906666666666667,0.2857142857142857,0.326,0.292,3.616,1.2158341187558908,0.6626666666666667,0.318,0.019333333333333334,0.7373333333333334,0.21921347239498612,0.20833333333333334,0.189,3.509333333333333,1.160009288242164,0.6906666666666667,0.44877602781233056
15,10,5,18,30,1,0.12933333333333333,0.8433333333333334,0.027333333333333334,0.5566666666666666,0.13228238519533927,0.18,0.15266666666666667,3.5366666666666666,2.015427769985975,0.11733333333333333,0.5973333333333334,0.2853333333333333,0.7173333333333334,0.4468283582089552,0.7253333333333334,0.44,4.633333333333334,1.435702658708627,0.12333333333333332,0.7203333333333334,0.15633333333333332,0.637,0.28955537170214724,0.45266666666666666,0.29633333333333334,4.085,1.7255652143473008,0.5566666666666666,0.4485944076737628
15,6,5,14,20,1,0.22266666666666668,0.7646666666666667,0.012666666666666666,0.6353333333333333,0.11411208642808914,0.11266666666666666,0.1,3.2013333333333334,1.9289558665231432,0.22933333333333333,0.6773333333333333,0.09333333333333334,0.7226666666666667,0.37720588235294117,0.4846666666666667,0.3913333333333333,4.214,1.392947103274559,0.226,0.7210000000000001,0.053000000000000005,0.679,0.24565898439051514,0.2986666666666667,0.24566666666666664,3.707666666666667,1.6609514848988511,0.6353333333333333,0.4484484635447697
15,6,5,18,20,2,0.694,0.2966666666666667,0.009333333333333334,0.706,0.1016150740242261,0.051333333333333335,0.042,3.258,1.406574394463668,0.4573333333333333,0.05733333333333333,0.48533333333333334,0.6573333333333333,0.3018134715025907,0.7253333333333334,0.24,4.638,1.648068669527897,0.5756666666666667,0.17700000000000002,0.24733333333333335,0.6816666666666666,0.2017142727634084,0.38833333333333336,0.141,3.948,1.5273215319957825,0.6573333333333333,0.44840952121934835
18,6,7,14,20,1,0.352,0.6453333333333333,0.0026666666666666666,0.7546666666666666,0.03409090909090909,0.014666666666666666,0.012,3.176,1.902658180456758,0.36333333333333334,0.5713333333333334,0.06533333333333333,0.8286666666666667,0.2767475035663338,0.2833333333333333,0.218,5.032666666666667,1.2796438688789962,0.3576666666666667,0.6083333333333334,0.033999999999999996,0.7916666666666666,0.15541920632862144,0.149,0.115,4.104333333333333,1.591151024667877,0.7546666666666666,0.44801717459905754
18,10,5,18,16,1,0.632,0.346,0.022,0.768,0.15678254942058623,0.10266666666666667,0.08066666666666666,3.3493333333333335,1.1524390243902438,0.7293333333333333,0.12466666666666666,0.146,0.6706666666666666,0.2849336455893833,0.43733333333333335,0.29133333333333333,3.8606666666666665,1.3248,0.6806666666666666,0.2353333333333333,0.08399999999999999,0.7193333333333334,0.22085809750498475,0.27,0.186,3.605,1.2386195121951218,0.6706666666666666,0.44790495283433024
12,6,7,14,16,2,0.5273333333333333,0.4706666666666667,0.002,0.802,0.03072812291249165,0.012,0.01,3.444,1.4611154752553024,0.644,0.22666666666666666,0.12933333333333333,0.756,0.27029096477794795,0.31666666666666665,0.18733333333333332,5.05,1.4539249146757678,0.5856666666666667,0.3486666666666667,0.06566666666666666,0.779,0.1505095438452198,0.16433333333333333,0.09866666666666667,4.247,1.457520194965535,0.756,0.44755190876904394
18,15,7,18,20,1,0.5113333333333333,0.486,0.0026666666666666666,0.8026666666666666,0.045454545454545456,0.019333333333333334,0.016666666666666666,3.3913333333333333,1.4868735083532216,0.638,0.31,0.052,0.762,0.2707454289732771,0.24,0.188,4.82,1.1820245120290513,0.5746666666666667,0.398,0.02733333333333333,0.7823333333333333,0.15809998721391127,0.12966666666666665,0.10233333333333333,4.105666666666667,1.3344490101911366,0.762,0.44741999744278227
15,6,5,18,30,1,0.12066666666666667,0.8533333333333334,0.026,0.5466666666666666,0.1403148528405202,0.19533333333333333,0.16933333333333334,3.6013333333333333,2.0392716886826134,0.108,0.584,0.308,0.708,0.4479768786127168,0.7373333333333333,0.42933333333333334,4.6513333333333335,1.5493586168432794,0.11433333333333334,0.7186666666666667,0.167,0.6273333333333333,0.2941458657266185,0.4663333333333333,0.29933333333333334,4.126333333333333,1.7943151527629464,0.5466666666666666,0.44701250647865703
18,15,6,14,20,2,0.43133333333333335,0.5666666666666667,0.002,0.802,0.07014028056112225,0.009333333333333334,0.007333333333333333,2.8686666666666665,1.8152373941847628,0.64,0.21666666666666667,0.14333333333333334,0.76,0.222568093385214,0.31266666666666665,0.16933333333333334,4.2973333333333334,1.2642237222757955,0.5356666666666667,0.39166666666666666,0.07266666666666667,0.781,0.14635418697316813,0.161,0.08833333333333333,3.583,1.5397305582302792,0.76,0.44667083739463365
18,6,5,14,25,2,0.6153333333333333,0.35733333333333334,0.027333333333333334,0.7846666666666666,0.17957505140507196,0.10133333333333333,0.074,3.312666666666667,1.3772241992882561,0.228,0.22266666666666668,0.5493333333333333,0.6506666666666666,0.23668639053254437,0.7166666666666667,0.16733333333333333,4.580666666666667,1.4878048780487803,0.42166666666666663,0.29000000000000004,0.28833333333333333,0.7176666666666667,0.20813072096880816,0.40900000000000003,0.12066666666666667,3.9466666666666668,1.432514538668518,0.6506666666666666,0.446409477527095
12,15,5,14,16,2,0.4846666666666667,0.4886666666666667,0.02666666666666667,0.8266666666666667,0.13013698630136986,0.096,0.06933333333333333,3.324,1.499412455934195,0.7,0.17733333333333334,0.12266666666666666,0.7,0.24164133738601823,0.37333333333333335,0.25066666666666665,3.703333333333333,1.3306451612903225,0.5923333333333334,0.333,0.07466666666666666,0.7633333333333333,0.18588916184369403,0.2346666666666667,0.15999999999999998,3.5136666666666665,1.4150288086122589,0.7,0.4463778323687388
12,6,5,14,25,2,0.35933333333333334,0.54,0.10066666666666667,0.86,0.12527798369162343,0.23066666666666666,0.13,3.6013333333333333,1.8617157490396925,0.198,0.194,0.608,0.592,0.35374149659863946,0.806,0.198,4.696,1.2477611940298508,0.2786666666666667,0.367,0.35433333333333333,0.726,0.23950974014513143,0.5183333333333333,0.164,4.148666666666666,1.5547384715347716,0.592,0.4462519480290263
18,10,7,22,20,1,0.6793333333333333,0.318,0.0026666666666666666,0.7206666666666667,0.051470588235294115,0.016666666666666666,0.014,3.562,1.2592592592592593,0.684,0.22266666666666668,0.09333333333333334,0.716,0.35073529411764703,0.35133333333333333,0.258,5.392666666666667,1.2842998585572842,0.6816666666666666,0.2703333333333333,0.048,0.7183333333333333,0.20110294117647057,0.184,0.136,4.477333333333333,1.2717795589082717,0.716,0.4462205882352941
12,15,7,14,25,2,0.2946666666666667,0.688,0.017333333333333333,0.712,0.05495251017639077,0.04733333333333333,0.03,3.6693333333333333,1.9906340057636887,0.30733333333333335,0.41333333333333333,0.2793333333333333,0.9073333333333333,0.25254394079555964,0.49666666666666665,0.21733333333333332,5.747333333333334,1.2162584679520585,0.30100000000000005,0.5506666666666666,0.14833333333333332,0.8096666666666666,0.15374822548597522,0.27199999999999996,0.12366666666666666,4.708333333333334,1.6034462368578737,0.712,0.446099645097195
12,10,6,22,20,2,0.708,0.27,0.022,0.692,0.11520109066121335,0.06333333333333334,0.04133333333333333,3.556,1.3853292090145823,0.6273333333333333,0.03333333333333333,0.3393333333333333,0.6333333333333333,0.40161453077699294,0.6333333333333333,0.294,5.324666666666666,1.5934959349593496,0.6676666666666666,0.15166666666666667,0.18066666666666667,0.6626666666666666,0.2584078107191031,0.34833333333333333,0.16766666666666666,4.440333333333333,1.489412571986966,0.6333333333333333,0.4457482288104873
18,10,5,18,20,2,0.6433333333333333,0.348,0.008666666666666666,0.7566666666666666,0.101546738399462,0.04066666666666666,0.032,3.1646666666666667,1.2418489475856378,0.5906666666666667,0.07266666666666667,0.33666666666666667,0.6726666666666666,0.27839195979899495,0.604,0.2673333333333333,4.384666666666667,1.5718085106382977,0.617,0.21033333333333332,0.17266666666666666,0.7146666666666666,0.18996934909922847,0.3223333333333333,0.14966666666666667,3.7746666666666666,1.4068287291119677,0.6726666666666666,0.44512720315317905
15,15,5,22,30,2,0.6286666666666667,0.29733333333333334,0.074,0.7713333333333333,0.22174226061915048,0.20733333333333334,0.13333333333333333,3.7466666666666666,1.2820874471086035,0.31533333333333335,0.024666666666666667,0.66,0.54,0.4176470588235294,0.898,0.238,4.886666666666667,1.659060402684564,0.47200000000000003,0.161,0.367,0.6556666666666666,0.3196946597213399,0.5526666666666666,0.18566666666666665,4.316666666666666,1.4705739248965837,0.54,0.44468893194426795
18,6,5,22,16,1,0.772,0.2,0.028,0.6279999999999999,0.1673525377229081,0.11533333333333333,0.08733333333333333,3.417333333333333,1.3719851576994435,0.764,0.048666666666666664,0.18733333333333332,0.6359999999999999,0.3240360951599672,0.534,0.3466666666666667,4.160666666666667,1.461756373937677,0.768,0.12433333333333334,0.10766666666666666,0.6319999999999999,0.24569431644143763,0.32466666666666666,0.217,3.7889999999999997,1.4168707658185604,0.6279999999999999,0.44438886328828753
18,10,6,14,30,2,0.544,0.44666666666666666,0.009333333333333334,0.8093333333333333,0.14737550471063257,0.051333333333333335,0.042,3.386,1.613382899628253,0.22933333333333333,0.24466666666666667,0.526,0.6739999999999999,0.22081575246132207,0.68,0.154,5.319333333333334,1.4977307110438731,0.3866666666666667,0.3456666666666667,0.26766666666666666,0.7416666666666667,0.18409562858597733,0.3656666666666667,0.098,4.352666666666667,1.555556805336063,0.6739999999999999,0.44336912571719544
18,15,6,22,20,1,0.6506666666666666,0.3406666666666667,0.008666666666666666,0.7493333333333334,0.1452589105581708,0.056,0.04733333333333333,3.5086666666666666,1.1157985363753766,0.742,0.134,0.124,0.658,0.3850837138508371,0.4186666666666667,0.2946666666666667,4.641333333333334,1.3461139896373058,0.6963333333333332,0.23733333333333334,0.06633333333333333,0.7036666666666667,0.26517131220450396,0.23733333333333334,0.171,4.075,1.230956263006341,0.658,0.44328426244090086
12,10,6,14,16,2,0.5086666666666667,0.47733333333333333,0.014,0.8140000000000001,0.13252197430696416,0.054,0.04,3.4406666666666665,1.456943366951125,0.6906666666666667,0.17466666666666666,0.13466666666666666,0.7093333333333334,0.2765793528505393,0.3373333333333333,0.20266666666666666,4.402,1.3140495867768596,0.5996666666666667,0.326,0.07433333333333333,0.7616666666666667,0.20455066357875173,0.19566666666666666,0.12133333333333333,3.921333333333333,1.3854964768639921,0.7093333333333334,0.443126799382417
15,10,6,22,25,2,0.7893333333333333,0.198,0.012666666666666666,0.6106666666666667,0.18838622552329506,0.050666666666666665,0.038,3.8,1.672493100275989,0.44266666666666665,0.010666666666666666,0.5466666666666666,0.6106666666666667,0.3764705882352941,0.7693333333333333,0.22266666666666668,5.6626666666666665,1.9923882017126546,0.616,0.10433333333333333,0.2796666666666667,0.6106666666666667,0.2824284068792946,0.41,0.13033333333333333,4.731333333333334,1.8324406509943219,0.6106666666666667,0.44286901470919227
18,10,5,10,30,2,0.278,0.6673333333333333,0.05466666666666667,0.7326666666666667,0.10296191819464035,0.202,0.14733333333333334,2.99,2.2082212831348444,0.102,0.494,0.404,0.702,0.09172259507829977,0.5093333333333333,0.10533333333333333,4.048666666666667,2.1835958718087993,0.19,0.5806666666666667,0.22933333333333333,0.7173333333333334,0.09734225663647006,0.3556666666666667,0.12633333333333335,3.5193333333333334,2.1959085774718217,0.702,0.44276845132729403
18,6,5,18,30,1,0.374,0.5066666666666667,0.11933333333333333,0.8933333333333333,0.1809235427706283,0.2926666666666667,0.17333333333333334,3.760666666666667,1.702517162471396,0.17,0.16133333333333333,0.6686666666666666,0.5313333333333333,0.43661971830985913,0.868,0.19933333333333333,4.800666666666666,1.1397058823529411,0.272,0.334,0.39399999999999996,0.7123333333333333,0.3087716305402437,0.5803333333333334,0.18633333333333335,4.280666666666667,1.4211115224121684,0.5313333333333333,0.44242099277471547
15,10,7,14,20,2,0.48533333333333334,0.5113333333333333,0.0033333333333333335,0.8033333333333333,0.018729096989966554,0.005333333333333333,0.002,2.9833333333333334,1.7096146360451536,0.6153333333333333,0.138,0.24666666666666667,0.738,0.25398230088495577,0.4246666666666667,0.178,5.42,1.8,0.5503333333333333,0.32466666666666666,0.125,0.7706666666666666,0.13635569893746116,0.21500000000000002,0.09,4.201666666666666,1.7548073180225767,0.738,0.44202113978749225
18,6,7,14,25,1,0.31733333333333336,0.678,0.004666666666666667,0.722,0.05961152042866711,0.021333333333333333,0.016666666666666666,3.524,1.9066467513069454,0.17533333333333334,0.6946666666666667,0.13,0.7053333333333334,0.3157088122605364,0.3913333333333333,0.2613333333333333,5.453333333333333,1.514369012911287,0.24633333333333335,0.6863333333333334,0.06733333333333334,0.7136666666666667,0.18766016634460175,0.2063333333333333,0.13899999999999998,4.488666666666667,1.7105078821091162,0.7053333333333334,0.441998699935587
18,6,5,22,30,1,0.48733333333333334,0.386,0.12666666666666668,0.9126666666666666,0.20534351145038168,0.31666666666666665,0.19,3.921333333333333,1.3922155688622755,0.214,0.07733333333333334,0.7086666666666667,0.4913333333333334,0.5102974828375286,0.9326666666666666,0.224,4.908,1.2194403534609721,0.3506666666666667,0.2316666666666667,0.4176666666666667,0.702,0.35782049714395514,0.6246666666666667,0.20700000000000002,4.414666666666667,1.305827961161624,0.4913333333333334,0.4419807660954578
15,15,5,18,30,2,0.5366666666666666,0.39,0.07333333333333333,0.8633333333333333,0.18273381294964028,0.20066666666666666,0.12733333333333333,3.5886666666666667,1.5214669051878353,0.292,0.06066666666666667,0.6473333333333333,0.5526666666666666,0.39697542533081287,0.8773333333333333,0.23,4.850666666666666,1.4378920953575909,0.41433333333333333,0.22533333333333333,0.36033333333333334,0.708,0.2898546191402266,0.5389999999999999,0.17866666666666667,4.219666666666667,1.479679500272713,0.5526666666666666,0.4419542571613786
15,6,6,10,16,2,0.36333333333333334,0.6326666666666667,0.004,0.7673333333333333,0.07697456492637215,0.014666666666666666,0.010666666666666666,2.772666666666667,2.013893967093236,0.4673333333333333,0.394,0.13866666666666666,0.9326666666666666,0.16021671826625386,0.286,0.14733333333333334,4.138,1.2977165015079708,0.41533333333333333,0.5133333333333334,0.07133333333333333,0.85,0.118595641596313,0.15033333333333332,0.079,3.4553333333333334,1.6558052343006033,0.7673333333333333,0.4417857949859293
12,6,6,18,16,2,0.708,0.284,0.008,0.692,0.14986559139784947,0.04533333333333334,0.037333333333333336,3.592,1.2918599746942219,0.7533333333333333,0.05333333333333334,0.19333333333333333,0.6466666666666667,0.3950413223140496,0.47933333333333333,0.286,4.8966666666666665,1.5917686318131254,0.7306666666666666,0.16866666666666666,0.10066666666666667,0.6693333333333333,0.2724534568559495,0.2623333333333333,0.16166666666666665,4.2443333333333335,1.4418143032536737,0.6466666666666667,0.44142402470452324
15,10,6,22,25,1,0.2886666666666667,0.7113333333333334,0.0,0.6886666666666666,0.166,0.035333333333333335,0.035333333333333335,3.7293333333333334,1.7479614529280951,0.182,0.7766666666666666,0.04133333333333333,0.6233333333333333,0.4853963838664812,0.41533333333333333,0.374,5.14,1.3686354378818737,0.23533333333333334,0.744,0.020666666666666667,0.6559999999999999,0.3256981919332406,0.22533333333333333,0.20466666666666666,4.434666666666667,1.5582984454049844,0.6233333333333333,0.4413063050533148
18,10,5,14,16,2,0.5146666666666667,0.47533333333333333,0.01,0.81,0.10101010101010101,0.03,0.02,3.012,1.535200605601817,0.6653333333333333,0.15533333333333332,0.17933333333333334,0.7346666666666667,0.17709179528838342,0.372,0.19266666666666668,3.740666666666667,1.255591054313099,0.5900000000000001,0.31533333333333335,0.09466666666666668,0.7723333333333333,0.1390509481492422,0.201,0.10633333333333334,3.376333333333333,1.395395829957458,0.7346666666666667,0.4412435229631818
12,10,5,10,16,2,0.29,0.682,0.028,0.718,0.08916323731138547,0.09133333333333334,0.06333333333333334,2.924,2.0502183406113534,0.43133333333333335,0.41733333333333333,0.15133333333333332,0.9513333333333334,0.18460329929300864,0.3626666666666667,0.21133333333333335,3.7133333333333334,1.21996303142329,0.3606666666666667,0.5496666666666667,0.08966666666666666,0.8346666666666667,0.13688326830219705,0.227,0.13733333333333334,3.3186666666666667,1.6350906860173218,0.718,0.4410266536604394
15,6,7,14,25,2,0.618,0.37466666666666665,0.007333333333333333,0.782,0.04231027535258563,0.020666666666666667,0.013333333333333334,3.534666666666667,1.363987967339923,0.318,0.168,0.514,0.6859999999999999,0.26337448559670784,0.688,0.174,6.212,1.719402985074627,0.46799999999999997,0.2713333333333333,0.26066666666666666,0.734,0.15284238047464674,0.3543333333333333,0.09366666666666666,4.873333333333333,1.541695476207275,0.6859999999999999,0.4407684760949293
15,15,6,22,25,2,0.7426666666666667,0.24333333333333335,0.014,0.6573333333333333,0.18796484110885733,0.056666666666666664,0.042666666666666665,3.8013333333333335,1.4195250659630605,0.5686666666666667,0.006,0.42533333333333334,0.606,0.39675174013921116,0.6893333333333334,0.264,5.519333333333333,1.954128440366972,0.6556666666666666,0.12466666666666668,0.21966666666666668,0.6316666666666666,0.29235829062403423,0.373,0.15333333333333335,4.660333333333333,1.6868267531650163,0.606,0.4404216581248069
12,15,5,14,30,2,0.19133333333333333,0.7126666666666667,0.096,0.6873333333333334,0.0803834808259587,0.22866666666666666,0.13266666666666665,3.3466666666666667,2.2174414137533613,0.158,0.25133333333333335,0.5906666666666667,0.6093333333333333,0.2785016286644951,0.7786666666666666,0.188,4.6546666666666665,1.391465677179963,0.17466666666666666,0.482,0.3433333333333333,0.6483333333333333,0.1794425547452269,0.5036666666666666,0.16033333333333333,4.000666666666667,1.8044535454666621,0.6093333333333333,0.44015517761571205
18,10,7,18,25,2,0.7,0.29933333333333334,0.0006666666666666666,0.7,0.04869913275517011,0.007333333333333333,0.006666666666666667,3.5446666666666666,1.4093264248704662,0.5093333333333333,0.08666666666666667,0.404,0.6866666666666666,0.3076062639821029,0.6026666666666667,0.19866666666666666,6.1273333333333335,2.045889101338432,0.6046666666666667,0.193,0.20233333333333334,0.6933333333333334,0.1781526983686365,0.305,0.10266666666666666,4.836,1.7276077631044493,0.6866666666666666,0.4401138730070606
15,15,5,14,30,2,0.3893333333333333,0.5393333333333333,0.07133333333333333,0.8606666666666667,0.1363962670495334,0.19,0.11866666666666667,3.3026666666666666,1.8999999999999997,0.238,0.15,0.612,0.588,0.33505154639175255,0.8113333333333334,0.19933333333333333,4.728666666666666,1.1363163371488032,0.31366666666666665,0.3446666666666667,0.3416666666666667,0.7243333333333333,0.23572390672064297,0.5006666666666667,0.159,4.015666666666666,1.5181581685744014,0.588,0.44009478134412855
15,15,5,18,20,2,0.636,0.35133333333333333,0.012666666666666666,0.764,0.11276164753544902,0.059333333333333335,0.04666666666666667,3.2373333333333334,1.2373158756137481,0.6553333333333333,0.05,0.2946666666666667,0.65,0.2996219281663516,0.5853333333333334,0.2906666666666667,4.330666666666667,1.6683673469387754,0.6456666666666666,0.20066666666666666,0.15366666666666667,0.7070000000000001,0.2061917878509003,0.32233333333333336,0.1686666666666667,3.784,1.4528416112762619,0.65,0.4398883575701801
15,15,5,18,30,1,0.136,0.8353333333333334,0.028666666666666667,0.5646666666666667,0.12216884008236102,0.16,0.13133333333333333,3.4513333333333334,2.0713780918727913,0.13266666666666665,0.5886666666666667,0.2786666666666667,0.7326666666666667,0.4168207024029575,0.6846666666666666,0.406,4.572,1.474986551909629,0.13433333333333333,0.712,0.15366666666666667,0.6486666666666667,0.26949477124265925,0.42233333333333334,0.26866666666666666,4.011666666666667,1.7731823218912102,0.5646666666666667,0.4398822875818652
15,10,5,10,20,2,0.30333333333333334,0.676,0.020666666666666667,0.724,0.07147719537100068,0.05,0.029333333333333333,2.6153333333333335,2.1115133960897903,0.316,0.422,0.262,0.916,0.16621499548328816,0.4513333333333333,0.18933333333333333,4.018666666666666,1.5825753949258021,0.30966666666666665,0.549,0.14133333333333334,0.8200000000000001,0.11884609542714442,0.25066666666666665,0.10933333333333332,3.317,1.8470443955077962,0.724,0.4397692190854289
15,15,7,14,30,2,0.41933333333333334,0.57,0.010666666666666666,0.8106666666666666,0.03975741239892183,0.03866666666666667,0.028,3.4186666666666667,1.9029503105590062,0.3,0.17533333333333334,0.5246666666666666,0.6753333333333333,0.2594670406732118,0.7093333333333334,0.18466666666666667,6.251333333333333,1.692307692307692,0.3596666666666667,0.37266666666666665,0.26766666666666666,0.743,0.14961222653606682,0.374,0.10633333333333334,4.835,1.7976290014333491,0.6753333333333333,0.43963911197388006
18,6,5,18,25,2,0.7473333333333333,0.23,0.02266666666666667,0.6526666666666667,0.22100954979536153,0.09266666666666666,0.07,3.526,1.6909607193563654,0.308,0.09866666666666667,0.5933333333333334,0.6066666666666667,0.29180327868852457,0.782,0.18866666666666668,4.732666666666667,1.435546875,0.5276666666666666,0.16433333333333333,0.30800000000000005,0.6296666666666667,0.25640641424194305,0.43733333333333335,0.12933333333333336,4.129333333333333,1.5632537971781826,0.6066666666666667,0.439614616181722
18,6,5,10,25,2,0.3506666666666667,0.624,0.025333333333333333,0.776,0.1121751025991792,0.11533333333333333,0.09,2.9106666666666667,2.091785576552256,0.118,0.496,0.386,0.718,0.10423452768729642,0.4826666666666667,0.09666666666666666,4.040666666666667,2.110647181628392,0.23433333333333334,0.56,0.20566666666666666,0.747,0.10820481514323782,0.299,0.09333333333333332,3.4756666666666667,2.101216379090324,0.718,0.43949096302864754
12,6,5,10,25,2,0.176,0.728,0.096,0.6719999999999999,0.08112094395280237,0.21466666666666667,0.11866666666666667,3.1686666666666667,2.239969430645778,0.10733333333333334,0.49266666666666664,0.4,0.7073333333333334,0.18555555555555556,0.5453333333333333,0.14533333333333334,4.183333333333334,1.6919592298980748,0.14166666666666666,0.6103333333333333,0.248,0.6896666666666667,0.13333824975417896,0.38,0.132,3.676,1.9659643302719263,0.6719999999999999,0.43946764995083576
15,6,7,10,25,2,0.38333333333333336,0.6133333333333333,0.0033333333333333335,0.7866666666666666,0.0294314381270903,0.018,0.014666666666666666,3.1846666666666668,2.005281026027914,0.16333333333333333,0.5446666666666666,0.292,0.7633333333333334,0.1016949152542373,0.42733333333333334,0.13533333333333333,5.158666666666667,1.9048913043478262,0.2733333333333333,0.579,0.14766666666666667,0.775,0.0655631766906638,0.22266666666666668,0.075,4.171666666666667,1.9550861651878702,0.7633333333333334,0.43942930200479946
15,10,5,14,20,1,0.22133333333333333,0.7693333333333333,0.009333333333333334,0.6306666666666667,0.11776581426648722,0.10733333333333334,0.098,3.166,1.9392205934930284,0.266,0.66,0.074,0.74,0.3434125269978402,0.4493333333333333,0.37533333333333335,4.118666666666667,1.3562159899539556,0.24366666666666667,0.7146666666666667,0.041666666666666664,0.6853333333333333,0.23058917063216372,0.2783333333333333,0.2366666666666667,3.642333333333333,1.647718291723492,0.6306666666666667,0.4387011674597662
18,15,5,14,16,1,0.444,0.5393333333333333,0.016666666666666666,0.8166666666666667,0.11322033898305085,0.07866666666666666,0.062,3.0726666666666667,1.640552995391705,0.6786666666666666,0.238,0.08333333333333333,0.7213333333333334,0.2029090909090909,0.2806666666666667,0.19733333333333333,3.368,1.2164502164502167,0.5613333333333334,0.38866666666666666,0.049999999999999996,0.769,0.15806471494607088,0.17966666666666667,0.12966666666666665,3.2203333333333335,1.4285016059209608,0.7213333333333334,0.4386796096558809
15,15,7,22,20,1,0.48133333333333334,0.5186666666666667,0.0,0.8,0.054,0.0026666666666666666,0.0026666666666666666,3.5246666666666666,1.354531001589825,0.42733333333333334,0.572,0.0006666666666666666,0.8006666666666666,0.2701801200800534,0.03933333333333333,0.03866666666666667,4.574666666666666,1.0861855670103093,0.45433333333333337,0.5453333333333333,0.0003333333333333333,0.8003333333333333,0.16209006004002668,0.020999999999999998,0.020666666666666667,4.049666666666667,1.220358284300067,0.8,0.4386680120080053
15,10,6,10,25,2,0.30666666666666664,0.68,0.013333333333333334,0.72,0.08445945945945946,0.05533333333333333,0.042,3.06,2.137432188065099,0.21266666666666667,0.48133333333333334,0.306,0.8126666666666666,0.14601344860710855,0.4693333333333333,0.16333333333333333,4.648666666666666,1.8197674418604652,0.25966666666666666,0.5806666666666667,0.15966666666666665,0.7663333333333333,0.115236454033284,0.2623333333333333,0.10266666666666667,3.854333333333333,1.9785998149627821,0.72,0.4377972908066568
18,10,7,14,30,2,0.5493333333333333,0.44733333333333336,0.0033333333333333335,0.8033333333333333,0.05351170568561873,0.010666666666666666,0.007333333333333333,3.4,1.605911330049261,0.24533333333333332,0.25866666666666666,0.496,0.704,0.18518518518518517,0.6506666666666666,0.15466666666666667,6.069333333333334,1.3914209115281502,0.3973333333333333,0.353,0.24966666666666668,0.7536666666666667,0.11934844543540195,0.33066666666666666,0.081,4.734666666666667,1.4986661207887055,0.704,0.4376196890870803
18,15,7,18,25,2,0.6553333333333333,0.342,0.0026666666666666666,0.7446666666666667,0.03943850267379679,0.008666666666666666,0.006,3.524,1.2507325240686478,0.6193333333333333,0.09466666666666666,0.286,0.6946666666666668,0.3183940242763772,0.49866666666666665,0.21266666666666667,5.7973333333333334,1.8927973199329984,0.6373333333333333,0.21833333333333335,0.1443333333333333,0.7196666666666667,0.178916263475087,0.25366666666666665,0.10933333333333334,4.660666666666667,1.5717649220008232,0.6946666666666668,0.4375665860283508
18,15,6,22,25,2,0.7553333333333333,0.24133333333333334,0.0033333333333333335,0.6446666666666667,0.18461538461538463,0.03333333333333333,0.03,3.6186666666666665,1.4010349288486417,0.6146666666666667,0.029333333333333333,0.356,0.6293333333333333,0.35403726708074534,0.6033333333333334,0.24733333333333332,5.302,1.8658536585365852,0.685,0.13533333333333333,0.17966666666666667,0.637,0.269326325848065,0.31833333333333336,0.13866666666666666,4.460333333333333,1.6334442936926135,0.6293333333333333,0.43708193183627964
15,15,5,10,25,2,0.24666666666666667,0.7126666666666667,0.04066666666666666,0.6873333333333334,0.0965948575399583,0.126,0.08533333333333333,2.8253333333333335,2.2445414847161573,0.22266666666666668,0.4573333333333333,0.32,0.8226666666666667,0.1696078431372549,0.49933333333333335,0.17933333333333334,4.068,1.8354366481574962,0.2346666666666667,0.585,0.18033333333333335,0.755,0.1331013503386066,0.31266666666666665,0.13233333333333333,3.4466666666666663,2.039989066436827,0.6873333333333334,0.437036936734388
15,10,6,10,16,2,0.3626666666666667,0.6353333333333333,0.002,0.7646666666666667,0.0788243152972612,0.014666666666666666,0.012666666666666666,2.778,1.9546742209631727,0.5113333333333333,0.38466666666666666,0.104,0.8886666666666667,0.15848214285714285,0.244,0.14,3.8813333333333335,1.276157804459691,0.437,0.51,0.053,0.8266666666666667,0.11865322907720202,0.12933333333333333,0.07633333333333334,3.3296666666666668,1.6154160127114319,0.7646666666666667,0.4369139791487738
15,6,6,14,16,2,0.598,0.4,0.002,0.802,0.11088844355377421,0.009333333333333334,0.007333333333333333,3.224,1.353846153846154,0.69,0.11933333333333333,0.19066666666666668,0.71,0.24629324546952225,0.3933333333333333,0.20266666666666666,4.607333333333333,1.5851458885941645,0.6439999999999999,0.25966666666666666,0.09633333333333334,0.756,0.17859084451164822,0.20133333333333334,0.105,3.9156666666666666,1.4694960212201593,0.71,0.4366681689023296
15,6,6,10,20,2,0.3293333333333333,0.6666666666666666,0.004,0.7333333333333334,0.06291834002677377,0.023333333333333334,0.019333333333333334,2.6626666666666665,2.103611820503466,0.31866666666666665,0.44133333333333336,0.24,0.9186666666666666,0.1675438596491228,0.4073333333333333,0.16733333333333333,4.53,1.5661764705882353,0.32399999999999995,0.554,0.122,0.8260000000000001,0.11523109983794828,0.21533333333333332,0.09333333333333334,3.5963333333333334,1.8348941455458507,0.7333333333333334,0.43601288663425636
18,10,7,14,16,1,0.448,0.55,0.002,0.802,0.028056112224448898,0.010666666666666666,0.008666666666666666,3.1566666666666667,1.6369811320754717,0.602,0.38,0.018,0.798,0.17854718262050237,0.10466666666666667,0.08666666666666667,4.040666666666667,1.0617760617760617,0.525,0.465,0.009999999999999998,0.8,0.10330164742247563,0.05766666666666667,0.04766666666666667,3.5986666666666665,1.3493785969257668,0.798,0.43546032948449515
15,6,6,18,25,2,0.7533333333333333,0.232,0.014666666666666666,0.6466666666666667,0.18064952638700948,0.04533333333333334,0.030666666666666665,3.716,1.6551240056153487,0.36533333333333334,0.04933333333333333,0.5853333333333334,0.6146666666666667,0.319935691318328,0.7746666666666666,0.18933333333333333,5.6626666666666665,1.9390962671905696,0.5593333333333333,0.14066666666666666,0.30000000000000004,0.6306666666666667,0.25029260885266874,0.41,0.11,4.689333333333334,1.7971101364029591,0.6146666666666667,0.43539185510386713
12,6,7,22,20,2,0.7473333333333333,0.248,0.004666666666666667,0.6526666666666667,0.038178164768921635,0.02266666666666667,0.018,3.5493333333333332,1.4512635379061372,0.6173333333333333,0.05466666666666667,0.328,0.6546666666666667,0.3878968253968254,0.586,0.258,6.1193333333333335,1.6852664576802505,0.6823333333333332,0.15133333333333332,0.16633333333333333,0.6536666666666667,0.2130374950828735,0.30433333333333334,0.138,4.834333333333333,1.568264997793194,0.6526666666666667,0.43529083234990806
18,10,7,14,20,1,0.35533333333333333,0.6433333333333333,0.0013333333333333333,0.7566666666666666,0.036048064085447265,0.008666666666666666,0.007333333333333333,3.142,1.8434268833087148,0.4093333333333333,0.5373333333333333,0.05333333333333334,0.8533333333333334,0.23732394366197182,0.21333333333333335,0.16,4.780666666666667,1.1850622406639004,0.3823333333333333,0.5903333333333334,0.027333333333333334,0.8049999999999999,0.13668600387370955,0.111,0.08366666666666667,3.961333333333333,1.5142445619863076,0.7566666666666666,0.4348705341080752
18,15,5,18,20,2,0.6026666666666667,0.39266666666666666,0.004666666666666667,0.7973333333333333,0.10448760884125921,0.03866666666666667,0.034,3.1506666666666665,1.3407027240426372,0.6913333333333334,0.07133333333333333,0.23733333333333334,0.6713333333333333,0.24388111888111888,0.5113333333333333,0.274,4.140666666666666,1.4902884049440845,0.647,0.23199999999999998,0.12100000000000001,0.7343333333333333,0.17418436386118905,0.27499999999999997,0.15400000000000003,3.645666666666666,1.415495564493361,0.6713333333333333,0.4348535394389045
12,15,7,22,20,2,0.69,0.3006666666666667,0.009333333333333334,0.71,0.04104979811574697,0.035333333333333335,0.026,3.5853333333333333,1.2753138075313808,0.6946666666666667,0.1,0.20533333333333334,0.7,0.28942953020134227,0.41533333333333333,0.21,5.498,1.5374592833876222,0.6923333333333332,0.20033333333333336,0.10733333333333334,0.705,0.16523966415854463,0.22533333333333333,0.118,4.541666666666667,1.4063865454595015,0.7,0.4345479328317089
18,6,6,18,20,2,0.6733333333333333,0.326,0.0006666666666666666,0.7266666666666667,0.08805870580386925,0.005333333333333333,0.004666666666666667,3.174,1.3425964330153464,0.62,0.074,0.306,0.6739999999999999,0.3112391930835735,0.5313333333333333,0.22533333333333333,5.125333333333334,1.7515078407720146,0.6466666666666667,0.2,0.15333333333333332,0.7003333333333333,0.19964894944372139,0.2683333333333333,0.115,4.149666666666667,1.5470521368936805,0.6739999999999999,0.43442978988874426
15,6,6,22,25,1,0.30533333333333335,0.6946666666666667,0.0,0.7053333333333334,0.17066666666666666,0.037333333333333336,0.037333333333333336,3.776,1.71824480369515,0.15333333333333332,0.8006666666666666,0.046,0.5993333333333333,0.4779874213836478,0.45066666666666666,0.4046666666666667,5.209333333333333,1.4043583535108957,0.22933333333333333,0.7476666666666667,0.023,0.6523333333333333,0.3243270440251572,0.244,0.221,4.492666666666667,1.5613015786030229,0.5993333333333333,0.4342820754716981
12,15,6,18,30,2,0.312,0.6286666666666667,0.059333333333333335,0.7713333333333333,0.13536498936924168,0.16666666666666666,0.10733333333333334,3.928,1.9603729603729605,0.232,0.14733333333333334,0.6206666666666667,0.5793333333333333,0.3321616871704745,0.824,0.20333333333333334,5.686,1.3528183716075155,0.272,0.388,0.34,0.6753333333333333,0.2337633382698581,0.4953333333333333,0.15533333333333332,4.807,1.6565956659902379,0.5793333333333333,0.4340193343206382
15,10,5,10,16,2,0.3313333333333333,0.6573333333333333,0.011333333333333334,0.7426666666666666,0.07012811867835468,0.038,0.02666666666666667,2.7146666666666666,2.0276595744680854,0.4746666666666667,0.36533333333333334,0.16,0.9253333333333333,0.14126984126984127,0.32266666666666666,0.16266666666666665,3.6553333333333335,1.3032786885245902,0.403,0.5113333333333333,0.08566666666666667,0.834,0.10569897997409797,0.18033333333333332,0.09466666666666666,3.185,1.6654691314963377,0.7426666666666666,0.4337231293281529
18,6,6,18,16,1,0.66,0.33466666666666667,0.005333333333333333,0.74,0.1554959785522788,0.043333333333333335,0.038,3.4,1.1224489795918366,0.7406666666666667,0.176,0.08333333333333333,0.6593333333333333,0.344,0.3606666666666667,0.2773333333333333,4.458,1.3217391304347825,0.7003333333333334,0.2553333333333333,0.04433333333333333,0.6996666666666667,0.2497479892761394,0.202,0.15766666666666665,3.9290000000000003,1.2220940550133097,0.6593333333333333,0.43356626452189456
12,6,5,22,16,2,0.8113333333333334,0.16666666666666666,0.022,0.5886666666666667,0.1499659168370825,0.08733333333333333,0.06533333333333333,3.5393333333333334,1.6065573770491803,0.696,0.019333333333333334,0.2846666666666667,0.6193333333333333,0.3727865796831314,0.6433333333333333,0.3586666666666667,4.3933333333333335,1.5487571701720841,0.7536666666666667,0.093,0.15333333333333335,0.604,0.26137624826010697,0.36533333333333334,0.21200000000000002,3.9663333333333335,1.5776572736106322,0.5886666666666667,0.43320858298535475
12,6,5,10,20,2,0.23733333333333334,0.7193333333333334,0.043333333333333335,0.6806666666666666,0.059930313588850176,0.118,0.07466666666666667,2.7906666666666666,2.1972140762463344,0.226,0.484,0.29,0.8260000000000001,0.20657276995305165,0.486,0.196,4.092666666666666,1.4985014985014984,0.2316666666666667,0.6016666666666667,0.16666666666666666,0.7533333333333334,0.13325154177095092,0.302,0.13533333333333333,3.4416666666666664,1.8478577873739164,0.6806666666666666,0.4325836416875235
18,6,5,22,25,2,0.828,0.15,0.022,0.5720000000000001,0.22426721199727334,0.09533333333333334,0.07333333333333333,3.6126666666666667,1.8455988455988457,0.3446666666666667,0.04066666666666666,0.6146666666666667,0.5853333333333333,0.3408304498269896,0.8226666666666667,0.208,4.793333333333333,1.7124039517014271,0.5863333333333334,0.09533333333333333,0.31833333333333336,0.5786666666666667,0.28254883091213145,0.459,0.14066666666666666,4.202999999999999,1.7790013986501365,0.5720000000000001,0.4324597661824263
12,15,7,22,30,2,0.4033333333333333,0.5566666666666666,0.04,0.8400000000000001,0.07291666666666667,0.09066666666666667,0.050666666666666665,4.185333333333333,1.7377312952534192,0.262,0.15266666666666667,0.5853333333333334,0.6146666666666667,0.3247588424437299,0.7906666666666666,0.20533333333333334,6.626,1.3846153846153848,0.33266666666666667,0.3546666666666667,0.3126666666666667,0.7273333333333334,0.19883775455519828,0.44066666666666665,0.128,5.405666666666667,1.561173339934402,0.6146666666666667,0.432400884244373
15,15,5,10,16,2,0.33866666666666667,0.6466666666666666,0.014666666666666666,0.7533333333333334,0.08322056833558863,0.042,0.027333333333333334,2.7586666666666666,1.9985704074338813,0.5653333333333334,0.3373333333333333,0.09733333333333333,0.8346666666666667,0.12703101920236337,0.24533333333333332,0.148,3.316666666666667,1.1571994715984146,0.452,0.492,0.055999999999999994,0.794,0.105125793768976,0.14366666666666666,0.08766666666666667,3.0376666666666665,1.577884939516148,0.7533333333333334,0.4323918254204619
12,6,5,22,25,2,0.6126666666666667,0.2906666666666667,0.09666666666666666,0.7873333333333333,0.16900369003690036,0.238,0.14133333333333334,3.8893333333333335,1.3633618520382487,0.27466666666666667,0.027333333333333334,0.698,0.502,0.48344370860927155,0.9333333333333333,0.23533333333333334,4.918,1.589519650655022,0.44366666666666665,0.159,0.3973333333333333,0.6446666666666667,0.3262236993230859,0.5856666666666667,0.18833333333333335,4.403666666666667,1.4764407513466353,0.502,0.4323447398646172
15,6,5,14,25,2,0.6013333333333334,0.354,0.04466666666666667,0.7986666666666666,0.19260293091416608,0.13666666666666666,0.092,3.4513333333333334,1.4065934065934065,0.23,0.16,0.61,0.59,0.28376068376068375,0.788,0.178,4.692,1.1567010309278352,0.4156666666666667,0.257,0.3273333333333333,0.6943333333333332,0.23818180733742492,0.4623333333333334,0.135,4.071666666666667,1.2816472187606207,0.59,0.432236361467485
15,6,5,10,30,2,0.284,0.6146666666666667,0.10133333333333333,0.7853333333333333,0.11572700296735905,0.24866666666666667,0.14733333333333334,3.256666666666667,2.169533169533169,0.06533333333333333,0.42866666666666664,0.506,0.6653333333333333,0.09986504723346828,0.574,0.068,4.190666666666667,2.1491961414791,0.17466666666666664,0.5216666666666667,0.30366666666666664,0.7253333333333334,0.10779602510041367,0.41133333333333333,0.10766666666666667,3.723666666666667,2.1593646555061348,0.6653333333333333,0.4320758716867494
12,6,5,18,25,2,0.488,0.4146666666666667,0.09733333333333333,0.8973333333333333,0.15657311669128507,0.23933333333333334,0.142,3.7773333333333334,1.4972577696526506,0.242,0.07533333333333334,0.6826666666666666,0.5173333333333333,0.4474789915966387,0.902,0.21933333333333332,4.871333333333333,1.4059945504087195,0.365,0.245,0.39,0.7073333333333334,0.3020260541439619,0.5706666666666667,0.18066666666666664,4.324333333333334,1.451626160030685,0.5173333333333333,0.4317718774954591
18,15,7,22,30,2,0.726,0.2713333333333333,0.0026666666666666666,0.6739999999999999,0.05748663101604278,0.012666666666666666,0.01,3.744,1.4000000000000001,0.4846666666666667,0.037333333333333336,0.478,0.6373333333333333,0.36270753512132825,0.6966666666666667,0.21866666666666668,6.417333333333334,2.248327137546468,0.6053333333333333,0.15433333333333332,0.24033333333333332,0.6556666666666666,0.21009708306868552,0.3546666666666667,0.11433333333333334,5.080666666666667,1.8241635687732343,0.6373333333333333,0.43103608328040377
18,6,6,18,25,2,0.7813333333333333,0.21266666666666667,0.006,0.6186666666666667,0.18645204560697518,0.026,0.02,3.6066666666666665,1.713483146067416,0.398,0.08733333333333333,0.5146666666666667,0.6853333333333333,0.3131868131868132,0.7093333333333334,0.19466666666666665,5.519333333333333,1.7469586374695862,0.5896666666666667,0.15,0.26033333333333336,0.652,0.24981942939689417,0.3676666666666667,0.10733333333333332,4.563,1.7302208917685011,0.6186666666666667,0.4305472192127122
15,6,5,22,25,2,0.8013333333333333,0.154,0.04466666666666667,0.5986666666666667,0.22609909281228194,0.138,0.09333333333333334,3.72,1.873668188736682,0.31733333333333336,0.018,0.6646666666666666,0.5353333333333333,0.3956262425447316,0.8866666666666667,0.222,4.868,1.697802197802198,0.5593333333333333,0.086,0.35466666666666663,0.567,0.3108626676785068,0.5123333333333333,0.15766666666666668,4.2940000000000005,1.7857351932694399,0.5353333333333333,0.430339200202368
15,6,6,18,20,2,0.7006666666666667,0.29333333333333333,0.006,0.6993333333333334,0.09188464118041582,0.021333333333333333,0.015333333333333332,3.2853333333333334,1.4154838709677418,0.586,0.03866666666666667,0.37533333333333335,0.6386666666666667,0.3447171824973319,0.6166666666666667,0.24133333333333334,5.307333333333333,1.8951724137931034,0.6433333333333333,0.166,0.19066666666666668,0.669,0.21830091183887387,0.319,0.12833333333333333,4.296333333333333,1.6553281423804225,0.6386666666666667,0.43009351570110815
15,15,6,22,16,1,0.608,0.392,0.0,0.792,0.16933333333333334,0.019333333333333334,0.019333333333333334,3.4346666666666668,1.0639175257731959,0.6726666666666666,0.32466666666666666,0.0026666666666666666,0.7273333333333334,0.2934491978609626,0.11333333333333333,0.11066666666666666,3.698,1.1818181818181819,0.6403333333333333,0.35833333333333334,0.0013333333333333333,0.7596666666666667,0.23139126559714795,0.06633333333333333,0.065,3.5663333333333336,1.1228678537956889,0.7273333333333334,0.42964491978609626
18,6,6,14,16,2,0.554,0.44133333333333336,0.004666666666666667,0.8046666666666666,0.08573342263898191,0.012666666666666666,0.008,3.0733333333333333,1.46482122260669,0.6833333333333333,0.174,0.14266666666666666,0.7166666666666666,0.23250388802488337,0.31933333333333336,0.17666666666666667,4.318,1.3346341463414635,0.6186666666666667,0.30766666666666664,0.07366666666666667,0.7606666666666666,0.15911865533193265,0.166,0.09233333333333334,3.6956666666666664,1.3997276844740767,0.7166666666666666,0.42890706439971976
12,10,5,10,20,2,0.23666666666666666,0.7226666666666667,0.04066666666666666,0.6773333333333333,0.057678943710910355,0.108,0.06733333333333333,2.786,2.167324955116696,0.2713333333333333,0.4713333333333333,0.25733333333333336,0.8713333333333333,0.19299820466786355,0.474,0.21666666666666667,4.036,1.4642857142857144,0.254,0.597,0.14900000000000002,0.7743333333333333,0.12533857418938696,0.291,0.14200000000000002,3.4109999999999996,1.8158053347012053,0.6773333333333333,0.428684381504544
15,10,7,22,20,1,0.4613333333333333,0.5386666666666666,0.0,0.8,0.050666666666666665,0.002,0.002,3.550666666666667,1.4030694668820678,0.374,0.6253333333333333,0.0006666666666666666,0.7746666666666666,0.2875250166777852,0.048,0.04733333333333333,4.765333333333333,1.1540342298288508,0.41766666666666663,0.582,0.0003333333333333333,0.7873333333333333,0.1690958416722259,0.025,0.024666666666666667,4.158,1.2785518483554594,0.7746666666666666,0.42860250166777847
15,6,7,18,16,1,0.49333333333333335,0.5066666666666667,0.0,0.8,0.05,0.0,0.0,3.432,1.3654681943895695,0.446,0.554,0.0,0.8,0.20333333333333334,0.020666666666666667,0.020666666666666667,4.254666666666667,1.041140529531568,0.4696666666666667,0.5303333333333333,0.0,0.8,0.12666666666666668,0.010333333333333333,0.010333333333333333,3.8433333333333337,1.2033043619605688,0.8,0.42843333333333333
15,6,7,18,25,2,0.7473333333333333,0.24933333333333332,0.0033333333333333335,0.6526666666666667,0.043478260869565216,0.016,0.012666666666666666,3.726,1.617714547957779,0.38466666666666666,0.05,0.5653333333333334,0.6346666666666666,0.34202453987730064,0.75,0.18466666666666667,6.492666666666667,2.2539964476021317,0.566,0.14966666666666667,0.2843333333333333,0.6436666666666666,0.1927514003734329,0.383,0.09866666666666667,5.109333333333334,1.9358554977799554,0.6346666666666666,0.42813361340801986
12,6,6,10,16,2,0.3006666666666667,0.692,0.007333333333333333,0.708,0.09267965077233042,0.04533333333333334,0.038,3.0033333333333334,1.9856887298747763,0.41533333333333333,0.4613333333333333,0.12333333333333334,0.9233333333333333,0.22737642585551332,0.3006666666666667,0.17733333333333334,4.226,1.233160621761658,0.358,0.5766666666666667,0.06533333333333334,0.8156666666666667,0.16002803831392187,0.17300000000000001,0.10766666666666667,3.6146666666666665,1.6094246758182171,0.708,0.4281056076627844
15,6,5,18,25,2,0.7293333333333333,0.22533333333333333,0.04533333333333334,0.6706666666666666,0.20460893854748605,0.13,0.08466666666666667,3.6466666666666665,1.6809965803615048,0.2833333333333333,0.06866666666666667,0.648,0.5519999999999999,0.35984848484848486,0.854,0.206,4.819333333333334,1.3518987341772153,0.5063333333333333,0.147,0.3466666666666667,0.6113333333333333,0.28222871169798547,0.492,0.14533333333333331,4.2330000000000005,1.5164476572693601,0.5519999999999999,0.428045742339597
15,15,5,10,20,2,0.284,0.6953333333333334,0.020666666666666667,0.7046666666666667,0.06671204901293397,0.058666666666666666,0.038,2.6286666666666667,2.1393354769560555,0.39466666666666667,0.414,0.19133333333333333,0.986,0.18136850783182193,0.386,0.19466666666666665,3.816,1.463611859838275,0.3393333333333333,0.5546666666666666,0.106,0.8453333333333333,0.12404027842237794,0.22233333333333333,0.11633333333333333,3.2223333333333333,1.8014736683971653,0.7046666666666667,0.4279413890178089
18,10,5,14,30,2,0.548,0.41133333333333333,0.04066666666666666,0.8406666666666667,0.1862404447533009,0.166,0.12533333333333332,3.3606666666666665,1.549234135667396,0.184,0.20266666666666666,0.6133333333333333,0.5866666666666667,0.23793103448275862,0.7753333333333333,0.162,4.65,1.521286660359508,0.366,0.307,0.32699999999999996,0.7136666666666667,0.21208573961802976,0.4706666666666667,0.14366666666666666,4.005333333333334,1.535260398013452,0.5866666666666667,0.4279004812569393
18,6,7,10,25,2,0.3606666666666667,0.638,0.0013333333333333333,0.762,0.03271028037383177,0.006666666666666667,0.005333333333333333,3.0153333333333334,2.0769230769230766,0.158,0.614,0.228,0.758,0.09412780656303972,0.3466666666666667,0.11866666666666667,4.817333333333333,2.0530828909759085,0.25933333333333336,0.626,0.11466666666666667,0.76,0.06341904346843574,0.17666666666666667,0.062,3.916333333333333,2.0650029839494923,0.758,0.42748380869368713
15,6,6,14,16,1,0.3373333333333333,0.662,0.0006666666666666666,0.738,0.12875250166777852,0.014,0.013333333333333334,3.259333333333333,1.7371888726207905,0.33066666666666666,0.6666666666666666,0.0026666666666666666,0.7333333333333334,0.2947860962566845,0.11,0.10733333333333334,3.994,1.231664726426077,0.33399999999999996,0.6643333333333333,0.0016666666666666666,0.7356666666666667,0.2117692989622315,0.062,0.060333333333333336,3.626666666666667,1.4844267995234337,0.7333333333333334,0.427370526459113
12,10,7,22,20,2,0.7106666666666667,0.2806666666666667,0.008666666666666666,0.6893333333333334,0.03429724277067922,0.029333333333333333,0.020666666666666667,3.556,1.3832967032967034,0.672,0.06133333333333333,0.26666666666666666,0.6613333333333333,0.3481818181818182,0.49733333333333335,0.23066666666666666,5.8486666666666665,1.675233644859813,0.6913333333333334,0.171,0.13766666666666666,0.6753333333333333,0.1912395304762487,0.26333333333333336,0.12566666666666665,4.702333333333334,1.5292651740782581,0.6613333333333333,0.4272645727619164
18,10,7,14,25,1,0.29,0.706,0.004,0.694,0.05287817938420348,0.02266666666666667,0.018666666666666668,3.41,1.9804772234273318,0.218,0.6653333333333333,0.11666666666666667,0.7346666666666666,0.29735849056603775,0.336,0.21933333333333332,5.291333333333333,1.4881595346904863,0.254,0.6856666666666666,0.060333333333333336,0.7143333333333333,0.1751183349751206,0.17933333333333334,0.119,4.350666666666667,1.7343183790589092,0.694,0.42677366699502406
18,10,5,22,16,1,0.768,0.21066666666666667,0.021333333333333333,0.632,0.1614441416893733,0.11,0.08866666666666667,3.43,1.3863423760523854,0.7853333333333333,0.064,0.15066666666666667,0.6146666666666667,0.304552590266876,0.45866666666666667,0.308,3.8966666666666665,1.4259055982436883,0.7766666666666666,0.13733333333333334,0.08600000000000001,0.6233333333333333,0.23299836597812462,0.2843333333333333,0.19833333333333333,3.663333333333333,1.4061239871480369,0.6146666666666667,0.4263330065289583
18,10,6,18,30,2,0.6846666666666666,0.3006666666666667,0.014666666666666666,0.7153333333333334,0.2029769959404601,0.058666666666666666,0.044,3.6553333333333335,1.443345323741007,0.2966666666666667,0.094,0.6093333333333333,0.5906666666666667,0.310580204778157,0.7826666666666666,0.17333333333333334,5.634,1.512145748987854,0.4906666666666667,0.19733333333333336,0.312,0.653,0.25677860035930855,0.42066666666666663,0.10866666666666666,4.644666666666667,1.4777455363644305,0.5906666666666667,0.42608905340519504
18,10,6,18,20,2,0.6386666666666667,0.35733333333333334,0.004,0.7613333333333333,0.09036144578313253,0.010666666666666666,0.006666666666666667,3.1646666666666667,1.2480777013354916,0.676,0.068,0.256,0.6679999999999999,0.29659498207885304,0.474,0.218,4.921333333333333,1.6537102473498233,0.6573333333333333,0.21266666666666667,0.13,0.7146666666666666,0.1934782139309928,0.24233333333333332,0.11233333333333333,4.043,1.4508939743426574,0.6679999999999999,0.4258956427861985
15,15,5,10,30,2,0.19666666666666666,0.7393333333333333,0.064,0.6606666666666667,0.07905982905982906,0.17733333333333334,0.11333333333333333,2.8606666666666665,2.3338203067932795,0.13666666666666666,0.456,0.4073333333333333,0.7366666666666667,0.14735658042744657,0.544,0.13666666666666666,4.1386666666666665,2.0312849162011175,0.16666666666666666,0.5976666666666667,0.23566666666666666,0.6986666666666668,0.11320820474363781,0.3606666666666667,0.125,3.4996666666666663,2.1825526114971985,0.6606666666666667,0.4258249742820609
18,15,5,10,25,2,0.25533333333333336,0.7146666666666667,0.03,0.6853333333333333,0.09003436426116838,0.09933333333333333,0.06933333333333333,2.716,2.21903052064632,0.26,0.498,0.242,0.86,0.1521547933157432,0.42866666666666664,0.18666666666666668,3.9026666666666667,1.8486782133090245,0.2576666666666667,0.6063333333333334,0.136,0.7726666666666666,0.12109457878845578,0.264,0.128,3.3093333333333335,2.033854366977672,0.6853333333333333,0.42568558242435783
12,10,5,22,16,2,0.7946666666666666,0.18533333333333332,0.02,0.6053333333333333,0.1380952380952381,0.08866666666666667,0.06866666666666667,3.542,1.4450261780104712,0.7413333333333333,0.02,0.23866666666666667,0.6200000000000001,0.3126094570928196,0.56,0.32133333333333336,4.1866666666666665,1.5261575466025252,0.768,0.10266666666666666,0.12933333333333333,0.6126666666666667,0.22535234759402886,0.32433333333333336,0.195,3.864333333333333,1.485591862306498,0.6053333333333333,0.42563713618547244
15,15,7,18,30,2,0.57,0.416,0.014,0.8140000000000001,0.06017579445571332,0.04,0.026,3.768666666666667,1.5100840336134453,0.3606666666666667,0.059333333333333335,0.58,0.62,0.32222222222222224,0.772,0.192,6.522666666666667,2.2190305206463194,0.4653333333333333,0.23766666666666666,0.297,0.7170000000000001,0.19119900833896777,0.406,0.109,5.145666666666667,1.8645572771298824,0.62,0.42548980166779354
15,10,7,22,16,1,0.6033333333333334,0.39666666666666667,0.0,0.7966666666666666,0.038,0.002,0.002,3.482666666666667,1.0654088050314465,0.6033333333333334,0.39666666666666667,0.0,0.7966666666666666,0.19733333333333333,0.019333333333333334,0.019333333333333334,4.072666666666667,1.0732758620689655,0.6033333333333334,0.39666666666666667,0.0,0.7966666666666666,0.11766666666666667,0.010666666666666668,0.010666666666666668,3.7776666666666667,1.069342333550206,0.7966666666666666,0.42506666666666665
15,15,6,22,30,1,0.17533333333333334,0.8226666666666667,0.002,0.5773333333333334,0.1790247160988644,0.04933333333333333,0.04733333333333333,3.751333333333333,1.9486631016042781,0.12933333333333333,0.8006666666666666,0.07,0.5993333333333333,0.47885304659498207,0.4573333333333333,0.3873333333333333,5.188666666666666,1.4085441725425134,0.15233333333333332,0.8116666666666666,0.036000000000000004,0.5883333333333334,0.32893888134692323,0.2533333333333333,0.21733333333333332,4.47,1.6786036370733957,0.5773333333333334,0.4250544429360513
15,15,7,18,25,2,0.6206666666666667,0.37133333333333335,0.008,0.7793333333333333,0.04502688172043011,0.024,0.016,3.6593333333333335,1.319148936170213,0.58,0.05466666666666667,0.36533333333333334,0.6546666666666667,0.31512605042016806,0.5733333333333334,0.208,6.002666666666666,2.072519083969466,0.6003333333333334,0.21300000000000002,0.18666666666666668,0.7170000000000001,0.1800764660702991,0.2986666666666667,0.11199999999999999,4.8309999999999995,1.6958340100698392,0.6546666666666667,0.4249486265473932
18,10,6,22,25,2,0.802,0.19466666666666665,0.0033333333333333335,0.598,0.2093645484949833,0.022,0.018666666666666668,3.652,1.6577896138482027,0.504,0.02666666666666667,0.4693333333333333,0.6266666666666667,0.3391959798994975,0.6873333333333334,0.218,5.51,1.8919354838709677,0.653,0.11066666666666666,0.23633333333333334,0.6123333333333334,0.2742802641972404,0.3546666666666667,0.11833333333333333,4.5809999999999995,1.774862548859585,0.598,0.4248060528394481
15,10,7,18,25,2,0.68,0.31666666666666665,0.0033333333333333335,0.72,0.03545150501672241,0.018666666666666668,0.015333333333333332,3.687333333333333,1.3205183585313176,0.4693333333333333,0.04,0.49066666666666664,0.64,0.3337696335078534,0.68,0.18933333333333333,6.339333333333333,2.264236902050114,0.5746666666666667,0.17833333333333332,0.247,0.6799999999999999,0.1846105692622879,0.3493333333333334,0.10233333333333333,5.013333333333334,1.7923776302907157,0.64,0.42467211385245757
12,10,6,10,16,2,0.312,0.6773333333333333,0.010666666666666666,0.7226666666666667,0.0889487870619946,0.04066666666666666,0.03,3.0006666666666666,1.9737402413058907,0.4553333333333333,0.464,0.08066666666666666,0.8806666666666667,0.19071791153009426,0.23466666666666666,0.154,3.921333333333333,1.2183517417162277,0.38366666666666666,0.5706666666666667,0.04566666666666667,0.8016666666666667,0.13983334929604443,0.13766666666666666,0.092,3.461,1.5960459915110592,0.7226666666666667,0.4237500031925422
15,10,7,18,16,1,0.4693333333333333,0.5306666666666666,0.0,0.8,0.035333333333333335,0.0013333333333333333,0.0013333333333333333,3.4326666666666665,1.3714285714285712,0.5226666666666666,0.47733333333333333,0.0,0.8,0.17866666666666667,0.013333333333333334,0.013333333333333334,3.977333333333333,1.0354430379746837,0.496,0.504,0.0,0.8,0.107,0.007333333333333334,0.007333333333333334,3.705,1.2034358047016274,0.8,0.4236
12,10,5,10,25,2,0.15333333333333332,0.762,0.08466666666666667,0.638,0.06919155134741442,0.20266666666666666,0.118,3.0886666666666667,2.2316939890710383,0.14866666666666667,0.478,0.37333333333333335,0.7486666666666667,0.18829787234042553,0.5486666666666666,0.17533333333333334,4.156,1.640625,0.151,0.62,0.229,0.6933333333333334,0.12874471184391997,0.37566666666666665,0.14666666666666667,3.622333333333333,1.9361594945355192,0.638,0.42309894236878404
15,15,7,22,30,2,0.68,0.30533333333333335,0.014666666666666666,0.72,0.06292286874154263,0.04066666666666666,0.026,3.917333333333333,1.3143365983971504,0.39266666666666666,0.010666666666666666,0.5966666666666667,0.6033333333333333,0.3537190082644628,0.796,0.19933333333333333,6.632666666666666,2.4634615384615386,0.5363333333333333,0.158,0.3056666666666667,0.6616666666666666,0.2083209385030027,0.41833333333333333,0.11266666666666666,5.2749999999999995,1.8888990684293445,0.6033333333333333,0.4229808543672672
15,15,5,14,20,1,0.22133333333333333,0.7693333333333333,0.009333333333333334,0.6306666666666667,0.1063257065948856,0.09066666666666667,0.08133333333333333,3.124,2.017550017550018,0.31733333333333336,0.62,0.06266666666666666,0.78,0.31152204836415365,0.37866666666666665,0.316,3.978,1.289171974522293,0.2693333333333333,0.6946666666666667,0.036,0.7053333333333334,0.20892387747951963,0.23466666666666666,0.19866666666666666,3.551,1.6533609960361555,0.6306666666666667,0.4221181088292373
12,6,7,14,30,2,0.21533333333333332,0.7673333333333333,0.017333333333333333,0.6326666666666667,0.037991858887381276,0.056,0.03866666666666667,3.746,2.154119318181818,0.114,0.3253333333333333,0.5606666666666666,0.6393333333333333,0.27921092564491656,0.726,0.16533333333333333,6.326666666666667,1.2297520661157024,0.16466666666666666,0.5463333333333333,0.289,0.636,0.15860139226614892,0.391,0.10200000000000001,5.036333333333333,1.69193569214876,0.6326666666666667,0.4220036117865631
12,15,6,22,30,2,0.4033333333333333,0.5286666666666666,0.068,0.8680000000000001,0.1473533619456366,0.186,0.118,4.118666666666667,1.7354149548069022,0.25866666666666666,0.07666666666666666,0.6646666666666666,0.5353333333333333,0.3658051689860835,0.864,0.19933333333333333,5.798,1.5271411338962606,0.33099999999999996,0.30266666666666664,0.3663333333333333,0.7016666666666667,0.2565792654658601,0.525,0.15866666666666668,4.958333333333334,1.6312780443515815,0.5353333333333333,0.4215325197598387
18,6,5,10,30,2,0.29,0.65,0.06,0.75,0.12127659574468085,0.216,0.156,3.062,2.1591614906832297,0.06,0.49466666666666664,0.44533333333333336,0.66,0.07692307692307693,0.5146666666666667,0.06933333333333333,4.082,2.2663682148852824,0.175,0.5723333333333334,0.2526666666666667,0.7050000000000001,0.0990998363338789,0.36533333333333334,0.11266666666666666,3.572,2.212764852784256,0.66,0.42151996726677576
15,6,6,18,20,1,0.37,0.63,0.0,0.77,0.12266666666666666,0.02,0.02,3.441333333333333,1.6440872560275546,0.24133333333333334,0.7486666666666667,0.01,0.6513333333333333,0.41818181818181815,0.26,0.25,4.714666666666667,1.315748031496063,0.30566666666666664,0.6893333333333334,0.005,0.7106666666666667,0.2704242424242424,0.14,0.135,4.078,1.4799176437618087,0.6513333333333333,0.4210015151515152
18,10,6,22,30,2,0.774,0.214,0.012,0.626,0.21727395411605938,0.050666666666666665,0.03866666666666667,3.772,1.6976090014064698,0.33866666666666667,0.027333333333333334,0.634,0.566,0.3424408014571949,0.8166666666666667,0.18266666666666667,5.738666666666667,1.9365798414496038,0.5563333333333333,0.12066666666666667,0.323,0.596,0.2798573777866271,0.43366666666666664,0.11066666666666666,4.755333333333334,1.817094421428037,0.566,0.42062147555732543
18,15,5,10,30,2,0.21866666666666668,0.734,0.04733333333333333,0.666,0.08187543736878937,0.152,0.10466666666666667,2.7386666666666666,2.3001453488372094,0.15266666666666667,0.508,0.3393333333333333,0.7526666666666667,0.12209889001009082,0.4886666666666667,0.14933333333333335,4.016666666666667,2.071641791044776,0.18566666666666667,0.621,0.19333333333333333,0.7093333333333334,0.1019871636894401,0.32033333333333336,0.127,3.3776666666666664,2.1858935699409927,0.666,0.42049743273788803
18,15,7,14,20,1,0.342,0.6553333333333333,0.0026666666666666666,0.7446666666666667,0.032754010695187165,0.013333333333333334,0.010666666666666666,3.054,1.8954248366013071,0.492,0.47533333333333333,0.03266666666666666,0.8326666666666667,0.20468642315644384,0.166,0.13333333333333333,4.450666666666667,1.0950188363331939,0.41700000000000004,0.5653333333333334,0.017666666666666664,0.7886666666666666,0.1187202169258155,0.08966666666666667,0.072,3.7523333333333335,1.4952218364672505,0.7446666666666667,0.42032737671849646
12,15,5,18,30,2,0.2866666666666667,0.5886666666666667,0.12466666666666666,0.8113333333333334,0.115003808073115,0.2866666666666667,0.162,3.67,2.0033726812816193,0.202,0.11066666666666666,0.6873333333333334,0.5126666666666666,0.36673773987206826,0.8906666666666667,0.20333333333333334,4.8566666666666665,1.2315789473684209,0.24433333333333335,0.3496666666666667,0.406,0.6619999999999999,0.24087077397259163,0.5886666666666667,0.18266666666666667,4.263333333333334,1.61747581432502,0.5126666666666666,0.4202074881278516
15,10,6,10,20,2,0.30266666666666664,0.6906666666666667,0.006666666666666667,0.7093333333333334,0.06644295302013423,0.02266666666666667,0.016,2.666,2.1641845259716677,0.364,0.45666666666666667,0.17933333333333334,0.9433333333333334,0.16084484159220147,0.3546666666666667,0.17533333333333334,4.354,1.5565293602103418,0.3333333333333333,0.5736666666666667,0.093,0.8263333333333334,0.11364389730616785,0.18866666666666668,0.09566666666666668,3.51,1.8603569430910047,0.7093333333333334,0.4200454461279003
15,10,6,18,20,2,0.6633333333333333,0.332,0.004666666666666667,0.7366666666666667,0.0783657066309444,0.019333333333333334,0.014666666666666666,3.2613333333333334,1.3100381194409148,0.6466666666666666,0.029333333333333333,0.324,0.6293333333333333,0.33037475345167655,0.574,0.25,5.172666666666666,1.724647414372062,0.655,0.18066666666666667,0.16433333333333333,0.683,0.20437023004131047,0.29666666666666663,0.13233333333333333,4.217,1.5173427669064883,0.6293333333333333,0.4198907126749287
15,6,7,14,16,2,0.5886666666666667,0.41,0.0013333333333333333,0.8013333333333333,0.018024032042723633,0.004666666666666667,0.0033333333333333335,3.22,1.3988897700237908,0.6873333333333334,0.14133333333333334,0.17133333333333334,0.7126666666666667,0.23732904263877716,0.33466666666666667,0.16333333333333333,4.972666666666667,1.6853598014888338,0.638,0.27566666666666667,0.08633333333333333,0.757,0.1276765373407504,0.16966666666666666,0.08333333333333333,4.096333333333334,1.5421247857563123,0.7126666666666667,0.4198186408014834
15,15,7,18,16,1,0.51,0.49,0.0,0.8,0.03866666666666667,0.0006666666666666666,0.0006666666666666666,3.3726666666666665,1.3060747663551402,0.5893333333333334,0.4106666666666667,0.0,0.8,0.144,0.009333333333333334,0.009333333333333334,3.6506666666666665,1.1552551242913212,0.5496666666666667,0.45033333333333336,0.0,0.8,0.09133333333333332,0.005,0.005,3.5116666666666667,1.2306649453232308,0.8,0.4197666666666666
18,15,6,14,30,1,0.18333333333333332,0.7953333333333333,0.021333333333333333,0.6046666666666667,0.10831062670299728,0.08933333333333333,0.068,3.2973333333333334,2.227224008574491,0.18,0.5273333333333333,0.2926666666666667,0.78,0.31950989632422244,0.5653333333333334,0.27266666666666667,5.01,1.5632065775950668,0.18166666666666664,0.6613333333333333,0.157,0.6923333333333334,0.21391026151360987,0.32733333333333337,0.17033333333333334,4.153666666666666,1.895215293084779,0.6046666666666667,0.4197653856360553
12,15,6,14,16,2,0.502,0.49133333333333334,0.006666666666666667,0.8066666666666666,0.11946308724832215,0.04533333333333334,0.03866666666666667,3.39,1.5148063781321184,0.7153333333333334,0.194,0.09066666666666667,0.6846666666666666,0.2565982404692082,0.26866666666666666,0.178,4.03,1.2918097106424717,0.6086666666666667,0.3426666666666667,0.04866666666666667,0.7456666666666667,0.18803066385876518,0.157,0.10833333333333334,3.71,1.4033080443872952,0.6846666666666666,0.41973946610508633
18,10,7,18,30,2,0.6886666666666666,0.306,0.005333333333333333,0.7113333333333334,0.057640750670241284,0.018,0.012666666666666666,3.675333333333333,1.452645620275678,0.3293333333333333,0.09533333333333334,0.5753333333333334,0.6246666666666666,0.30141287284144425,0.7486666666666667,0.17333333333333334,6.476666666666667,1.9746835443037973,0.509,0.20066666666666666,0.29033333333333333,0.6679999999999999,0.17952681175584276,0.38333333333333336,0.093,5.076,1.7136645822897376,0.6246666666666666,0.41968869568450184
15,6,7,10,16,2,0.36,0.6393333333333333,0.0006666666666666666,0.7606666666666666,0.00733822548365577,0.0033333333333333335,0.0026666666666666666,2.727333333333333,2.024727272727273,0.44533333333333336,0.4553333333333333,0.09933333333333333,0.8993333333333333,0.1236121391561806,0.21866666666666668,0.11933333333333333,4.335333333333334,1.3901273885350318,0.4026666666666667,0.5473333333333333,0.049999999999999996,0.83,0.06547518231991818,0.111,0.061,3.5313333333333334,1.7074273306311525,0.7606666666666666,0.4192283697973169
18,6,7,18,20,2,0.6746666666666666,0.3253333333333333,0.0,0.7253333333333334,0.018666666666666668,0.0006666666666666666,0.0006666666666666666,3.176,1.3450850269597676,0.6566666666666666,0.07533333333333334,0.268,0.6753333333333333,0.29143897996357016,0.47,0.202,5.693333333333333,2.0053995680345573,0.6656666666666666,0.2003333333333333,0.134,0.7003333333333334,0.1550528233151184,0.2353333333333333,0.10133333333333334,4.434666666666667,1.6752422974971624,0.6753333333333333,0.4191772313296903
15,10,6,22,30,1,0.17066666666666666,0.828,0.0013333333333333333,0.5720000000000001,0.157543391188251,0.04066666666666666,0.03933333333333333,3.7426666666666666,1.9815733522324592,0.088,0.838,0.074,0.562,0.4866810655147588,0.486,0.412,5.275333333333333,1.4123539232053424,0.12933333333333333,0.833,0.03766666666666667,0.5670000000000001,0.3221122283515049,0.2633333333333333,0.22566666666666665,4.509,1.6969636377189008,0.562,0.418772445670301
15,10,6,10,30,2,0.24533333333333332,0.7326666666666667,0.022,0.6673333333333333,0.09134287661895024,0.10466666666666667,0.08266666666666667,3.1846666666666668,2.2823018458197613,0.11266666666666666,0.49333333333333335,0.394,0.7126666666666667,0.11331133113311331,0.53,0.136,4.738,2.0576,0.179,0.613,0.20800000000000002,0.69,0.10232710387603178,0.31733333333333336,0.10933333333333334,3.9613333333333336,2.1699509229098806,0.6673333333333333,0.4181320874418731
15,15,6,14,16,1,0.33866666666666667,0.6613333333333333,0.0,0.7386666666666667,0.13333333333333333,0.012,0.012,3.172,1.7164556962025315,0.49333333333333335,0.504,0.0026666666666666666,0.8026666666666666,0.2339572192513369,0.06866666666666667,0.066,3.464,1.0140495867768595,0.41600000000000004,0.5826666666666667,0.0013333333333333333,0.7706666666666666,0.18364527629233512,0.04033333333333333,0.039,3.318,1.3652526414896955,0.7386666666666667,0.4179623885918004
15,6,7,10,20,2,0.336,0.6626666666666666,0.0013333333333333333,0.7373333333333334,0.012016021361815754,0.007333333333333333,0.006,2.664,2.098360655737705,0.30466666666666664,0.5106666666666667,0.18466666666666667,0.8893333333333333,0.12183156173344235,0.32466666666666666,0.14,4.844,1.6329743164871584,0.32033333333333336,0.5866666666666667,0.093,0.8133333333333334,0.06692379154762905,0.166,0.07300000000000001,3.7540000000000004,1.8656674861124318,0.7373333333333334,0.4179014249761925
15,10,5,22,20,2,0.816,0.176,0.008,0.5840000000000001,0.10887096774193548,0.03933333333333333,0.03133333333333333,3.2826666666666666,1.6346666666666667,0.59,0.014666666666666666,0.3953333333333333,0.6146666666666667,0.33517089305402425,0.7046666666666667,0.30933333333333335,4.5793333333333335,1.8018018018018018,0.703,0.09533333333333333,0.20166666666666666,0.5993333333333334,0.22202093039797988,0.372,0.17033333333333334,3.931,1.7182342342342343,0.5840000000000001,0.417754186079596
15,15,5,22,20,2,0.8013333333333333,0.18933333333333333,0.009333333333333334,0.5986666666666667,0.11978465679676985,0.059333333333333335,0.05,3.3053333333333335,1.5866900175131347,0.688,0.014,0.298,0.6140000000000001,0.30864197530864196,0.5973333333333334,0.29933333333333334,4.35,1.7753102547354667,0.7446666666666666,0.10166666666666667,0.15366666666666667,0.6063333333333334,0.2142133160527059,0.32833333333333337,0.17466666666666666,3.8276666666666666,1.6810001361243008,0.5986666666666667,0.41762599654387456
18,10,5,22,20,2,0.7953333333333333,0.198,0.006666666666666667,0.6046666666666667,0.11677852348993288,0.03933333333333333,0.03266666666666666,3.247333333333333,1.59903804110188,0.636,0.022,0.342,0.622,0.2968591691995947,0.6273333333333333,0.2853333333333333,4.430666666666666,1.7344398340248965,0.7156666666666667,0.11,0.17433333333333334,0.6133333333333333,0.2068188463447638,0.3333333333333333,0.159,3.8389999999999995,1.6667389375633883,0.6046666666666667,0.41754710260228606
18,6,5,18,16,2,0.7526666666666667,0.244,0.0033333333333333335,0.6473333333333333,0.13244147157190636,0.02266666666666667,0.019333333333333334,3.231333333333333,1.3444897959183675,0.6913333333333334,0.05466666666666667,0.254,0.6546666666666666,0.225201072386059,0.492,0.238,4.112,1.5778045838359467,0.722,0.14933333333333332,0.12866666666666668,0.651,0.17882127197898268,0.2573333333333333,0.12866666666666665,3.671666666666667,1.461147189877157,0.6473333333333333,0.41733092106246317
15,6,6,22,25,2,0.8326666666666667,0.15666666666666668,0.010666666666666666,0.5673333333333334,0.1967654986522911,0.042,0.03133333333333333,3.786,1.8701854493580599,0.3893333333333333,0.011333333333333334,0.5993333333333334,0.6006666666666666,0.33943427620632277,0.796,0.19666666666666666,5.73,2.0809968847352027,0.611,0.084,0.30500000000000005,0.584,0.2680998874293069,0.41900000000000004,0.11399999999999999,4.758,1.9755911670466313,0.5673333333333334,0.4172366441525281
18,10,5,22,30,2,0.7626666666666667,0.19666666666666666,0.04066666666666666,0.6373333333333333,0.2432244614315497,0.15333333333333332,0.11266666666666666,3.691333333333333,1.7377777777777779,0.26866666666666666,0.03666666666666667,0.6946666666666667,0.5053333333333333,0.37117903930131,0.9006666666666666,0.206,4.890666666666666,1.6278409090909087,0.5156666666666667,0.11666666666666667,0.36766666666666664,0.5713333333333332,0.3072017503664298,0.5269999999999999,0.15933333333333333,4.2909999999999995,1.6828093434343434,0.5053333333333333,0.4170570167399526
15,10,7,10,25,2,0.31266666666666665,0.682,0.005333333333333333,0.718,0.027479892761394103,0.017333333333333333,0.012,3.038,2.124774612333213,0.20333333333333334,0.5326666666666666,0.264,0.8033333333333333,0.12590579710144928,0.4013333333333333,0.13733333333333334,5.084666666666666,1.8771851187808155,0.258,0.6073333333333333,0.13466666666666668,0.7606666666666666,0.07669284493142169,0.20933333333333332,0.07466666666666667,4.061333333333333,2.000979865557014,0.718,0.4169385689862843
15,6,5,14,25,1,0.13066666666666665,0.8513333333333334,0.018,0.5486666666666666,0.13306177868295996,0.13866666666666666,0.12066666666666667,3.3406666666666665,2.0027903732124175,0.11666666666666667,0.724,0.15933333333333333,0.676,0.38620142743854086,0.554,0.39466666666666667,4.331333333333333,1.5251101321585905,0.12366666666666666,0.7876666666666667,0.08866666666666666,0.6123333333333334,0.2596316030607504,0.3463333333333334,0.25766666666666665,3.836,1.763950252685504,0.5486666666666666,0.4168596539454834
12,15,5,22,30,2,0.38133333333333336,0.48933333333333334,0.12933333333333333,0.9106666666666666,0.13476263399693722,0.30933333333333335,0.18,3.8406666666666665,1.7508896797153026,0.22866666666666666,0.054,0.7173333333333334,0.4826666666666666,0.39622641509433965,0.93,0.21266666666666667,4.917333333333334,1.419847328244275,0.305,0.27166666666666667,0.42333333333333334,0.6966666666666665,0.26549452454563843,0.6196666666666667,0.19633333333333333,4.379,1.585368503979789,0.4826666666666666,0.41683223824246096
18,10,7,22,30,2,0.7773333333333333,0.21866666666666668,0.004,0.6226666666666667,0.06559571619812583,0.013333333333333334,0.009333333333333334,3.788666666666667,1.6985601486298187,0.372,0.026,0.602,0.598,0.36180904522613067,0.7846666666666666,0.18266666666666667,6.6113333333333335,2.387698042870457,0.5746666666666667,0.12233333333333334,0.303,0.6103333333333334,0.21370238071212824,0.39899999999999997,0.096,5.2,2.043129095750138,0.598,0.4159904761424257
15,10,5,14,25,1,0.134,0.8486666666666667,0.017333333333333333,0.5513333333333333,0.11940298507462686,0.13333333333333333,0.116,3.287333333333333,2.0304498269896194,0.144,0.7226666666666667,0.13333333333333333,0.6773333333333333,0.3853846153846154,0.5406666666666666,0.4073333333333333,4.300666666666666,1.4760878931495045,0.139,0.7856666666666667,0.07533333333333334,0.6143333333333334,0.2523938002296211,0.33699999999999997,0.26166666666666666,3.7939999999999996,1.753268860069562,0.5513333333333333,0.4159454267125909
18,10,5,18,30,2,0.684,0.27,0.046,0.716,0.22711390635918938,0.17133333333333334,0.12533333333333332,3.598,1.5348506401137982,0.224,0.10066666666666667,0.6753333333333333,0.5246666666666666,0.30390143737166325,0.858,0.18266666666666667,4.816,1.208955223880597,0.454,0.18533333333333335,0.3606666666666667,0.6203333333333333,0.26550767186542634,0.5146666666666666,0.154,4.207,1.3719029319971976,0.5246666666666666,0.4157348677064186
18,15,6,14,16,1,0.44266666666666665,0.5546666666666666,0.0026666666666666666,0.8026666666666666,0.1089572192513369,0.034,0.03133333333333333,3.0913333333333335,1.6148698884758363,0.684,0.288,0.028,0.716,0.20507544581618656,0.15466666666666667,0.12666666666666668,3.5326666666666666,1.211775445002282,0.5633333333333334,0.42133333333333334,0.015333333333333334,0.7593333333333333,0.15701633253376174,0.09433333333333334,0.079,3.3120000000000003,1.413322666739059,0.716,0.4154032665067523
18,6,6,14,30,2,0.6206666666666667,0.36533333333333334,0.014,0.7793333333333333,0.1724137931034483,0.051333333333333335,0.037333333333333336,3.529333333333333,1.421265141318977,0.17733333333333334,0.24333333333333335,0.5793333333333334,0.6206666666666667,0.1838351822503962,0.7066666666666667,0.12733333333333333,5.35,1.6514657980456025,0.399,0.30433333333333334,0.2966666666666667,0.7,0.17812448767692224,0.379,0.08233333333333333,4.439666666666667,1.5363654696822897,0.6206666666666667,0.4151582308687178
15,10,5,18,16,2,0.7766666666666666,0.21666666666666667,0.006666666666666667,0.6233333333333333,0.1429530201342282,0.03933333333333333,0.03266666666666666,3.3406666666666665,1.3574717455002094,0.7493333333333333,0.024666666666666667,0.226,0.6246666666666667,0.24892334194659776,0.5046666666666667,0.2786666666666667,4.078666666666667,1.5960591133004927,0.7629999999999999,0.12066666666666667,0.11633333333333333,0.624,0.195938181040413,0.272,0.15566666666666668,3.7096666666666667,1.4767654294003512,0.6233333333333333,0.41500430287474926
15,6,6,10,30,2,0.3,0.6706666666666666,0.029333333333333333,0.7293333333333334,0.1092032967032967,0.08866666666666667,0.059333333333333335,3.3073333333333332,2.193305754042873,0.07066666666666667,0.49333333333333335,0.436,0.6706666666666666,0.09692671394799054,0.5373333333333333,0.10133333333333333,4.798666666666667,2.1491525423728812,0.18533333333333332,0.582,0.23266666666666666,0.7,0.10306500532564362,0.313,0.08033333333333334,4.053,2.1712291482078774,0.6706666666666666,0.414946334398462
15,6,7,18,20,2,0.71,0.28933333333333333,0.0006666666666666666,0.69,0.015343562374916611,0.0026666666666666666,0.002,3.3093333333333335,1.4194373401534528,0.6133333333333333,0.048666666666666664,0.338,0.6486666666666667,0.311178247734139,0.5506666666666666,0.21266666666666667,5.937333333333333,2.11960542540074,0.6616666666666666,0.16899999999999998,0.16933333333333334,0.6693333333333333,0.1632609050545278,0.27666666666666667,0.10733333333333334,4.623333333333333,1.7695213827770964,0.6486666666666667,0.4145855143442389
15,6,7,22,16,1,0.636,0.364,0.0,0.764,0.051333333333333335,0.0,0.0,3.478666666666667,1.1595881595881599,0.548,0.452,0.0,0.8,0.23466666666666666,0.026,0.026,4.378,1.0441361916771752,0.5920000000000001,0.40800000000000003,0.0,0.782,0.143,0.013,0.013,3.9283333333333337,1.1018621756326676,0.764,0.41450000000000004
18,6,5,10,20,2,0.29333333333333333,0.6986666666666667,0.008,0.7013333333333334,0.06854838709677419,0.024,0.016,2.4966666666666666,2.191059841384283,0.228,0.49266666666666664,0.2793333333333333,0.8280000000000001,0.13506012950971322,0.4093333333333333,0.13,3.9233333333333333,1.8600556070435588,0.26066666666666666,0.5956666666666667,0.14366666666666666,0.7646666666666667,0.1018042583032437,0.21666666666666667,0.07300000000000001,3.21,2.025557724213921,0.7013333333333334,0.4144775183273154
18,15,5,22,20,2,0.7653333333333333,0.22933333333333333,0.005333333333333333,0.6346666666666667,0.10991957104557641,0.03333333333333333,0.028,3.2373333333333334,1.4283903675538656,0.7306666666666667,0.02266666666666667,0.24666666666666667,0.6226666666666667,0.2575221238938053,0.5353333333333333,0.2886666666666667,4.182666666666667,1.6172307692307692,0.748,0.126,0.126,0.6286666666666667,0.18372084746969086,0.2843333333333333,0.15833333333333335,3.71,1.5228105683923174,0.6226666666666667,0.4144775028272715
15,15,6,10,25,2,0.26666666666666666,0.724,0.009333333333333334,0.6759999999999999,0.07940780619111709,0.052,0.042666666666666665,2.9086666666666665,2.203473945409429,0.27266666666666667,0.49533333333333335,0.232,0.8726666666666667,0.17708333333333334,0.4073333333333333,0.17533333333333334,4.52,1.7572202166064983,0.26966666666666667,0.6096666666666667,0.12066666666666667,0.7743333333333333,0.12824556976222523,0.22966666666666666,0.109,3.7143333333333333,1.9803470810079637,0.6759999999999999,0.414449113952445
12,15,5,10,16,2,0.2813333333333333,0.704,0.014666666666666666,0.696,0.08389715832205684,0.072,0.05733333333333333,2.8926666666666665,2.0021119324181624,0.518,0.39866666666666667,0.08333333333333333,0.882,0.15563636363636363,0.26,0.17666666666666667,3.3806666666666665,1.1269296740994852,0.39966666666666667,0.5513333333333333,0.048999999999999995,0.7889999999999999,0.11976676097921024,0.166,0.11699999999999999,3.1366666666666667,1.5645208032588238,0.696,0.414403352195842
18,6,6,10,30,2,0.348,0.636,0.016,0.764,0.10772357723577236,0.05533333333333333,0.03933333333333333,3.1693333333333333,2.125,0.08933333333333333,0.5713333333333334,0.3393333333333333,0.6893333333333334,0.0958627648839556,0.45066666666666666,0.11133333333333334,4.480666666666667,2.2138126773888365,0.21866666666666665,0.6036666666666667,0.17766666666666667,0.7266666666666667,0.10179317105986399,0.253,0.07533333333333334,3.825,2.1694063386944182,0.6893333333333334,0.41427530087863945
12,15,5,22,16,1,0.32133333333333336,0.6786666666666666,0.0,0.7213333333333334,0.136,0.016,0.016,3.202,1.3388804841149773,0.40066666666666667,0.5993333333333334,0.0,0.8,0.26266666666666666,0.07533333333333334,0.07533333333333334,3.320666666666667,1.048447204968944,0.361,0.639,0.0,0.7606666666666667,0.19933333333333333,0.04566666666666667,0.04566666666666667,3.2613333333333334,1.1936638445419607,0.7213333333333334,0.4142333333333334
12,10,7,14,16,2,0.5166666666666667,0.4806666666666667,0.0026666666666666666,0.8026666666666666,0.02807486631016043,0.015333333333333332,0.012666666666666666,3.4393333333333334,1.4113636363636366,0.6806666666666666,0.232,0.08733333333333333,0.7193333333333334,0.21621621621621623,0.22933333333333333,0.142,4.624666666666666,1.398139534883721,0.5986666666666667,0.35633333333333334,0.045,0.761,0.12214554126318833,0.12233333333333334,0.07733333333333332,4.032,1.4047515856236787,0.7193333333333334,0.41404577491930433
12,10,6,14,30,2,0.19866666666666666,0.748,0.05333333333333334,0.652,0.09647887323943662,0.14133333333333334,0.088,3.6246666666666667,2.1756805807622506,0.136,0.234,0.63,0.57,0.3171171171171171,0.784,0.154,5.540666666666667,1.2036108324974926,0.16733333333333333,0.491,0.3416666666666667,0.611,0.20679799517827685,0.46266666666666667,0.121,4.582666666666666,1.6896457066298716,0.57,0.4139095990356554
18,10,6,10,25,2,0.3006666666666667,0.694,0.005333333333333333,0.706,0.08914209115281502,0.029333333333333333,0.024,2.854,2.1451787648970746,0.18133333333333335,0.586,0.23266666666666666,0.7813333333333334,0.11207645525629888,0.3586666666666667,0.126,4.253333333333333,2.040308747855917,0.24100000000000002,0.6399999999999999,0.119,0.7436666666666667,0.10060927320455695,0.194,0.075,3.5536666666666665,2.092743756376496,0.706,0.41347185464091135
15,10,6,14,16,2,0.574,0.4246666666666667,0.0013333333333333333,0.8013333333333333,0.12750333778371162,0.016666666666666666,0.015333333333333332,3.23,1.4247959580256508,0.738,0.09533333333333334,0.16666666666666666,0.6619999999999999,0.2584,0.358,0.19133333333333333,4.3693333333333335,1.4968085106382978,0.6559999999999999,0.26,0.08399999999999999,0.7316666666666667,0.19295166889185583,0.18733333333333332,0.10333333333333333,3.799666666666667,1.4608022343319744,0.6619999999999999,0.41319033377837117
18,15,7,14,25,1,0.27,0.726,0.004,0.674,0.051539491298527446,0.023333333333333334,0.019333333333333334,3.2973333333333334,2.05658324265506,0.2773333333333333,0.6393333333333333,0.08333333333333333,0.7606666666666666,0.2676363636363636,0.314,0.23066666666666666,5.158,1.4231872183531342,0.27366666666666667,0.6826666666666666,0.043666666666666666,0.7173333333333334,0.15958792746744555,0.16866666666666666,0.125,4.227666666666667,1.739885230504097,0.674,0.4129675854934891
18,6,6,10,16,2,0.334,0.6646666666666666,0.0013333333333333333,0.7353333333333334,0.06742323097463285,0.01,0.008666666666666666,2.622,2.067047075606277,0.43533333333333335,0.47533333333333333,0.08933333333333333,0.8893333333333333,0.13323572474377746,0.202,0.11266666666666666,3.775333333333333,1.5289940828402366,0.3846666666666667,0.57,0.04533333333333334,0.8123333333333334,0.10032947785920515,0.10600000000000001,0.06066666666666667,3.1986666666666665,1.7980205792232566,0.7353333333333334,0.41273256223850774
15,10,7,22,25,2,0.7886666666666666,0.208,0.0033333333333333335,0.6113333333333333,0.043478260869565216,0.013333333333333334,0.01,3.78,1.590805644060082,0.49133333333333334,0.008666666666666666,0.5,0.6086666666666667,0.3506666666666667,0.698,0.198,6.435333333333333,2.409448818897638,0.64,0.10833333333333332,0.25166666666666665,0.61,0.19707246376811594,0.35566666666666663,0.10400000000000001,5.107666666666667,2.00012723147886,0.6086666666666667,0.41269782608695654
18,15,7,22,25,2,0.756,0.24266666666666667,0.0013333333333333333,0.644,0.03938584779706275,0.005333333333333333,0.004,3.6293333333333333,1.4041184041184043,0.6766666666666666,0.03266666666666666,0.2906666666666667,0.6326666666666667,0.3533834586466165,0.5166666666666667,0.226,5.906,2.0892236384704517,0.7163333333333333,0.13766666666666666,0.14600000000000002,0.6383333333333334,0.19638465322183962,0.261,0.115,4.767666666666667,1.746671021294428,0.6326666666666667,0.4120102639777013
15,10,6,14,16,1,0.31666666666666665,0.6833333333333333,0.0,0.7166666666666667,0.12,0.008666666666666666,0.008666666666666666,3.2026666666666666,1.7179763186221744,0.43466666666666665,0.564,0.0013333333333333333,0.8013333333333335,0.2817089452603471,0.08,0.07866666666666666,3.751333333333333,1.0875912408759123,0.37566666666666665,0.6236666666666666,0.0006666666666666666,0.7590000000000001,0.20085447263017356,0.044333333333333336,0.043666666666666666,3.477,1.4027837797490434,0.7166666666666667,0.41170422785936805
15,15,6,18,20,2,0.6593333333333333,0.33466666666666667,0.006,0.7406666666666667,0.0999329309188464,0.024,0.018,3.279333333333333,1.1950617283950615,0.7606666666666667,0.028666666666666667,0.21066666666666667,0.6286666666666667,0.3234797297297297,0.45066666666666666,0.24,4.826,1.7423806785508915,0.71,0.18166666666666667,0.10833333333333334,0.6846666666666668,0.21170633032428807,0.23733333333333334,0.129,4.052666666666666,1.4687212034729766,0.6286666666666667,0.41162459939819096
15,6,6,22,30,1,0.19866666666666666,0.8013333333333333,0.0,0.5986666666666667,0.17733333333333334,0.03333333333333333,0.03333333333333333,3.784,1.8827812158718602,0.07,0.864,0.066,0.536,0.49321912919343325,0.51,0.444,5.322,1.4215080346106306,0.13433333333333333,0.8326666666666667,0.033,0.5673333333333334,0.3352762312633833,0.27166666666666667,0.23866666666666667,4.553,1.6521446252412453,0.536,0.4116052462526767
15,6,5,18,16,2,0.7826666666666666,0.20866666666666667,0.008666666666666666,0.6173333333333333,0.14996637525218562,0.035333333333333335,0.02666666666666667,3.356,1.5263157894736843,0.6586666666666666,0.03666666666666667,0.30466666666666664,0.6366666666666667,0.23010546500479387,0.554,0.24933333333333332,4.244,1.596514745308311,0.7206666666666666,0.12266666666666667,0.15666666666666665,0.627,0.19003592012848974,0.2946666666666667,0.13799999999999998,3.8,1.5614152673909976,0.6173333333333333,0.41157385069236463
18,10,5,10,20,2,0.278,0.7093333333333334,0.012666666666666666,0.6906666666666667,0.06482106684672519,0.04666666666666667,0.034,2.5073333333333334,2.16542948038176,0.30866666666666664,0.4653333333333333,0.226,0.9086666666666666,0.1326442721791559,0.378,0.152,3.7986666666666666,1.7056947608200455,0.29333333333333333,0.5873333333333334,0.11933333333333333,0.7996666666666666,0.09873266951294055,0.21233333333333335,0.093,3.153,1.9355621206009028,0.6906666666666667,0.41087986723592146
18,15,7,14,20,2,0.43,0.5693333333333334,0.0006666666666666666,0.8006666666666666,0.009339559706470981,0.0026666666666666666,0.002,2.8726666666666665,1.8187155963302752,0.6753333333333333,0.21866666666666668,0.106,0.7246666666666667,0.19835943325876212,0.23466666666666666,0.12866666666666668,4.586,1.4236830256641153,0.5526666666666666,0.394,0.05333333333333333,0.7626666666666666,0.10384949648261656,0.11866666666666667,0.06533333333333334,3.7293333333333334,1.6211993109971954,0.7246666666666667,0.41070323262985664
15,6,5,22,20,2,0.8306666666666667,0.16266666666666665,0.006666666666666667,0.5693333333333332,0.11409395973154363,0.043333333333333335,0.03666666666666667,3.312666666666667,1.7465940054495912,0.49266666666666664,0.012666666666666666,0.49466666666666664,0.6126666666666667,0.3245382585751979,0.7493333333333333,0.25466666666666665,4.675333333333334,1.83586083853702,0.6616666666666666,0.08766666666666666,0.25066666666666665,0.591,0.21931610915337077,0.3963333333333333,0.14566666666666667,3.994,1.7912274219933058,0.5693333333333332,0.40982988849734076
18,10,6,10,30,2,0.27466666666666667,0.7093333333333334,0.016,0.6906666666666667,0.0921409214092141,0.05333333333333334,0.037333333333333336,2.99,2.2023121387283235,0.10266666666666667,0.5986666666666667,0.2986666666666667,0.7026666666666667,0.08460076045627377,0.414,0.11533333333333333,4.359333333333334,2.2142532909668633,0.18866666666666668,0.654,0.15733333333333335,0.6966666666666667,0.08837084093274393,0.23366666666666666,0.07633333333333334,3.674666666666667,2.208282714847593,0.6906666666666667,0.4095075015198821
12,15,5,18,16,2,0.6606666666666666,0.30866666666666664,0.030666666666666665,0.7393333333333334,0.13823933975240715,0.106,0.07533333333333334,3.4966666666666666,1.1699235344095156,0.796,0.06733333333333333,0.13666666666666666,0.604,0.2749034749034749,0.418,0.2813333333333333,3.7973333333333334,1.4912187333688134,0.7283333333333333,0.188,0.08366666666666667,0.6716666666666666,0.20657140732794102,0.262,0.17833333333333334,3.6470000000000002,1.3305711338891646,0.604,0.4093642814655882
15,15,7,18,20,1,0.364,0.636,0.0,0.764,0.050666666666666665,0.002,0.002,3.406,1.6476801207091663,0.35,0.6493333333333333,0.0006666666666666666,0.7506666666666666,0.24016010673782523,0.03,0.029333333333333333,4.423333333333333,1.1583566015157558,0.357,0.6426666666666667,0.0003333333333333333,0.7573333333333333,0.14541338670224596,0.016,0.015666666666666666,3.9146666666666663,1.4030183611124611,0.7506666666666666,0.4091660106737825
18,6,6,10,20,2,0.306,0.69,0.004,0.71,0.05689424364123159,0.012666666666666666,0.008666666666666666,2.5593333333333335,2.1573275862068964,0.2966666666666667,0.5393333333333333,0.164,0.8606666666666667,0.1379585326953748,0.30133333333333334,0.13733333333333334,4.178,1.791987049777418,0.30133333333333334,0.6146666666666667,0.084,0.7853333333333333,0.09742638816830321,0.157,0.073,3.368666666666667,1.9746573179921572,0.71,0.40898527763366066
12,10,7,14,30,2,0.198,0.784,0.018,0.6159999999999999,0.034623217922606926,0.05733333333333333,0.03933333333333333,3.6146666666666665,2.164278224397064,0.138,0.378,0.484,0.716,0.25064599483204136,0.676,0.192,6.204,1.3402061855670104,0.168,0.581,0.251,0.6659999999999999,0.14263460637732414,0.3666666666666667,0.11566666666666667,4.909333333333333,1.7522422049820372,0.6159999999999999,0.40887692127546477
18,6,7,18,25,2,0.7833333333333333,0.21533333333333332,0.0013333333333333333,0.6166666666666667,0.03204272363150868,0.004666666666666667,0.0033333333333333335,3.6166666666666667,1.7142857142857146,0.44266666666666665,0.086,0.4713333333333333,0.6859999999999999,0.31273644388398486,0.672,0.20066666666666666,6.3053333333333335,2.126896551724138,0.613,0.15066666666666667,0.23633333333333334,0.6513333333333333,0.17238958375774677,0.3383333333333334,0.102,4.961,1.9205911330049261,0.6166666666666667,0.4088612500848827
12,6,5,10,30,2,0.08733333333333333,0.7826666666666666,0.13,0.6173333333333333,0.06590038314176246,0.266,0.136,3.2386666666666666,2.3847305389221556,0.04733333333333333,0.48533333333333334,0.4673333333333333,0.6473333333333333,0.14518147684605756,0.558,0.09066666666666667,4.195333333333333,1.8014888337468982,0.06733333333333333,0.634,0.29866666666666664,0.6323333333333333,0.10554092999391002,0.41200000000000003,0.11333333333333334,3.7169999999999996,2.093109686334527,0.6173333333333333,0.4085748526654487
15,10,5,14,30,2,0.49933333333333335,0.432,0.06866666666666667,0.8686666666666667,0.15819613457408732,0.20066666666666666,0.132,3.4606666666666666,1.6518650088809945,0.18,0.14533333333333334,0.6746666666666666,0.5253333333333333,0.29098360655737704,0.844,0.16933333333333334,4.756,1.1774383078730906,0.3396666666666667,0.2886666666666667,0.37166666666666665,0.6970000000000001,0.22458987056573218,0.5223333333333333,0.15066666666666667,4.108333333333333,1.4146516583770425,0.5253333333333333,0.40853464077981305
15,15,6,10,16,2,0.32866666666666666,0.6673333333333333,0.004,0.7326666666666667,0.07697456492637215,0.014666666666666666,0.010666666666666666,2.740666666666667,1.9986033519553073,0.6153333333333333,0.344,0.04066666666666666,0.7846666666666666,0.14107018763029883,0.14266666666666666,0.102,3.4273333333333333,1.1328847771236334,0.472,0.5056666666666667,0.02233333333333333,0.7586666666666666,0.1090223762783355,0.07866666666666666,0.05633333333333333,3.084,1.5657440645394702,0.7326666666666667,0.4083878085890004
18,10,5,18,16,2,0.7406666666666667,0.252,0.007333333333333333,0.6593333333333333,0.12693082605775688,0.028,0.020666666666666667,3.224666666666667,1.295121951219512,0.7493333333333333,0.05733333333333333,0.19333333333333333,0.6506666666666667,0.19834710743801653,0.4086666666666667,0.21533333333333332,3.828,1.4732604945370904,0.745,0.15466666666666667,0.10033333333333333,0.655,0.1626389667478867,0.21833333333333335,0.118,3.5263333333333335,1.384191222878301,0.6506666666666667,0.4083111266829107
18,6,7,14,30,1,0.21466666666666667,0.7766666666666666,0.008666666666666666,0.6233333333333333,0.06388702084734364,0.03133333333333333,0.02266666666666667,3.6453333333333333,2.0925726587728737,0.11066666666666666,0.7186666666666667,0.17066666666666666,0.6813333333333333,0.3135048231511254,0.45,0.2793333333333333,5.570666666666667,1.6074685193226226,0.16266666666666668,0.7476666666666667,0.08966666666666666,0.6523333333333333,0.18869592199923452,0.24066666666666667,0.151,4.6080000000000005,1.8500205890477481,0.6233333333333333,0.4081558510665136
12,10,7,18,30,2,0.32066666666666666,0.6546666666666666,0.024666666666666667,0.7453333333333334,0.04784688995215311,0.07333333333333333,0.048666666666666664,3.9766666666666666,1.9534359744648893,0.198,0.174,0.628,0.572,0.32616487455197135,0.818,0.19,6.6386666666666665,1.4259818731117826,0.2593333333333333,0.41433333333333333,0.3263333333333333,0.6586666666666667,0.18700588225206222,0.44566666666666666,0.11933333333333333,5.307666666666666,1.689708923788336,0.572,0.40815117645041243
18,10,7,18,20,2,0.6406666666666667,0.3586666666666667,0.0006666666666666666,0.7593333333333333,0.01134089392928619,0.002,0.0013333333333333333,3.167333333333333,1.246878775674587,0.7233333333333334,0.06866666666666667,0.208,0.6686666666666666,0.2836700336700337,0.392,0.184,5.388,1.9133611691022963,0.682,0.21366666666666667,0.10433333333333333,0.714,0.14750546379965992,0.197,0.09266666666666666,4.277666666666667,1.5801199723884416,0.6686666666666666,0.4072844260932654
18,6,7,14,30,2,0.626,0.37133333333333335,0.0026666666666666666,0.774,0.06016042780748663,0.014,0.011333333333333334,3.546,1.430728241563055,0.18866666666666668,0.25133333333333335,0.56,0.64,0.1696969696969697,0.6953333333333334,0.13533333333333333,6.149333333333334,1.5530973451327434,0.4073333333333333,0.31133333333333335,0.2813333333333334,0.7070000000000001,0.11492869875222816,0.3546666666666667,0.07333333333333333,4.847666666666667,1.491912793347899,0.64,0.4071857397504457
15,15,7,22,25,2,0.7493333333333333,0.24133333333333334,0.009333333333333334,0.6506666666666667,0.04576043068640646,0.02266666666666667,0.013333333333333334,3.7666666666666666,1.4252315835906484,0.614,0.012,0.374,0.612,0.33226837060702874,0.588,0.214,6.092666666666666,2.2298095863427445,0.6816666666666666,0.12666666666666668,0.19166666666666668,0.6313333333333333,0.1890144006467176,0.30533333333333335,0.11366666666666667,4.929666666666666,1.8275205849666964,0.612,0.40665288012934353
15,10,6,14,30,2,0.5073333333333333,0.4633333333333333,0.029333333333333333,0.8293333333333334,0.15315934065934067,0.10133333333333333,0.072,3.614,1.6847918436703484,0.204,0.158,0.638,0.5619999999999999,0.27071823204419887,0.7866666666666666,0.14866666666666667,5.550666666666666,1.25,0.35566666666666663,0.31066666666666665,0.33366666666666667,0.6956666666666667,0.21193878635176977,0.44399999999999995,0.11033333333333334,4.582333333333333,1.4673959218351742,0.5619999999999999,0.40653775727035396
15,15,6,18,25,1,0.21266666666666667,0.784,0.0033333333333333335,0.616,0.15719063545150502,0.034666666666666665,0.03133333333333333,3.5853333333333333,1.902857142857143,0.176,0.7973333333333333,0.02666666666666667,0.6026666666666667,0.41027397260273973,0.3006666666666667,0.274,4.791333333333333,1.4017160686427454,0.19433333333333333,0.7906666666666666,0.015000000000000001,0.6093333333333333,0.28373230402712235,0.16766666666666669,0.15266666666666667,4.1883333333333335,1.6522866057499441,0.6026666666666667,0.40612979413875777
18,10,6,18,16,1,0.644,0.3506666666666667,0.005333333333333333,0.756,0.15013404825737264,0.030666666666666665,0.025333333333333333,3.3673333333333333,1.1416701287910263,0.7626666666666667,0.17066666666666666,0.06666666666666667,0.6373333333333333,0.315,0.278,0.21133333333333335,4.126666666666667,1.2713102776424743,0.7033333333333334,0.26066666666666666,0.036,0.6966666666666667,0.23256702412868632,0.15433333333333335,0.11833333333333335,3.747,1.2064902032167502,0.6373333333333333,0.40608007149240394
18,15,7,22,20,1,0.65,0.3473333333333333,0.0026666666666666666,0.75,0.05080213903743316,0.016666666666666666,0.014,3.526666666666667,1.1186006825938566,0.74,0.20266666666666666,0.05733333333333333,0.66,0.30763790664780766,0.2793333333333333,0.222,4.958666666666667,1.2917448405253282,0.6950000000000001,0.275,0.03,0.7050000000000001,0.1792200228426204,0.148,0.11800000000000001,4.242666666666667,1.2051727615595924,0.66,0.4057440045685241
12,15,7,14,30,2,0.20066666666666666,0.7813333333333333,0.018,0.6186666666666667,0.051595383570943655,0.05333333333333334,0.035333333333333335,3.6306666666666665,2.176242509693338,0.15733333333333333,0.43933333333333335,0.4033333333333333,0.7573333333333333,0.2435754189944134,0.602,0.19866666666666666,5.998666666666667,1.48479427549195,0.179,0.6103333333333334,0.21066666666666667,0.688,0.14758540128267852,0.32766666666666666,0.11699999999999999,4.814666666666667,1.830518392592644,0.6186666666666667,0.40555041358986904
18,6,5,10,16,2,0.29133333333333333,0.7013333333333334,0.007333333333333333,0.6986666666666667,0.0577568838146407,0.03333333333333333,0.026,2.604,2.1469244288224956,0.38533333333333336,0.43666666666666665,0.178,0.9633333333333334,0.12489862124898621,0.312,0.134,3.634,1.5732031943212066,0.3383333333333334,0.569,0.09266666666666666,0.831,0.09132775253181345,0.17266666666666666,0.08,3.1189999999999998,1.860063811571851,0.6986666666666667,0.405498883839696
18,6,7,18,16,1,0.6553333333333333,0.3426666666666667,0.002,0.7446666666666667,0.04876419505678023,0.013333333333333334,0.011333333333333334,3.4133333333333336,1.1175475687103595,0.7206666666666667,0.24,0.03933333333333333,0.6793333333333333,0.2914642609299098,0.218,0.17866666666666667,4.704666666666666,1.310126582278481,0.688,0.29133333333333333,0.020666666666666667,0.712,0.17011422799334502,0.11566666666666667,0.095,4.059,1.2138370754944203,0.6793333333333333,0.40528951226533566
15,10,7,14,30,2,0.5186666666666667,0.472,0.009333333333333334,0.8093333333333333,0.051816958277254375,0.034666666666666665,0.025333333333333333,3.6,1.6561085972850678,0.226,0.17733333333333334,0.5966666666666667,0.6033333333333333,0.2462809917355372,0.7546666666666667,0.158,6.349333333333333,1.6424294268605648,0.37233333333333335,0.32466666666666666,0.303,0.7063333333333333,0.14904897500639577,0.39466666666666667,0.09166666666666667,4.974666666666667,1.6492690120728164,0.6033333333333333,0.40442646166794577
15,15,6,10,30,2,0.226,0.756,0.018,0.6439999999999999,0.0855397148676171,0.084,0.066,3.0486666666666666,2.312081718915111,0.16,0.5126666666666667,0.3273333333333333,0.76,0.13478691774033696,0.49,0.16266666666666665,4.669333333333333,2.0098960910440375,0.193,0.6343333333333334,0.17266666666666666,0.702,0.11016331630397704,0.287,0.11433333333333333,3.859,2.1609889049795745,0.6439999999999999,0.4042326632607953
12,15,5,10,25,2,0.164,0.788,0.048,0.612,0.07352941176470588,0.158,0.11,2.9833333333333334,2.3372717508055856,0.17866666666666667,0.5046666666666667,0.31666666666666665,0.7786666666666666,0.1775609756097561,0.5113333333333333,0.19466666666666665,4.076666666666667,1.6622851365015168,0.17133333333333334,0.6463333333333334,0.18233333333333332,0.6953333333333334,0.125545193687231,0.33466666666666667,0.15233333333333332,3.5300000000000002,1.9997784436535513,0.612,0.4041590387374462
12,10,6,18,16,2,0.694,0.29133333333333333,0.014666666666666666,0.706,0.15020297699594046,0.050666666666666665,0.036,3.5946666666666665,1.2020033388981635,0.788,0.068,0.144,0.612,0.3161993769470405,0.37066666666666664,0.22666666666666666,4.526666666666666,1.4422137818773737,0.741,0.17966666666666667,0.07933333333333333,0.659,0.23320117697149045,0.21066666666666667,0.13133333333333333,4.060666666666666,1.3221085603877687,0.612,0.40394023539429813
18,15,5,10,16,2,0.30866666666666664,0.6806666666666666,0.010666666666666666,0.7193333333333334,0.06401617250673855,0.04,0.029333333333333333,2.6086666666666667,2.0543593363925168,0.5733333333333334,0.3626666666666667,0.064,0.8266666666666667,0.099002849002849,0.18266666666666667,0.11866666666666667,3.064,1.2509554140127388,0.441,0.5216666666666667,0.037333333333333336,0.773,0.08150951075479378,0.11133333333333334,0.074,2.836333333333333,1.6526573752026277,0.7193333333333334,0.40376856881762546
15,10,7,10,30,2,0.26666666666666666,0.7253333333333334,0.008,0.6746666666666666,0.043682795698924734,0.034,0.026,3.208666666666667,2.2564285714285712,0.09933333333333333,0.5566666666666666,0.344,0.6993333333333334,0.11178861788617886,0.4806666666666667,0.13666666666666666,5.285333333333333,2.121418164157358,0.183,0.641,0.176,0.687,0.07773570679255179,0.25733333333333336,0.08133333333333333,4.247,2.188923367792965,0.6746666666666666,0.4036804746918437
15,10,7,10,16,2,0.3413333333333333,0.6586666666666666,0.0,0.7413333333333334,0.01,0.002,0.002,2.7146666666666666,2.0198863636363638,0.56,0.36866666666666664,0.07133333333333333,0.84,0.11629576453697056,0.168,0.09666666666666666,3.994666666666667,1.1552795031055902,0.45066666666666666,0.5136666666666666,0.035666666666666666,0.7906666666666666,0.06314788226848528,0.085,0.04933333333333333,3.3546666666666667,1.587582933370977,0.7413333333333334,0.40344624312036376
18,6,6,22,25,2,0.854,0.14266666666666666,0.0033333333333333335,0.546,0.21270903010033446,0.02266666666666667,0.019333333333333334,3.664,1.8851834206765126,0.44066666666666665,0.024666666666666667,0.5346666666666666,0.6246666666666667,0.3538681948424069,0.7366666666666667,0.202,5.617333333333334,2.049557522123894,0.6473333333333333,0.08366666666666667,0.26899999999999996,0.5853333333333334,0.28328861247137066,0.3796666666666667,0.11066666666666668,4.640666666666667,1.9673704714002032,0.546,0.40320772249427417
12,10,5,22,16,1,0.29533333333333334,0.7046666666666667,0.0,0.6953333333333334,0.154,0.015333333333333332,0.015333333333333332,3.2493333333333334,1.3817762399077278,0.32266666666666666,0.6773333333333333,0.0,0.7226666666666667,0.286,0.06133333333333333,0.06133333333333333,3.490666666666667,1.1559183673469389,0.309,0.6910000000000001,0.0,0.7090000000000001,0.21999999999999997,0.03833333333333333,0.03833333333333333,3.37,1.2688473036273333,0.6953333333333334,0.4031666666666666
18,15,6,10,25,2,0.2673333333333333,0.722,0.010666666666666666,0.6779999999999999,0.09299191374663072,0.042,0.03133333333333333,2.7973333333333334,2.231422505307856,0.26,0.5646666666666667,0.17533333333333334,0.8353333333333334,0.1301535974130962,0.32866666666666666,0.15333333333333332,4.17,1.8936959208899877,0.26366666666666666,0.6433333333333333,0.093,0.7566666666666666,0.11157275557986346,0.18533333333333332,0.09233333333333332,3.4836666666666667,2.062559213098922,0.6779999999999999,0.4029645511159726
18,6,5,22,20,2,0.8306666666666667,0.16666666666666666,0.0026666666666666666,0.5693333333333332,0.12299465240641712,0.024,0.021333333333333333,3.258,1.7413333333333334,0.5413333333333333,0.028666666666666667,0.43,0.6286666666666667,0.30760233918128654,0.6893333333333334,0.25933333333333336,4.58,1.8437025796661608,0.6859999999999999,0.09766666666666667,0.21633333333333332,0.599,0.21529849579385182,0.3566666666666667,0.14033333333333334,3.919,1.792517956499747,0.5693333333333332,0.402276365825437
15,10,5,22,30,2,0.7026666666666667,0.226,0.07133333333333333,0.6973333333333334,0.19956927494615936,0.21066666666666667,0.13933333333333334,3.8,1.616326530612245,0.23466666666666666,0.021333333333333333,0.744,0.45599999999999996,0.4270833333333333,0.9406666666666667,0.19666666666666666,4.932666666666667,1.6421052631578945,0.4686666666666667,0.12366666666666667,0.4076666666666667,0.5766666666666667,0.3133263041397463,0.5756666666666667,0.16799999999999998,4.366333333333333,1.6292158968850696,0.45599999999999996,0.40221526082794923
18,6,5,10,25,1,0.16333333333333333,0.772,0.06466666666666666,0.628,0.09194583036350677,0.164,0.09933333333333333,2.9593333333333334,2.262114537444934,0.082,0.6526666666666666,0.2653333333333333,0.682,0.17785843920145192,0.4086666666666667,0.14333333333333334,3.796666666666667,1.9195710455764075,0.12266666666666667,0.7123333333333333,0.16499999999999998,0.655,0.13490213478247934,0.28633333333333333,0.12133333333333333,3.378,2.0908427915106707,0.628,0.40213042695649587
15,15,7,14,20,2,0.454,0.5453333333333333,0.0006666666666666666,0.8006666666666666,0.01467645096731154,0.004666666666666667,0.004,3.013333333333333,1.726057906458797,0.7146666666666667,0.13266666666666665,0.15266666666666667,0.6853333333333333,0.22029897718332023,0.30866666666666664,0.156,4.927333333333333,1.6822157434402332,0.5843333333333334,0.33899999999999997,0.07666666666666667,0.743,0.11748771407531589,0.15666666666666665,0.08,3.9703333333333335,1.704136824949515,0.6853333333333333,0.4016642094817299
15,15,6,10,20,2,0.2813333333333333,0.7146666666666667,0.004,0.6853333333333333,0.058902275769745646,0.020666666666666667,0.016666666666666666,2.646,2.180084745762712,0.43666666666666665,0.43933333333333335,0.124,0.924,0.1765601217656012,0.2793333333333333,0.15533333333333332,4.100666666666666,1.455770850884583,0.359,0.577,0.064,0.8046666666666666,0.11773119876767343,0.15,0.086,3.373333333333333,1.8179277983236475,0.6853333333333333,0.4016129064202014
15,10,5,18,30,2,0.6153333333333333,0.30533333333333335,0.07933333333333334,0.7846666666666666,0.1774076755973932,0.20733333333333334,0.128,3.6866666666666665,1.3865300146412882,0.21,0.06333333333333334,0.7266666666666667,0.4733333333333334,0.3878048780487805,0.9113333333333333,0.18466666666666667,4.889333333333333,1.3333333333333335,0.4126666666666666,0.18433333333333335,0.403,0.629,0.28260627682308687,0.5593333333333333,0.15633333333333332,4.288,1.3599316739873109,0.4733333333333334,0.400537922031284
15,10,7,18,20,2,0.6526666666666666,0.3446666666666667,0.0026666666666666666,0.7473333333333334,0.01804812834224599,0.005333333333333333,0.0026666666666666666,3.292,1.248768472906404,0.7026666666666667,0.038,0.25933333333333336,0.6379999999999999,0.29162916291629165,0.4613333333333333,0.202,5.625333333333334,2.0773109243697476,0.6776666666666666,0.19133333333333333,0.131,0.6926666666666667,0.15483864562926883,0.23333333333333334,0.10233333333333335,4.458666666666667,1.6630396986380758,0.6379999999999999,0.40031772912585367
18,10,7,14,30,1,0.21133333333333335,0.7813333333333333,0.007333333333333333,0.6186666666666667,0.0631296171927468,0.03933333333333333,0.032,3.4953333333333334,2.1216893342877596,0.116,0.7173333333333334,0.16666666666666666,0.6826666666666666,0.2992,0.4126666666666667,0.246,5.504666666666667,1.6590811507084586,0.16366666666666668,0.7493333333333334,0.087,0.6506666666666667,0.1811648085963734,0.226,0.139,4.5,1.8903852424981091,0.6186666666666667,0.400316295052608
18,10,7,22,25,2,0.8046666666666666,0.19466666666666665,0.0006666666666666666,0.5953333333333333,0.03669112741827885,0.0033333333333333335,0.0026666666666666666,3.6573333333333333,1.66577896138482,0.558,0.022,0.42,0.622,0.3528735632183908,0.626,0.206,6.241333333333333,2.301147873058744,0.6813333333333333,0.10833333333333332,0.21033333333333332,0.6086666666666667,0.19478234531833483,0.31466666666666665,0.10433333333333333,4.949333333333334,1.983463417221782,0.5953333333333333,0.3994731357303336
15,15,5,14,25,1,0.126,0.8553333333333333,0.018666666666666668,0.5446666666666666,0.10122282608695653,0.12866666666666668,0.11,3.202,2.126424870466321,0.15933333333333333,0.702,0.13866666666666666,0.698,0.3591331269349845,0.49,0.35133333333333333,4.225333333333333,1.4846734784540205,0.14266666666666666,0.7786666666666666,0.07866666666666666,0.6213333333333333,0.23017797651097052,0.30933333333333335,0.23066666666666666,3.7136666666666667,1.8055491744601708,0.5446666666666666,0.3993689286355274
12,15,5,10,20,2,0.20133333333333334,0.774,0.024666666666666667,0.626,0.059466848940533154,0.098,0.07333333333333333,2.756,2.2377134890205648,0.33266666666666667,0.4806666666666667,0.18666666666666668,0.9193333333333333,0.19754098360655736,0.41133333333333333,0.22466666666666665,3.8706666666666667,1.4224021592442644,0.267,0.6273333333333333,0.10566666666666667,0.7726666666666666,0.12850391627354527,0.25466666666666665,0.149,3.3133333333333335,1.8300578241324146,0.626,0.39925078325470903
15,10,6,22,20,2,0.8193333333333334,0.17466666666666666,0.006,0.5806666666666667,0.10663983903420524,0.018,0.012,3.3366666666666664,1.711804008908686,0.668,0.006666666666666667,0.3253333333333333,0.6066666666666667,0.33300395256917,0.5793333333333334,0.254,5.191333333333334,1.7848876786929881,0.7436666666666667,0.09066666666666666,0.16566666666666666,0.5936666666666667,0.2198218958016876,0.2986666666666667,0.133,4.264,1.748345843800837,0.5806666666666667,0.3990477124936709
15,15,5,14,16,2,0.5513333333333333,0.43733333333333335,0.011333333333333334,0.8113333333333334,0.11395819285232636,0.042,0.030666666666666665,3.1606666666666667,1.4197952218430034,0.758,0.09466666666666666,0.14733333333333334,0.642,0.19390148553557468,0.352,0.20466666666666666,3.6186666666666665,1.3631948192120884,0.6546666666666667,0.266,0.07933333333333334,0.7266666666666667,0.15392983919395054,0.19699999999999998,0.11766666666666667,3.389666666666667,1.3914950205275458,0.642,0.39898596783879015
18,10,6,22,20,2,0.7926666666666666,0.20466666666666666,0.0026666666666666666,0.6073333333333333,0.09090909090909091,0.007333333333333333,0.004666666666666667,3.2706666666666666,1.5981308411214954,0.7166666666666667,0.018666666666666668,0.26466666666666666,0.6186666666666667,0.314596554850408,0.49133333333333334,0.22666666666666666,4.985333333333333,1.7885679164105714,0.7546666666666666,0.11166666666666666,0.13366666666666666,0.613,0.20275282287974944,0.24933333333333335,0.11566666666666667,4.128,1.6933493787660334,0.6073333333333333,0.3989672312426165
18,6,7,14,16,2,0.5553333333333333,0.444,0.0006666666666666666,0.8006666666666666,0.00867244829886591,0.004,0.0033333333333333335,3.078666666666667,1.4655963302752293,0.6953333333333334,0.182,0.12266666666666666,0.7046666666666666,0.17477203647416414,0.24466666666666667,0.122,4.6273333333333335,1.484108705665592,0.6253333333333333,0.313,0.06166666666666666,0.7526666666666666,0.09172224238651502,0.12433333333333334,0.06266666666666666,3.853,1.4748525179704106,0.7046666666666666,0.3987277818106363
12,6,7,10,16,2,0.30666666666666664,0.69,0.0033333333333333335,0.71,0.022073578595317726,0.011333333333333334,0.008,2.986,1.9921875000000002,0.3993333333333333,0.5286666666666666,0.072,0.8713333333333333,0.16738505747126436,0.19133333333333333,0.11933333333333333,4.3886666666666665,1.2482560525235946,0.353,0.6093333333333333,0.03766666666666666,0.7906666666666666,0.09472931803329104,0.10133333333333333,0.06366666666666666,3.687333333333333,1.6202217762617974,0.71,0.3986958636066582
18,15,5,18,16,1,0.624,0.36133333333333334,0.014666666666666666,0.776,0.13802435723951287,0.08533333333333333,0.07066666666666667,3.262,1.1656854499579479,0.7853333333333333,0.12066666666666667,0.094,0.6146666666666667,0.22737306843267108,0.3313333333333333,0.23733333333333334,3.482,1.3434447300771208,0.7046666666666667,0.241,0.05433333333333333,0.6953333333333334,0.18269871283609196,0.20833333333333331,0.154,3.372,1.2545650900175342,0.6146666666666667,0.3982230759005517
12,6,6,22,16,2,0.842,0.15,0.008,0.558,0.15591397849462366,0.037333333333333336,0.029333333333333333,3.6113333333333335,1.5893333333333333,0.7813333333333333,0.02,0.19866666666666666,0.6186666666666667,0.3968386023294509,0.49133333333333334,0.2926666666666667,4.927333333333333,1.6268320180383313,0.8116666666666666,0.08499999999999999,0.10333333333333333,0.5883333333333334,0.27637629041203726,0.26433333333333336,0.161,4.269333333333334,1.6080826756858322,0.558,0.3980752580824075
15,6,7,22,25,2,0.8326666666666667,0.16333333333333333,0.004,0.5673333333333334,0.03815261044176707,0.016666666666666666,0.012666666666666666,3.808,1.8791526239768899,0.408,0.013333333333333334,0.5786666666666667,0.6133333333333333,0.36075949367088606,0.7666666666666667,0.188,6.570666666666667,2.4232902033271717,0.6203333333333333,0.08833333333333333,0.29133333333333333,0.5903333333333334,0.19945605205632655,0.3916666666666667,0.10033333333333333,5.189333333333334,2.151221413652031,0.5673333333333334,0.397357877077932
12,15,5,22,16,2,0.7553333333333333,0.216,0.028666666666666667,0.6446666666666667,0.1448181194234729,0.09466666666666666,0.066,3.505333333333333,1.3767482517482519,0.8233333333333334,0.036,0.14066666666666666,0.5766666666666667,0.27928626842513576,0.42933333333333334,0.2886666666666667,3.816666666666667,1.4910472056429735,0.7893333333333333,0.126,0.08466666666666667,0.6106666666666667,0.21205219392430433,0.262,0.17733333333333334,3.661,1.4338977286956127,0.5766666666666667,0.3966437721181942
18,15,5,10,20,2,0.258,0.7306666666666667,0.011333333333333334,0.6693333333333333,0.06877950101146325,0.04666666666666667,0.035333333333333335,2.518666666666667,2.203484320557491,0.41,0.45066666666666666,0.13933333333333334,0.9393333333333334,0.12935708752904726,0.306,0.16666666666666666,3.5853333333333333,1.5666666666666667,0.33399999999999996,0.5906666666666667,0.07533333333333334,0.8043333333333333,0.09906829427025526,0.17633333333333334,0.10099999999999999,3.052,1.8850754936120788,0.6693333333333333,0.3960803255207177
15,6,7,10,30,2,0.30533333333333335,0.6873333333333334,0.007333333333333333,0.7126666666666667,0.04499664204163868,0.03133333333333333,0.024,3.3393333333333333,2.177242888402626,0.06733333333333333,0.5586666666666666,0.374,0.6673333333333333,0.08413205537806177,0.4866666666666667,0.11266666666666666,5.274,2.143283582089552,0.18633333333333335,0.623,0.19066666666666668,0.69,0.06456434870985023,0.259,0.06833333333333333,4.306666666666667,2.160263235246089,0.6673333333333333,0.3956795364086367
18,6,5,14,30,2,0.6013333333333334,0.34933333333333333,0.04933333333333333,0.7986666666666666,0.19424964936886396,0.18466666666666667,0.13533333333333333,3.4686666666666666,1.4279048063462438,0.12266666666666666,0.21066666666666667,0.6666666666666666,0.5333333333333333,0.19,0.776,0.10933333333333334,4.652,1.7975206611570247,0.36200000000000004,0.28,0.358,0.6659999999999999,0.19212482468443198,0.48033333333333333,0.12233333333333334,4.060333333333333,1.6127127337516343,0.5333333333333333,0.39549163160355305
18,10,6,14,16,2,0.5253333333333333,0.4726666666666667,0.002,0.802,0.08350033400133601,0.007333333333333333,0.005333333333333333,3.0326666666666666,1.5694444444444446,0.726,0.16,0.114,0.674,0.1948833709556057,0.25266666666666665,0.13866666666666666,3.993333333333333,1.23609022556391,0.6256666666666666,0.31633333333333336,0.058,0.738,0.13919185247847085,0.13,0.072,3.513,1.4027673350041772,0.674,0.39513837049569417
18,6,6,22,20,2,0.8193333333333334,0.18,0.0006666666666666666,0.5806666666666667,0.1094062708472315,0.007333333333333333,0.006666666666666667,3.272,1.6672473867595818,0.6653333333333333,0.019333333333333334,0.31533333333333335,0.6193333333333333,0.33690360272638753,0.55,0.23466666666666666,5.199333333333334,1.9163498098859315,0.7423333333333333,0.09966666666666667,0.158,0.6,0.2231549367868095,0.2786666666666667,0.12066666666666666,4.235666666666667,1.7917985983227567,0.5806666666666667,0.39486432069069527
15,6,7,22,20,1,0.504,0.496,0.0,0.8,0.04533333333333334,0.0013333333333333333,0.0013333333333333333,3.542,1.3479175431215817,0.3,0.6993333333333334,0.0006666666666666666,0.7006666666666667,0.3228819212808539,0.05,0.04933333333333333,4.979333333333333,1.2315663611000398,0.402,0.5976666666666667,0.0003333333333333333,0.7503333333333333,0.18410762730709362,0.025666666666666667,0.025333333333333333,4.260666666666666,1.2897419521108109,0.7006666666666667,0.3948048587947521
12,6,7,18,16,2,0.7233333333333334,0.27466666666666667,0.002,0.6766666666666666,0.03072812291249165,0.011333333333333334,0.009333333333333334,3.5933333333333333,1.3120991876870458,0.7646666666666667,0.08466666666666667,0.15066666666666667,0.6353333333333333,0.30612244897959184,0.35333333333333333,0.20266666666666666,5.215333333333334,1.5880535530381048,0.744,0.17966666666666667,0.07633333333333334,0.6559999999999999,0.16842528594604175,0.18233333333333335,0.106,4.404333333333334,1.4500763703625754,0.6353333333333333,0.394601723855875
18,10,7,10,25,2,0.3006666666666667,0.6986666666666667,0.0006666666666666666,0.7013333333333334,0.025350233488992662,0.004666666666666667,0.004,2.8646666666666665,2.147006095374686,0.18466666666666667,0.6286666666666667,0.18666666666666668,0.7713333333333333,0.09098360655737706,0.3,0.11333333333333333,4.607333333333333,2.022073314938904,0.2426666666666667,0.6636666666666666,0.09366666666666668,0.7363333333333333,0.05816692002318486,0.15233333333333332,0.058666666666666666,3.7359999999999998,2.084539705156795,0.7013333333333334,0.3939500506713036
18,6,6,22,16,1,0.7913333333333333,0.20266666666666666,0.006,0.6086666666666667,0.16566063044936286,0.03666666666666667,0.030666666666666665,3.417333333333333,1.4181568088033014,0.8306666666666667,0.07933333333333334,0.09,0.5693333333333334,0.36043956043956044,0.38533333333333336,0.29533333333333334,4.540666666666667,1.4050822122571003,0.8109999999999999,0.14100000000000001,0.048,0.589,0.2630500954444617,0.21100000000000002,0.163,3.979,1.4116195105302007,0.5693333333333334,0.39337668575555906
12,10,5,10,30,2,0.09733333333333333,0.8133333333333334,0.08933333333333333,0.5866666666666667,0.07101024890190337,0.22666666666666666,0.13733333333333334,3.1113333333333335,2.338946614116804,0.06133333333333333,0.4766666666666667,0.462,0.6613333333333333,0.14250309789343246,0.5733333333333334,0.11133333333333334,4.188,1.809404388714733,0.07933333333333333,0.645,0.27566666666666667,0.624,0.10675667339766792,0.4,0.12433333333333334,3.6496666666666666,2.074175501415769,0.5866666666666667,0.39333466801286693
18,10,5,10,16,2,0.28,0.7133333333333334,0.006666666666666667,0.6866666666666666,0.07315436241610739,0.02666666666666667,0.02,2.530666666666667,2.1247821540606484,0.4646666666666667,0.4,0.13533333333333333,0.9353333333333333,0.1117964533538936,0.254,0.11866666666666667,3.4053333333333335,1.409290096406661,0.37233333333333335,0.5566666666666666,0.071,0.8109999999999999,0.0924754078850005,0.14033333333333334,0.06933333333333333,2.968,1.7670361252336546,0.6866666666666666,0.39327841491033344
18,15,7,14,16,1,0.44,0.5586666666666666,0.0013333333333333333,0.8013333333333333,0.030040053404539385,0.008666666666666666,0.007333333333333333,3.1,1.6194002221399482,0.6686666666666666,0.31933333333333336,0.012,0.7313333333333334,0.13900134952766532,0.06866666666666667,0.056666666666666664,3.622,1.2010771992818672,0.5543333333333333,0.439,0.006666666666666667,0.7663333333333333,0.08452070146610235,0.03866666666666667,0.032,3.3609999999999998,1.4102387107109076,0.7313333333333334,0.3931708069598872
12,6,6,14,30,2,0.21333333333333335,0.7386666666666667,0.048,0.6613333333333333,0.08893557422969188,0.14733333333333334,0.09933333333333333,3.6693333333333333,2.1109070877708414,0.10866666666666666,0.21533333333333332,0.676,0.524,0.33539094650205764,0.806,0.13,5.565333333333333,1.2151898734177213,0.161,0.477,0.36200000000000004,0.5926666666666667,0.21216326036587477,0.4766666666666667,0.11466666666666667,4.617333333333333,1.6630484805942813,0.524,0.39313265207317494
12,15,6,10,16,2,0.276,0.718,0.006,0.682,0.0818242790073776,0.03333333333333333,0.027333333333333334,2.922,2.054880166724557,0.5126666666666667,0.43133333333333335,0.056,0.856,0.17372881355932204,0.17333333333333334,0.11733333333333333,3.5966666666666667,1.2035623409669212,0.39433333333333337,0.5746666666666667,0.031,0.769,0.12777654628334983,0.10333333333333333,0.07233333333333333,3.259333333333333,1.6292212538457391,0.682,0.39290530925667005
12,10,5,14,30,2,0.196,0.6833333333333333,0.12066666666666667,0.7166666666666667,0.07733131159969674,0.254,0.13333333333333333,3.466,2.22177742193755,0.11133333333333334,0.19866666666666666,0.69,0.51,0.2924731182795699,0.822,0.132,4.722,1.1822660098522169,0.15366666666666667,0.441,0.4053333333333333,0.6133333333333333,0.18490221493963332,0.538,0.13266666666666665,4.094,1.7020217158948836,0.51,0.39258044298792666
15,15,6,22,20,2,0.8106666666666666,0.18266666666666667,0.006666666666666667,0.5893333333333333,0.1040268456375839,0.018,0.011333333333333334,3.3406666666666665,1.5696594427244581,0.782,0.004666666666666667,0.21333333333333335,0.6046666666666667,0.3288135593220339,0.456,0.24266666666666667,4.8486666666666665,1.7676056338028168,0.7963333333333333,0.09366666666666668,0.11,0.597,0.2164202024798089,0.23700000000000002,0.127,4.094666666666667,1.6686325382636373,0.5893333333333333,0.3925507071626284
18,6,7,10,16,2,0.3313333333333333,0.6686666666666666,0.0,0.7313333333333334,0.010666666666666666,0.0013333333333333333,0.0013333333333333333,2.6253333333333333,2.0732314255243516,0.438,0.498,0.064,0.864,0.0876068376068376,0.144,0.08,3.966,1.5283018867924527,0.38466666666666666,0.5833333333333333,0.032,0.7976666666666667,0.049136752136752136,0.07266666666666666,0.04066666666666667,3.2956666666666665,1.8007666561584021,0.7313333333333334,0.39249401709401716
18,15,6,10,30,2,0.23733333333333334,0.752,0.010666666666666666,0.648,0.08557951482479785,0.052,0.04133333333333333,2.8486666666666665,2.3117897727272725,0.16066666666666668,0.5933333333333334,0.246,0.7606666666666666,0.11582670203359859,0.39666666666666667,0.15066666666666667,4.3453333333333335,2.1067708333333335,0.199,0.6726666666666667,0.12833333333333333,0.7043333333333333,0.10070310842919822,0.22433333333333333,0.096,3.597,2.2092803030303028,0.648,0.3921906216858397
12,6,6,10,25,2,0.174,0.802,0.024,0.5979999999999999,0.08538251366120218,0.102,0.078,3.246,2.186858316221766,0.11266666666666666,0.548,0.3393333333333333,0.7126666666666667,0.20686175580222,0.5053333333333333,0.166,4.745333333333333,1.7239263803680984,0.1433333333333333,0.675,0.18166666666666667,0.6553333333333333,0.1461221347317111,0.30366666666666664,0.122,3.9956666666666667,1.9553923482949322,0.5979999999999999,0.3920744269463421
12,10,6,18,30,2,0.31333333333333335,0.6293333333333333,0.05733333333333333,0.7706666666666667,0.13861386138613863,0.17066666666666666,0.11333333333333333,3.982666666666667,1.9522317932654656,0.18333333333333332,0.09666666666666666,0.72,0.48,0.3904761904761905,0.8786666666666667,0.15866666666666668,5.780666666666667,1.5021459227467813,0.24833333333333335,0.363,0.38866666666666666,0.6253333333333333,0.2645450259311646,0.5246666666666667,0.136,4.881666666666667,1.7271888580061234,0.48,0.39200900518623294
18,6,7,10,20,2,0.30866666666666664,0.6906666666666667,0.0006666666666666666,0.7093333333333334,0.01067378252168112,0.0026666666666666666,0.002,2.562,2.150983899821109,0.2966666666666667,0.5733333333333334,0.13,0.8266666666666667,0.0950191570881226,0.23666666666666666,0.10666666666666667,4.473333333333334,1.7913175932977914,0.30266666666666664,0.632,0.06533333333333334,0.768,0.05284646980490186,0.11966666666666667,0.05433333333333334,3.517666666666667,1.97115074655945,0.7093333333333334,0.3913359606276471
18,10,5,10,25,1,0.148,0.8026666666666666,0.04933333333333333,0.5973333333333334,0.08976157082748948,0.14266666666666666,0.09333333333333334,2.864,2.244467860906217,0.13133333333333333,0.634,0.23466666666666666,0.7313333333333334,0.20993031358885017,0.4166666666666667,0.182,3.8646666666666665,1.8492779783393503,0.13966666666666666,0.7183333333333333,0.142,0.6643333333333334,0.14984594220816982,0.2796666666666667,0.13766666666666666,3.364333333333333,2.0468729196227837,0.5973333333333334,0.39123585510830067
15,15,7,22,16,1,0.6086666666666667,0.3913333333333333,0.0,0.7913333333333333,0.04666666666666667,0.0006666666666666666,0.0006666666666666666,3.4353333333333333,1.0655129789864028,0.6626666666666666,0.3373333333333333,0.0,0.7373333333333334,0.158,0.012666666666666666,0.012666666666666666,3.724666666666667,1.2026785714285713,0.6356666666666666,0.3643333333333333,0.0,0.7643333333333333,0.10233333333333333,0.006666666666666666,0.006666666666666666,3.58,1.134095775207487,0.7373333333333334,0.3911333333333334
12,6,6,10,20,2,0.20666666666666667,0.7786666666666666,0.014666666666666666,0.6213333333333333,0.060216508795669824,0.05,0.035333333333333335,2.8433333333333333,2.2006269592476486,0.25266666666666665,0.52,0.22733333333333333,0.8526666666666667,0.2286453839516825,0.41133333333333333,0.184,4.559333333333333,1.4814475492441594,0.22966666666666666,0.6493333333333333,0.121,0.737,0.14443094637367615,0.23066666666666666,0.10966666666666666,3.7013333333333334,1.841037254245904,0.6213333333333333,0.3906028559414019
12,10,7,22,30,2,0.43266666666666664,0.542,0.025333333333333333,0.8253333333333334,0.05198358413132695,0.07133333333333333,0.046,4.142666666666667,1.7094703049759228,0.23266666666666666,0.08333333333333333,0.684,0.5159999999999999,0.38396624472573837,0.8753333333333333,0.19133333333333333,6.794666666666667,1.6204379562043794,0.33266666666666667,0.3126666666666667,0.3546666666666667,0.6706666666666666,0.21797491442853267,0.47333333333333333,0.11866666666666667,5.4686666666666675,1.664954130590151,0.5159999999999999,0.3903949828857065
15,10,6,22,30,2,0.7406666666666667,0.23733333333333334,0.022,0.6593333333333333,0.21608725289706884,0.092,0.07,3.9633333333333334,1.5553453169347207,0.26866666666666666,0.012,0.7193333333333334,0.4806666666666666,0.38004750593824227,0.8786666666666667,0.15933333333333333,5.835333333333334,2.0599700149925035,0.5046666666666667,0.12466666666666668,0.3706666666666667,0.57,0.29806737941765554,0.48533333333333334,0.11466666666666667,4.899333333333334,1.807657665963612,0.4806666666666666,0.3899468092168644
18,6,6,18,30,2,0.768,0.22133333333333333,0.010666666666666666,0.632,0.21765498652291104,0.04666666666666667,0.036,3.735333333333333,1.8045867176301962,0.23133333333333334,0.09266666666666666,0.676,0.524,0.2777777777777778,0.8193333333333334,0.14333333333333334,5.692,1.6164383561643836,0.4996666666666667,0.157,0.3433333333333334,0.5780000000000001,0.24771638215034442,0.433,0.08966666666666667,4.713666666666667,1.7105125368972898,0.524,0.38994327643006893
15,10,6,18,30,2,0.632,0.338,0.03,0.768,0.18694158075601375,0.09266666666666666,0.06266666666666666,3.812,1.2996389891696751,0.25133333333333335,0.042666666666666665,0.706,0.494,0.36054421768707484,0.8613333333333333,0.15533333333333332,5.788666666666667,1.8174273858921162,0.44166666666666665,0.19033333333333335,0.368,0.631,0.27374289922154427,0.477,0.10899999999999999,4.800333333333334,1.5585331875308956,0.494,0.38964857984430884
18,15,6,18,20,2,0.5846666666666667,0.412,0.0033333333333333335,0.8033333333333333,0.07959866220735785,0.008,0.004666666666666667,3.1086666666666667,1.420369642154935,0.776,0.06333333333333334,0.16066666666666668,0.624,0.2748212867355044,0.35533333333333333,0.19466666666666665,4.520666666666667,1.5791173304628632,0.6803333333333333,0.23766666666666666,0.082,0.7136666666666667,0.1772099744714311,0.18166666666666667,0.09966666666666667,3.8146666666666667,1.499743486308899,0.624,0.38964199489428625
12,15,6,22,16,1,0.308,0.692,0.0,0.708,0.13133333333333333,0.0,0.0,3.23,1.3755210306934444,0.43533333333333335,0.5646666666666667,0.0,0.8,0.218,0.0,0.0,3.254,1.0503778337531486,0.3716666666666667,0.6283333333333333,0.0,0.754,0.17466666666666666,0.0,0.0,3.242,1.2129494322232965,0.708,0.3889333333333333
15,10,7,10,20,2,0.2833333333333333,0.7153333333333334,0.0013333333333333333,0.6846666666666666,0.012683578104138851,0.004666666666666667,0.0033333333333333335,2.5946666666666665,2.153522607781283,0.38,0.4673333333333333,0.15266666666666667,0.9326666666666666,0.13532651455546812,0.2833333333333333,0.13066666666666665,4.6593333333333335,1.5131304710295956,0.33166666666666667,0.5913333333333334,0.077,0.8086666666666666,0.07400504632980348,0.144,0.06699999999999999,3.627,1.8333265394054392,0.6846666666666666,0.388784342599294
15,10,6,18,25,1,0.194,0.806,0.0,0.594,0.14866666666666667,0.035333333333333335,0.035333333333333335,3.5673333333333335,1.9133522727272727,0.12466666666666666,0.8446666666666667,0.030666666666666665,0.5553333333333333,0.4436038514442916,0.3233333333333333,0.2926666666666667,4.914,1.4203125,0.15933333333333333,0.8253333333333334,0.015333333333333332,0.5746666666666667,0.2961352590554791,0.17933333333333332,0.164,4.240666666666667,1.6668323863636365,0.5553333333333333,0.3883937184777625
18,6,5,22,30,2,0.8026666666666666,0.15066666666666667,0.04666666666666667,0.5973333333333334,0.25104895104895103,0.17466666666666666,0.128,3.7533333333333334,1.9662688116242864,0.20666666666666667,0.043333333333333335,0.75,0.44999999999999996,0.36533333333333334,0.902,0.152,4.889333333333333,1.5464926590538337,0.5046666666666666,0.097,0.3983333333333333,0.5236666666666667,0.3081911421911422,0.5383333333333333,0.14,4.3213333333333335,1.75638073533906,0.44999999999999996,0.3883882284382284
18,6,5,18,30,2,0.73,0.22533333333333333,0.04466666666666667,0.67,0.2198185624563852,0.17933333333333334,0.13466666666666666,3.658,1.7778332501248129,0.174,0.10066666666666667,0.7253333333333334,0.47466666666666657,0.30097087378640774,0.862,0.13666666666666666,4.828666666666667,1.1567267683772537,0.45199999999999996,0.163,0.385,0.5723333333333334,0.2603947181213965,0.5206666666666666,0.13566666666666666,4.243333333333333,1.4672800092510334,0.47466666666666657,0.38786227695761255
18,6,5,10,16,1,0.23133333333333334,0.7533333333333333,0.015333333333333332,0.6466666666666667,0.07176709546377792,0.07333333333333333,0.058,2.68,2.189765458422175,0.3233333333333333,0.578,0.09866666666666667,0.8220000000000001,0.15680473372781065,0.26066666666666666,0.162,3.444,1.5493851646172152,0.2773333333333333,0.6656666666666666,0.057,0.7343333333333334,0.11428591459579429,0.16699999999999998,0.11,3.0620000000000003,1.8695753115196951,0.6466666666666667,0.38774051625249223
12,10,6,10,20,2,0.21266666666666667,0.774,0.013333333333333334,0.626,0.05810810810810811,0.051333333333333335,0.038,2.8726666666666665,2.2140375260597636,0.2846666666666667,0.5366666666666666,0.17866666666666667,0.8633333333333333,0.20373376623376624,0.368,0.18933333333333333,4.378,1.4867021276595744,0.24866666666666667,0.6553333333333333,0.096,0.7446666666666666,0.13092093717093717,0.20966666666666667,0.11366666666666667,3.6253333333333333,1.8503698268596689,0.626,0.3876841874341874
15,15,7,10,16,2,0.3273333333333333,0.672,0.0006666666666666666,0.728,0.01067378252168112,0.007333333333333333,0.006666666666666667,2.7053333333333334,2.0252631578947367,0.626,0.3433333333333333,0.030666666666666665,0.774,0.09903713892709766,0.09266666666666666,0.062,3.522,1.0913600661430343,0.4766666666666667,0.5076666666666667,0.015666666666666666,0.751,0.05485546072438939,0.049999999999999996,0.034333333333333334,3.1136666666666666,1.5583116120188856,0.728,0.3876210921448779
15,10,7,22,30,2,0.7453333333333333,0.24266666666666667,0.012,0.6546666666666667,0.06545209176788123,0.03133333333333333,0.019333333333333334,3.937333333333333,1.5690140845070422,0.31466666666666665,0.012666666666666666,0.6726666666666666,0.5273333333333333,0.3625254582484725,0.8506666666666667,0.178,6.756666666666667,2.5753424657534247,0.53,0.12766666666666668,0.3423333333333333,0.591,0.21398877500817687,0.441,0.09866666666666667,5.3469999999999995,2.0721782751302333,0.5273333333333333,0.387414421668302
15,10,7,18,30,2,0.6533333333333333,0.33666666666666667,0.01,0.7466666666666667,0.06060606060606061,0.026,0.016,3.814,1.327386262265834,0.292,0.04733333333333333,0.6606666666666666,0.5393333333333333,0.33398821218074654,0.8306666666666667,0.17,6.66,2.322162162162162,0.4726666666666667,0.192,0.3353333333333333,0.643,0.19729713639340357,0.42833333333333334,0.093,5.237,1.824774212213998,0.5393333333333333,0.38732609394534745
15,6,6,22,20,2,0.8513333333333334,0.14533333333333334,0.0033333333333333335,0.5486666666666666,0.09632107023411371,0.013333333333333334,0.01,3.3453333333333335,1.837739288969918,0.6093333333333333,0.007333333333333333,0.38333333333333336,0.6073333333333334,0.36,0.6286666666666667,0.24533333333333332,5.354666666666667,1.94180269694819,0.7303333333333333,0.07633333333333334,0.19333333333333336,0.5780000000000001,0.22816053511705686,0.321,0.12766666666666665,4.35,1.889770992959054,0.5486666666666666,0.3872654403567447
15,6,6,18,16,2,0.8066666666666666,0.19266666666666668,0.0006666666666666666,0.5933333333333333,0.14409606404269512,0.007333333333333333,0.006666666666666667,3.374,1.494871794871795,0.7653333333333333,0.03,0.20466666666666666,0.63,0.2757753562447611,0.4186666666666667,0.214,4.720666666666666,1.7986425339366516,0.786,0.11133333333333334,0.10266666666666667,0.6116666666666666,0.20993571014372814,0.21300000000000002,0.11033333333333332,4.0473333333333334,1.6467571644042232,0.5933333333333333,0.38715380869541227
18,10,6,10,20,2,0.2693333333333333,0.7266666666666667,0.004,0.6733333333333333,0.05622489959839357,0.014666666666666666,0.010666666666666666,2.5693333333333332,2.214963119072708,0.31733333333333336,0.542,0.14066666666666666,0.858,0.13110938712179984,0.2693333333333333,0.12866666666666668,4.008666666666667,1.7695406929895245,0.29333333333333333,0.6343333333333334,0.07233333333333333,0.7656666666666667,0.09366714336009671,0.142,0.06966666666666667,3.2889999999999997,1.9922519060311163,0.6733333333333333,0.387150095338686
12,6,5,22,16,1,0.2673333333333333,0.7326666666666667,0.0,0.6673333333333333,0.138,0.009333333333333334,0.009333333333333334,3.25,1.4294385432473447,0.25533333333333336,0.7446666666666667,0.0,0.6553333333333333,0.328,0.074,0.074,3.622,1.1975855130784707,0.2613333333333333,0.7386666666666667,0.0,0.6613333333333333,0.233,0.041666666666666664,0.041666666666666664,3.436,1.3135120281629078,0.6553333333333333,0.3867666666666666
18,6,7,10,30,2,0.352,0.6426666666666667,0.005333333333333333,0.7573333333333333,0.05026809651474531,0.018,0.012666666666666666,3.192,2.124237804878049,0.07266666666666667,0.6373333333333333,0.29,0.6726666666666667,0.06009389671361502,0.392,0.102,4.9206666666666665,2.250322580645161,0.21233333333333332,0.64,0.14766666666666667,0.7150000000000001,0.05518099661418016,0.20500000000000002,0.05733333333333333,4.056333333333333,2.1872801927616052,0.6726666666666667,0.38671953265616943
18,6,7,18,30,2,0.7726666666666666,0.22466666666666665,0.0026666666666666666,0.6273333333333333,0.051470588235294115,0.016666666666666666,0.014,3.756,1.8005684509711037,0.274,0.08866666666666667,0.6373333333333333,0.5626666666666666,0.2610294117647059,0.796,0.15866666666666668,6.58,2.066037735849057,0.5233333333333333,0.15666666666666668,0.32,0.595,0.15625,0.4063333333333334,0.08633333333333335,5.168,1.9333030934100803,0.5626666666666666,0.38648333333333335
18,10,7,10,30,2,0.2813333333333333,0.7166666666666667,0.002,0.6833333333333333,0.029392117568470273,0.010666666666666666,0.008666666666666666,3.002666666666667,2.196008553100499,0.09066666666666667,0.6526666666666666,0.25666666666666665,0.6906666666666668,0.06367713004484304,0.35333333333333333,0.09666666666666666,4.754666666666667,2.2597730138713743,0.186,0.6846666666666666,0.12933333333333333,0.687,0.046534623806656655,0.182,0.05266666666666667,3.8786666666666667,2.227890783485937,0.6833333333333333,0.386173591427998
15,10,5,14,30,1,0.072,0.904,0.024,0.496,0.11202185792349727,0.13733333333333334,0.11333333333333333,3.2506666666666666,2.1241473396998636,0.074,0.7306666666666667,0.19533333333333333,0.6693333333333333,0.37033968516984256,0.5713333333333334,0.376,4.3406666666666665,1.5661764705882353,0.073,0.8173333333333334,0.10966666666666666,0.5826666666666667,0.24118077154666992,0.35433333333333333,0.24466666666666667,3.7956666666666665,1.8451619051440495,0.496,0.38608615430933396
12,10,6,22,16,2,0.8,0.188,0.012,0.6,0.1524966261808367,0.03933333333333333,0.027333333333333334,3.608,1.4478260869565216,0.8266666666666667,0.025333333333333333,0.148,0.5733333333333333,0.32629107981220656,0.382,0.234,4.569333333333334,1.439200444197668,0.8133333333333334,0.10666666666666666,0.08,0.5866666666666667,0.23939385299652163,0.21066666666666667,0.13066666666666668,4.088666666666667,1.4435132655770948,0.5733333333333333,0.385745437265971
12,6,5,14,30,2,0.22466666666666665,0.6406666666666667,0.13466666666666666,0.7593333333333333,0.0963020030816641,0.278,0.14333333333333334,3.596,2.124024640657084,0.10066666666666667,0.18533333333333332,0.714,0.486,0.3006993006993007,0.8326666666666667,0.11866666666666667,4.728,1.1890482398956976,0.16266666666666665,0.41300000000000003,0.42433333333333334,0.6226666666666667,0.19850065189048238,0.5553333333333333,0.131,4.162,1.656536440276391,0.486,0.3856501303780965
15,10,6,18,16,2,0.7753333333333333,0.22266666666666668,0.002,0.6246666666666667,0.15364061456245826,0.01,0.008,3.388,1.3557573256293851,0.804,0.020666666666666667,0.17533333333333334,0.596,0.27566693613581245,0.376,0.20066666666666666,4.451333333333333,1.628328611898017,0.7896666666666667,0.12166666666666667,0.08866666666666667,0.6103333333333334,0.21465377534913535,0.193,0.10433333333333333,3.9196666666666666,1.492042968763701,0.596,0.38553075506982704
15,15,7,14,16,1,0.34,0.66,0.0,0.74,0.028666666666666667,0.0006666666666666666,0.0006666666666666666,3.17,1.7180043383947938,0.48533333333333334,0.5146666666666667,0.0,0.8,0.11266666666666666,0.008,0.008,3.4833333333333334,1.0264462809917356,0.4126666666666667,0.5873333333333334,0.0,0.77,0.07066666666666667,0.004333333333333333,0.004333333333333333,3.3266666666666667,1.3722253096932646,0.74,0.3854333333333333
18,6,6,18,16,2,0.7386666666666667,0.25733333333333336,0.004,0.6613333333333333,0.10776439089692101,0.012,0.008,3.258,1.297820823244552,0.7886666666666666,0.05266666666666667,0.15866666666666668,0.6113333333333333,0.26386687797147385,0.35333333333333333,0.19466666666666665,4.464666666666667,1.608346709470305,0.7636666666666667,0.15500000000000003,0.08133333333333334,0.6363333333333333,0.18581563443419744,0.18266666666666667,0.10133333333333333,3.8613333333333335,1.4530837663574285,0.6113333333333333,0.3854297935535061
12,15,7,14,16,2,0.49666666666666665,0.49933333333333335,0.004,0.804,0.0321285140562249,0.013333333333333334,0.009333333333333334,3.3813333333333335,1.4714871412597839,0.7126666666666667,0.236,0.051333333333333335,0.6873333333333334,0.14898102600140548,0.17066666666666666,0.11933333333333333,4.133333333333334,1.2792297111416782,0.6046666666666667,0.3676666666666667,0.027666666666666666,0.7456666666666667,0.09055477002881518,0.092,0.06433333333333334,3.7573333333333334,1.375358426200731,0.6873333333333334,0.38522762067242966
15,10,7,18,20,1,0.3393333333333333,0.6606666666666666,0.0,0.7393333333333334,0.042,0.0006666666666666666,0.0006666666666666666,3.4106666666666667,1.6786516853932583,0.298,0.7013333333333334,0.0006666666666666666,0.6986666666666667,0.2628418945963976,0.034666666666666665,0.034,4.593333333333334,1.202846975088968,0.31866666666666665,0.681,0.0003333333333333333,0.7190000000000001,0.1524209472981988,0.017666666666666667,0.017333333333333336,4.002000000000001,1.4407493302411132,0.6986666666666667,0.38506752279297307
18,6,6,22,30,2,0.8446666666666667,0.14933333333333335,0.006,0.5553333333333333,0.21797451374916163,0.042,0.036,3.8093333333333335,2.0501240694789082,0.268,0.032,0.7,0.5,0.31555555555555553,0.852,0.152,5.803333333333334,2.0392156862745097,0.5563333333333333,0.09066666666666667,0.353,0.5276666666666667,0.26676503465235857,0.447,0.094,4.806333333333334,2.044669877876709,0.5,0.38450300693047174
18,10,6,10,16,2,0.2906666666666667,0.7073333333333334,0.002,0.6926666666666667,0.05744822979291917,0.011333333333333334,0.009333333333333334,2.616,2.1434599156118144,0.474,0.45866666666666667,0.06733333333333333,0.8673333333333333,0.11365260900643316,0.16,0.09266666666666666,3.5126666666666666,1.4921148402749695,0.3823333333333333,0.583,0.034666666666666665,0.78,0.08555041939967617,0.08566666666666667,0.051,3.0643333333333334,1.817787377943392,0.6926666666666667,0.3839434172132686
15,6,5,14,30,1,0.059333333333333335,0.9126666666666666,0.028,0.4873333333333334,0.11865569272976681,0.15466666666666667,0.12666666666666668,3.3446666666666665,2.1536369816451395,0.062,0.7233333333333334,0.21466666666666667,0.662,0.3709677419354839,0.572,0.35733333333333334,4.355333333333333,1.592920353982301,0.06066666666666667,0.8180000000000001,0.12133333333333333,0.5746666666666667,0.24481171733262536,0.3633333333333333,0.242,3.8499999999999996,1.8732786678137203,0.4873333333333334,0.38342901013319175
18,6,7,22,30,2,0.8493333333333334,0.15066666666666667,0.0,0.5506666666666666,0.05466666666666667,0.004666666666666667,0.004666666666666667,3.8186666666666667,2.0473372781065087,0.312,0.029333333333333333,0.6586666666666666,0.5413333333333333,0.322265625,0.8226666666666667,0.164,6.713333333333333,2.4713242961418143,0.5806666666666667,0.09,0.3293333333333333,0.546,0.18846614583333332,0.4136666666666667,0.08433333333333334,5.266,2.2593307871241617,0.5413333333333333,0.38305989583333333
12,10,6,22,30,2,0.4226666666666667,0.5173333333333333,0.06,0.86,0.15460992907801419,0.17533333333333334,0.11533333333333333,4.150666666666667,1.7157232704402519,0.20466666666666666,0.04,0.7553333333333333,0.44466666666666665,0.4250681198910082,0.9146666666666666,0.15933333333333333,5.883333333333334,1.672787979966611,0.31366666666666665,0.2786666666666667,0.4076666666666666,0.6523333333333333,0.28983902448451115,0.5449999999999999,0.13733333333333334,5.017,1.6942556252034313,0.44466666666666665,0.38265113823023555
12,10,5,22,30,2,0.43133333333333335,0.43133333333333335,0.13733333333333334,0.9373333333333334,0.14992272024729522,0.31466666666666665,0.17733333333333334,3.898,1.6217765042979941,0.17533333333333334,0.024666666666666667,0.8,0.3999999999999999,0.4633333333333333,0.9626666666666667,0.16266666666666665,4.958,1.5296703296703298,0.30333333333333334,0.228,0.4686666666666667,0.6686666666666666,0.30662802679031426,0.6386666666666667,0.16999999999999998,4.428,1.5757234169841619,0.3999999999999999,0.38262560535806284
15,15,6,14,20,1,0.238,0.762,0.0,0.638,0.10933333333333334,0.015333333333333332,0.015333333333333332,3.1046666666666667,1.9183960604994723,0.262,0.7306666666666667,0.007333333333333333,0.6693333333333333,0.31296171927468097,0.13066666666666665,0.12333333333333334,4.094,1.3190839694656489,0.25,0.7463333333333333,0.0036666666666666666,0.6536666666666666,0.21114752630400715,0.073,0.06933333333333333,3.5993333333333335,1.6187400149825606,0.638,0.3825795052608015
12,6,7,18,30,2,0.354,0.626,0.02,0.774,0.04625850340136054,0.06333333333333334,0.043333333333333335,4.046666666666667,1.8991143627262226,0.16266666666666665,0.15266666666666667,0.6846666666666666,0.5153333333333333,0.3594080338266385,0.8493333333333334,0.16466666666666666,6.683333333333334,1.482269503546099,0.2583333333333333,0.3893333333333333,0.35233333333333333,0.6446666666666667,0.20283326861399953,0.45633333333333337,0.104,5.365,1.690691933136161,0.5153333333333333,0.3822833203894666
15,6,7,14,16,1,0.33666666666666667,0.6633333333333333,0.0,0.7366666666666667,0.036,0.0006666666666666666,0.0006666666666666666,3.2626666666666666,1.7347013558079882,0.324,0.676,0.0,0.724,0.146,0.010666666666666666,0.010666666666666666,4.011333333333333,1.2291105121293802,0.33033333333333337,0.6696666666666666,0.0,0.7303333333333333,0.091,0.005666666666666666,0.005666666666666666,3.6369999999999996,1.4819059339686842,0.724,0.3819
12,10,5,18,30,2,0.32466666666666666,0.5413333333333333,0.134,0.8586666666666667,0.12086220169361046,0.3,0.166,3.751333333333333,1.9193619849357555,0.148,0.082,0.77,0.42999999999999994,0.3884057971014493,0.9193333333333333,0.14933333333333335,4.8886666666666665,1.2772808586762077,0.23633333333333334,0.31166666666666665,0.452,0.6443333333333333,0.2546339993975299,0.6096666666666667,0.15766666666666668,4.32,1.5983214218059816,0.42999999999999994,0.381026799879506
12,10,6,10,25,2,0.16133333333333333,0.8133333333333334,0.025333333333333333,0.5866666666666667,0.0759233926128591,0.09133333333333334,0.066,3.1633333333333336,2.2449255751014885,0.142,0.5726666666666667,0.2853333333333333,0.742,0.19869402985074627,0.4653333333333333,0.18,4.63,1.7253960633701393,0.15166666666666667,0.6930000000000001,0.15533333333333332,0.6643333333333333,0.1373087112318027,0.2783333333333333,0.123,3.8966666666666665,1.985160819235814,0.5866666666666667,0.3809950755796939
15,15,7,10,25,2,0.254,0.7406666666666667,0.005333333333333333,0.6593333333333333,0.028820375335120642,0.016,0.010666666666666666,2.8806666666666665,2.2324116205810287,0.302,0.5093333333333333,0.18866666666666668,0.8906666666666667,0.1265406737880033,0.31866666666666665,0.13,4.8566666666666665,1.6651318543323568,0.278,0.625,0.097,0.775,0.07768052456156196,0.16733333333333333,0.07033333333333333,3.8686666666666665,1.9487717374566929,0.6593333333333333,0.38085277157897907
15,6,6,14,30,2,0.5733333333333334,0.39466666666666667,0.032,0.8266666666666667,0.1756198347107438,0.09866666666666667,0.06666666666666667,3.712666666666667,1.534258844603672,0.15,0.17066666666666666,0.6793333333333333,0.5206666666666666,0.22661122661122662,0.7906666666666666,0.11133333333333334,5.568666666666667,1.3783783783783783,0.3616666666666667,0.2826666666666667,0.3556666666666667,0.6736666666666666,0.2011155306609852,0.44466666666666665,0.089,4.640666666666667,1.4563186114910252,0.5206666666666666,0.3806064394655303
18,15,5,14,16,2,0.5306666666666666,0.466,0.0033333333333333335,0.8033333333333333,0.10635451505016723,0.024,0.020666666666666667,2.969333333333333,1.48040313549832,0.764,0.13533333333333333,0.10066666666666667,0.6359999999999999,0.14825796886582654,0.27466666666666667,0.174,3.372,1.2413273001508296,0.6473333333333333,0.3006666666666667,0.052,0.7196666666666667,0.1273062419579969,0.14933333333333335,0.09733333333333333,3.1706666666666665,1.3608652178245748,0.6359999999999999,0.3804612483915993
12,15,6,18,16,2,0.668,0.324,0.008,0.732,0.14112903225806453,0.048666666666666664,0.04066666666666666,3.5693333333333332,1.1116126384899465,0.812,0.08866666666666667,0.09933333333333333,0.588,0.27979274611398963,0.2986666666666667,0.19933333333333333,4.1466666666666665,1.4164537557485948,0.74,0.20633333333333334,0.05366666666666667,0.6599999999999999,0.21046088918602707,0.1736666666666667,0.12,3.8579999999999997,1.2640331971192706,0.588,0.38014217783720544
15,6,5,14,30,2,0.554,0.362,0.084,0.846,0.1819505094614265,0.23,0.146,3.6166666666666667,1.4645222327341534,0.12133333333333333,0.154,0.7246666666666667,0.4753333333333334,0.24455205811138014,0.8393333333333334,0.11466666666666667,4.751333333333333,1.4528043775649795,0.33766666666666667,0.258,0.4043333333333333,0.6606666666666667,0.21325128378640332,0.5346666666666667,0.13033333333333333,4.184,1.4586633051495665,0.4753333333333334,0.3800669234239474
12,10,7,10,16,2,0.2946666666666667,0.7046666666666667,0.0006666666666666666,0.6953333333333334,0.01734489659773182,0.006,0.005333333333333333,2.941333333333333,2.0014044943820224,0.45066666666666666,0.508,0.04133333333333333,0.8413333333333334,0.13212795549374132,0.13133333333333333,0.09,4.037333333333334,1.2436102236421724,0.3726666666666667,0.6063333333333334,0.021,0.7683333333333333,0.07473642604573658,0.06866666666666667,0.04766666666666666,3.4893333333333336,1.6225073590120975,0.6953333333333334,0.380063951875814
18,6,5,10,20,1,0.188,0.788,0.024,0.6119999999999999,0.05942622950819672,0.08333333333333333,0.059333333333333335,2.592,2.2741080890144825,0.17333333333333334,0.6406666666666667,0.186,0.7593333333333333,0.18345618345618345,0.35133333333333333,0.16533333333333333,3.6946666666666665,1.7595673876871878,0.18066666666666667,0.7143333333333334,0.105,0.6856666666666666,0.12144120648219009,0.21733333333333332,0.11233333333333334,3.1433333333333335,2.0168377383508354,0.6119999999999999,0.37973824129643796
15,15,6,18,30,1,0.12266666666666666,0.8753333333333333,0.002,0.5246666666666667,0.16700066800267202,0.037333333333333336,0.035333333333333335,3.548,2.060941828254848,0.086,0.866,0.048,0.534,0.4369747899159664,0.36666666666666664,0.31866666666666665,4.949333333333334,1.4474616292798113,0.10433333333333333,0.8706666666666667,0.025,0.5293333333333334,0.3019877289593192,0.20199999999999999,0.177,4.248666666666667,1.7542017287673297,0.5246666666666667,0.3795808791251972
15,10,6,14,20,1,0.222,0.778,0.0,0.622,0.1,0.014,0.014,3.14,1.9720865317515703,0.21866666666666668,0.7733333333333333,0.008,0.6266666666666667,0.34475806451612906,0.14933333333333335,0.14133333333333334,4.242666666666667,1.3741861355802372,0.22033333333333333,0.7756666666666667,0.004,0.6243333333333334,0.22237903225806455,0.08166666666666668,0.07766666666666668,3.6913333333333336,1.6731363336659038,0.622,0.3793758064516129
18,10,7,22,20,2,0.7953333333333333,0.20466666666666666,0.0,0.6046666666666667,0.012,0.0006666666666666666,0.0006666666666666666,3.272,1.6044142614601018,0.7666666666666667,0.02,0.21333333333333335,0.62,0.31101694915254235,0.4033333333333333,0.19,5.455333333333333,2.0377358490566033,0.781,0.11233333333333333,0.10666666666666667,0.6123333333333334,0.16150847457627118,0.20199999999999999,0.09533333333333334,4.363666666666666,1.8210750552583526,0.6046666666666667,0.37923502824858757
15,10,7,22,20,2,0.808,0.19,0.002,0.592,0.015364061456245824,0.004666666666666667,0.0026666666666666666,3.338,1.674018526687252,0.7286666666666667,0.009333333333333334,0.262,0.6093333333333333,0.2999096657633243,0.4713333333333333,0.20933333333333334,5.685333333333333,2.145537237066515,0.7683333333333333,0.09966666666666667,0.132,0.6006666666666667,0.15763686360978504,0.238,0.10600000000000001,4.511666666666667,1.9097778818768836,0.592,0.379127372721957
18,15,6,10,16,2,0.29,0.706,0.004,0.694,0.06291834002677377,0.010666666666666666,0.006666666666666667,2.5606666666666666,2.121569989579715,0.582,0.3873333333333333,0.030666666666666665,0.8180000000000001,0.10247592847317744,0.11,0.07933333333333334,3.1613333333333333,1.265356265356265,0.43599999999999994,0.5466666666666666,0.017333333333333333,0.756,0.0826971342499756,0.060333333333333336,0.043000000000000003,2.8609999999999998,1.69346312746799,0.694,0.3790394268499951
18,6,7,22,25,2,0.8553333333333333,0.14333333333333334,0.0013333333333333333,0.5446666666666666,0.030707610146862484,0.0033333333333333335,0.002,3.671333333333333,1.8865685809207402,0.49066666666666664,0.02266666666666667,0.4866666666666667,0.6226666666666667,0.35454545454545455,0.6946666666666667,0.208,6.42,2.423841059602649,0.6729999999999999,0.083,0.24400000000000002,0.5836666666666667,0.1926265323461585,0.349,0.105,5.0456666666666665,2.1552048202616945,0.5446666666666666,0.378958639802565
18,15,5,10,16,1,0.24333333333333335,0.7413333333333333,0.015333333333333332,0.6586666666666667,0.07041299932295193,0.06133333333333333,0.046,2.6486666666666667,2.075219683655536,0.4713333333333333,0.47933333333333333,0.04933333333333333,0.8493333333333334,0.1332398316970547,0.16466666666666666,0.11533333333333333,3.018,1.3101188037689473,0.35733333333333334,0.6103333333333333,0.03233333333333333,0.754,0.10182641551000332,0.11299999999999999,0.08066666666666666,2.833333333333333,1.6926692437122415,0.6586666666666667,0.37874861643533403
18,15,7,10,25,2,0.26866666666666666,0.7293333333333333,0.002,0.6706666666666667,0.028056112224448898,0.006666666666666667,0.004666666666666667,2.806,2.2334384858044163,0.262,0.6106666666666667,0.12733333333333333,0.7893333333333333,0.10313216195569137,0.25066666666666665,0.12333333333333334,4.474,1.9066921606118548,0.2653333333333333,0.6699999999999999,0.06466666666666666,0.73,0.06559413709007014,0.12866666666666665,0.064,3.64,2.0700653232081354,0.6706666666666667,0.37735216075134737
18,10,5,10,16,1,0.21133333333333335,0.7726666666666666,0.016,0.6273333333333334,0.06842818428184282,0.06466666666666666,0.048666666666666664,2.5946666666666665,2.1585749214111076,0.4066666666666667,0.5166666666666667,0.07666666666666666,0.8766666666666667,0.17689530685920576,0.24266666666666667,0.166,3.3526666666666665,1.4246575342465755,0.309,0.6446666666666667,0.04633333333333333,0.752,0.12266174557052428,0.15366666666666667,0.10733333333333334,2.9736666666666665,1.7916162278288414,0.6273333333333334,0.37734901578077157
18,6,7,22,20,2,0.8193333333333334,0.18066666666666667,0.0,0.5806666666666667,0.018666666666666668,0.0006666666666666666,0.0006666666666666666,3.272666666666667,1.6617391304347824,0.706,0.020666666666666667,0.2733333333333333,0.6206666666666667,0.3201834862385321,0.486,0.21266666666666667,5.776666666666666,2.1631046119235093,0.7626666666666666,0.10066666666666667,0.13666666666666666,0.6006666666666667,0.16942507645259938,0.24333333333333332,0.10666666666666667,4.524666666666667,1.9124218711791459,0.5806666666666667,0.3767183486238532
18,15,7,14,30,1,0.17533333333333334,0.818,0.006666666666666667,0.5820000000000001,0.052348993288590606,0.027333333333333334,0.020666666666666667,3.326,2.2216783216783216,0.15066666666666667,0.7113333333333334,0.138,0.6886666666666666,0.27842227378190254,0.3953333333333333,0.25733333333333336,5.447333333333333,1.633850020946795,0.163,0.7646666666666666,0.07233333333333333,0.6353333333333333,0.16538563353524657,0.21133333333333332,0.139,4.386666666666667,1.9277641713125582,0.5820000000000001,0.37662712670704934
15,15,5,18,16,2,0.7526666666666667,0.242,0.005333333333333333,0.6473333333333333,0.13203753351206435,0.038,0.03266666666666666,3.308666666666667,1.2891957757920391,0.816,0.03,0.154,0.5840000000000001,0.21040189125295508,0.37666666666666665,0.22266666666666668,3.6666666666666665,1.5025553662691653,0.7843333333333333,0.136,0.07966666666666666,0.6156666666666667,0.17121971238250971,0.20733333333333331,0.12766666666666668,3.4876666666666667,1.3958755710306021,0.5840000000000001,0.376493942476502
12,15,6,10,20,2,0.20733333333333334,0.7806666666666666,0.012,0.6193333333333334,0.06545209176788123,0.04733333333333333,0.035333333333333335,2.7986666666666666,2.203366540707661,0.318,0.5506666666666666,0.13133333333333333,0.8493333333333333,0.19339984650805833,0.294,0.16266666666666665,4.206666666666667,1.5361216730038023,0.26266666666666666,0.6656666666666666,0.07166666666666667,0.7343333333333333,0.12942596913796978,0.17066666666666666,0.09899999999999999,3.502666666666667,1.8697441068557317,0.6193333333333334,0.37600186049426065
12,6,7,10,20,2,0.23666666666666666,0.7606666666666667,0.0026666666666666666,0.6393333333333333,0.020053475935828877,0.018,0.015333333333333332,2.886,2.171983356449376,0.22466666666666665,0.6286666666666667,0.14666666666666667,0.7713333333333333,0.17890625,0.298,0.15133333333333332,4.863333333333333,1.5413310724883424,0.23066666666666666,0.6946666666666668,0.07466666666666667,0.7053333333333334,0.09947986296791443,0.158,0.08333333333333333,3.8746666666666667,1.8566572144688591,0.6393333333333333,0.37576263926024955
15,15,5,14,30,1,0.074,0.9013333333333333,0.024666666666666667,0.4986666666666667,0.10457963089542037,0.12066666666666667,0.096,3.128,2.2446190638879395,0.086,0.71,0.204,0.6859999999999999,0.3525963149078727,0.5293333333333333,0.3253333333333333,4.293333333333333,1.5437441204139228,0.07999999999999999,0.8056666666666666,0.11433333333333333,0.5923333333333334,0.22858797290164654,0.325,0.21066666666666667,3.7106666666666666,1.894181592150931,0.4986666666666667,0.3754009279136627
15,6,5,22,30,2,0.7686666666666667,0.154,0.07733333333333334,0.6313333333333333,0.23265895953757226,0.23533333333333334,0.158,3.88,1.9566666666666668,0.17666666666666667,0.022,0.8013333333333333,0.3986666666666667,0.412751677852349,0.9473333333333334,0.146,4.939333333333333,1.6991150442477876,0.4726666666666667,0.088,0.43933333333333335,0.515,0.32270531869496066,0.5913333333333334,0.152,4.409666666666666,1.8278908554572273,0.3986666666666667,0.3753743970723255
15,10,7,14,16,1,0.31533333333333335,0.6846666666666666,0.0,0.7153333333333334,0.027333333333333334,0.0006666666666666666,0.0006666666666666666,3.204,1.721664275466284,0.4266666666666667,0.5733333333333334,0.0,0.8,0.13733333333333334,0.006666666666666667,0.006666666666666667,3.767333333333333,1.106024096385542,0.371,0.629,0.0,0.7576666666666667,0.08233333333333334,0.003666666666666667,0.003666666666666667,3.485666666666667,1.413844185925913,0.7153333333333334,0.37523333333333336
18,15,5,22,16,1,0.7393333333333333,0.24,0.020666666666666667,0.6606666666666667,0.1415929203539823,0.096,0.07533333333333334,3.3173333333333335,1.1548614166300044,0.8406666666666667,0.06,0.09933333333333333,0.5593333333333333,0.23390081421169504,0.3506666666666667,0.25133333333333335,3.52,1.4110169491525424,0.79,0.15,0.06,0.6100000000000001,0.18774686728283868,0.22333333333333333,0.16333333333333333,3.4186666666666667,1.2829391828912735,0.5593333333333333,0.3752160401232344
15,6,6,18,25,1,0.216,0.784,0.0,0.616,0.15466666666666667,0.03266666666666666,0.03266666666666666,3.6346666666666665,1.8813376483279398,0.09,0.878,0.032,0.522,0.44214876033057854,0.3466666666666667,0.31466666666666665,4.953333333333333,1.474537037037037,0.153,0.831,0.016,0.569,0.2984077134986226,0.18966666666666668,0.17366666666666666,4.294,1.6779373426824884,0.522,0.37518154269972454
18,15,6,22,20,2,0.7566666666666667,0.24266666666666667,0.0006666666666666666,0.6433333333333333,0.08739159439626418,0.006666666666666667,0.006,3.226,1.4081632653061225,0.812,0.021333333333333333,0.16666666666666666,0.588,0.2872,0.36733333333333335,0.20066666666666666,4.568,1.655288192501399,0.7843333333333333,0.132,0.08366666666666667,0.6156666666666666,0.1872957971981321,0.187,0.10333333333333333,3.897,1.5317257289037607,0.588,0.3750091594396264
15,6,7,14,30,2,0.5686666666666667,0.41933333333333334,0.012,0.812,0.06005398110661268,0.036,0.024,3.687333333333333,1.5243381725021348,0.17133333333333334,0.174,0.6546666666666666,0.5453333333333333,0.222007722007722,0.7886666666666666,0.134,6.406,1.6203522504892367,0.37,0.29666666666666663,0.3333333333333333,0.6786666666666668,0.14103085155716735,0.41233333333333333,0.079,5.046666666666667,1.5723452114956857,0.5453333333333333,0.3745728369781002
12,10,6,22,16,1,0.26466666666666666,0.7353333333333333,0.0,0.6646666666666667,0.14333333333333334,0.0,0.0,3.288666666666667,1.3905775075987843,0.33066666666666666,0.6693333333333333,0.0,0.7306666666666667,0.2753333333333333,0.0,0.0,3.4886666666666666,1.1263986738499792,0.29766666666666663,0.7023333333333333,0.0,0.6976666666666667,0.20933333333333332,0.0,0.0,3.3886666666666665,1.2584880907243816,0.6646666666666667,0.37420000000000003
18,6,5,10,30,1,0.09333333333333334,0.832,0.07466666666666667,0.5680000000000001,0.09077809798270893,0.2,0.12533333333333332,3.0153333333333334,2.3338078291814948,0.042666666666666665,0.6546666666666666,0.30266666666666664,0.6426666666666667,0.15965583173996176,0.42,0.11733333333333333,3.8106666666666666,1.9768303985171456,0.068,0.7433333333333333,0.18866666666666665,0.6053333333333334,0.12521696486133535,0.31,0.12133333333333332,3.4130000000000003,2.15531911384932,0.5680000000000001,0.3737433929722671
12,15,5,10,30,2,0.08333333333333333,0.8413333333333334,0.07533333333333334,0.5586666666666666,0.04686373467916366,0.19533333333333333,0.12,2.9353333333333333,2.446951004582305,0.08866666666666667,0.5093333333333333,0.402,0.6886666666666666,0.14715719063545152,0.5433333333333333,0.14133333333333334,4.122,1.8606741573033712,0.086,0.6753333333333333,0.2386666666666667,0.6236666666666666,0.09701046265730759,0.36933333333333335,0.13066666666666665,3.5286666666666666,2.153812580942838,0.5586666666666666,0.37373542586479486
12,6,7,22,30,2,0.45866666666666667,0.522,0.019333333333333334,0.8193333333333334,0.05302515295717199,0.066,0.04666666666666667,4.18,1.6432653061224491,0.20733333333333334,0.06733333333333333,0.7253333333333334,0.47466666666666657,0.41504854368932037,0.9026666666666666,0.17733333333333334,6.843333333333334,1.6574585635359116,0.333,0.2946666666666667,0.37233333333333335,0.647,0.23403684832324617,0.4843333333333333,0.112,5.511666666666667,1.6503619348291805,0.47466666666666657,0.3735907029979825
15,6,5,18,30,2,0.6866666666666666,0.23466666666666666,0.07866666666666666,0.7133333333333334,0.21635311143270622,0.228,0.14933333333333335,3.779333333333333,1.696058091286307,0.15466666666666667,0.06333333333333334,0.782,0.4179999999999999,0.3394495412844037,0.9186666666666666,0.13666666666666666,4.8933333333333335,1.3139534883720931,0.42066666666666663,0.149,0.43033333333333335,0.5656666666666667,0.27790132635855497,0.5733333333333334,0.14300000000000002,4.336333333333333,1.5050057898292,0.4179999999999999,0.372030265271711
18,15,5,10,25,1,0.12666666666666668,0.8293333333333334,0.044,0.5706666666666667,0.0794979079497908,0.13733333333333334,0.09333333333333334,2.74,2.3311304347826085,0.16866666666666666,0.646,0.18533333333333332,0.754,0.1955810147299509,0.37133333333333335,0.186,3.731333333333333,1.78168130489335,0.14766666666666667,0.7376666666666667,0.11466666666666667,0.6623333333333333,0.13753946133987086,0.25433333333333336,0.13966666666666666,3.235666666666667,2.0564058698379792,0.5706666666666667,0.37194122560130755
18,10,7,10,20,2,0.2693333333333333,0.7306666666666667,0.0,0.6693333333333333,0.017333333333333333,0.0013333333333333333,0.0013333333333333333,2.5713333333333335,2.2136125654450263,0.3413333333333333,0.5586666666666666,0.1,0.8413333333333333,0.11777777777777777,0.20466666666666666,0.10466666666666667,4.252666666666666,1.7149321266968323,0.30533333333333335,0.6446666666666667,0.05,0.7553333333333333,0.06755555555555555,0.103,0.053000000000000005,3.412,1.9642723460709293,0.6693333333333333,0.3715777777777778
12,6,6,18,30,2,0.35933333333333334,0.5833333333333334,0.05733333333333333,0.8166666666666667,0.12446958981612447,0.16733333333333333,0.11,3.977333333333333,1.8573743922204213,0.154,0.07133333333333333,0.7746666666666666,0.42533333333333334,0.46153846153846156,0.916,0.14133333333333334,5.854666666666667,1.5578947368421054,0.25666666666666665,0.32733333333333337,0.416,0.621,0.293004025677293,0.5416666666666667,0.12566666666666668,4.916,1.7076345645312634,0.42533333333333334,0.37136747180212526
15,6,7,18,16,2,0.7946666666666666,0.204,0.0013333333333333333,0.6053333333333333,0.012683578104138851,0.004,0.0026666666666666666,3.4026666666666667,1.4697986577181206,0.778,0.038,0.184,0.622,0.2622549019607843,0.36133333333333334,0.17733333333333334,5.134666666666667,1.9351753453772582,0.7863333333333333,0.121,0.09266666666666666,0.6136666666666666,0.13746924003246158,0.18266666666666667,0.09000000000000001,4.268666666666666,1.7024870015476894,0.6053333333333333,0.3710605146731589
15,15,7,18,20,2,0.6253333333333333,0.37266666666666665,0.002,0.7746666666666666,0.02004008016032064,0.006666666666666667,0.004666666666666667,3.282,1.2719227674979887,0.792,0.04533333333333334,0.16266666666666665,0.608,0.2619426751592357,0.33466666666666667,0.172,5.100666666666666,1.8832565284178189,0.7086666666666667,0.209,0.08233333333333333,0.6913333333333334,0.14099137765977818,0.17066666666666666,0.08833333333333333,4.191333333333333,1.577589647957904,0.608,0.37104827553195563
15,6,7,22,20,2,0.844,0.15533333333333332,0.0006666666666666666,0.556,0.01134089392928619,0.0033333333333333335,0.0026666666666666666,3.3346666666666667,1.7928505957836847,0.6386666666666667,0.014,0.3473333333333333,0.614,0.3237997957099081,0.5673333333333334,0.22,6.01,2.1873417721518984,0.7413333333333334,0.08466666666666667,0.174,0.585,0.16757034481959712,0.2853333333333333,0.11133333333333334,4.6723333333333334,1.9900961839677915,0.556,0.3710140689639194
12,15,7,10,16,2,0.2906666666666667,0.708,0.0013333333333333333,0.692,0.022029372496662217,0.008,0.006666666666666667,2.9326666666666665,1.9284253578732107,0.506,0.4693333333333333,0.024666666666666667,0.8246666666666667,0.09295967190704033,0.09466666666666666,0.07,3.6546666666666665,1.2115384615384615,0.3983333333333333,0.5886666666666667,0.013,0.7583333333333333,0.05749452220185127,0.05133333333333333,0.03833333333333334,3.2936666666666667,1.569981909705836,0.692,0.3709489044403702
18,10,7,18,16,1,0.644,0.3546666666666667,0.0013333333333333333,0.756,0.037383177570093455,0.009333333333333334,0.008,3.3806666666666665,1.152317880794702,0.752,0.22133333333333333,0.02666666666666667,0.648,0.21575342465753425,0.14466666666666667,0.118,4.296666666666667,1.2309820193637622,0.698,0.28800000000000003,0.014,0.702,0.12656830111381384,0.077,0.063,3.8386666666666667,1.1916499500792321,0.648,0.3703136602227628
15,10,6,18,30,1,0.114,0.8853333333333333,0.0006666666666666666,0.5146666666666666,0.142761841227485,0.034,0.03333333333333333,3.552,2.09722697706265,0.054,0.8913333333333333,0.05466666666666667,0.5086666666666667,0.4520451339915374,0.37,0.31533333333333335,5.011333333333333,1.4509177972865126,0.084,0.8883333333333333,0.02766666666666667,0.5116666666666667,0.2974034876095112,0.202,0.17433333333333334,4.281666666666666,1.7740723871745812,0.5086666666666667,0.3702640308552356
12,6,5,22,30,2,0.4653333333333333,0.404,0.13066666666666665,0.9306666666666666,0.15414110429447853,0.32133333333333336,0.19066666666666668,3.96,1.5210043457267022,0.152,0.023333333333333334,0.8246666666666667,0.3753333333333333,0.45627376425855515,0.9653333333333334,0.14066666666666666,4.957333333333334,1.6975609756097563,0.30866666666666664,0.21366666666666667,0.4776666666666667,0.653,0.30520743427651686,0.6433333333333333,0.16566666666666668,4.458666666666667,1.6092826606682293,0.3753333333333333,0.37005815352196997
18,6,6,10,16,1,0.238,0.7586666666666667,0.0033333333333333335,0.6413333333333333,0.07692307692307693,0.025333333333333333,0.022,2.6933333333333334,2.1375661375661377,0.31333333333333335,0.6493333333333333,0.037333333333333336,0.7506666666666667,0.17174515235457063,0.15733333333333333,0.12,3.5686666666666667,1.544709388971684,0.27566666666666667,0.704,0.020333333333333335,0.696,0.12433411463882378,0.09133333333333332,0.071,3.1310000000000002,1.841137763268911,0.6413333333333333,0.3698834895944314
18,15,6,10,20,2,0.25066666666666665,0.7486666666666667,0.0006666666666666666,0.6513333333333333,0.05870580386924616,0.011333333333333334,0.010666666666666666,2.502666666666667,2.2340862422997945,0.4033333333333333,0.5,0.09666666666666666,0.8966666666666667,0.13136531365313653,0.20533333333333334,0.10866666666666666,3.746,1.610223642172524,0.32699999999999996,0.6243333333333334,0.048666666666666664,0.774,0.09503555876119135,0.10833333333333334,0.059666666666666666,3.1243333333333334,1.9221549422361592,0.6513333333333333,0.36987377841890495
12,6,6,22,30,2,0.474,0.47,0.056,0.8560000000000001,0.1475988700564972,0.15666666666666668,0.10066666666666667,4.138,1.591247264770241,0.17866666666666667,0.024,0.7973333333333333,0.40266666666666673,0.5230263157894737,0.9413333333333334,0.144,5.914666666666666,1.7718940936863545,0.3263333333333333,0.247,0.4266666666666667,0.6293333333333334,0.33531259292298543,0.549,0.12233333333333332,5.0263333333333335,1.6815706792282978,0.40266666666666673,0.3690958519179305
18,10,5,10,20,1,0.166,0.8173333333333334,0.016666666666666666,0.5826666666666667,0.062372881355932205,0.078,0.06133333333333333,2.5753333333333335,2.2708834651082843,0.24866666666666667,0.6,0.15133333333333332,0.8,0.20816967792615867,0.34,0.18866666666666668,3.7013333333333334,1.6460176991150444,0.20733333333333334,0.7086666666666667,0.08399999999999999,0.6913333333333334,0.13527127964104543,0.20900000000000002,0.125,3.1383333333333336,1.9584505821116642,0.5826666666666667,0.3684875892615424
18,10,6,22,16,1,0.782,0.21266666666666667,0.005333333333333333,0.618,0.16353887399463807,0.036,0.030666666666666665,3.45,1.3213965980304387,0.852,0.08,0.068,0.548,0.3361945636623748,0.2966666666666667,0.22866666666666666,4.188666666666666,1.3003003003003004,0.817,0.14633333333333334,0.03666666666666667,0.583,0.24986671882850645,0.16633333333333333,0.12966666666666665,3.8193333333333332,1.3108484491653696,0.548,0.36837334376570136
18,10,7,10,16,2,0.2886666666666667,0.7113333333333334,0.0,0.6886666666666666,0.005333333333333333,0.0006666666666666666,0.0006666666666666666,2.6193333333333335,2.1448058761804827,0.488,0.47533333333333333,0.03666666666666667,0.8366666666666667,0.09204152249134948,0.10933333333333334,0.07266666666666667,3.6466666666666665,1.4797375530683134,0.3883333333333333,0.5933333333333334,0.018333333333333333,0.7626666666666666,0.0486874279123414,0.055,0.03666666666666667,3.133,1.812271714624398,0.6886666666666666,0.3678208189158016
12,6,6,22,16,1,0.24133333333333334,0.7586666666666667,0.0,0.6413333333333333,0.16066666666666668,0.0,0.0,3.3066666666666666,1.4190114068441066,0.2813333333333333,0.7186666666666667,0.0,0.6813333333333333,0.30466666666666664,0.0,0.0,3.614,1.1744993870044953,0.2613333333333333,0.7386666666666667,0.0,0.6613333333333333,0.23266666666666666,0.0,0.0,3.4603333333333333,1.296755396924301,0.6413333333333333,0.36719999999999997
12,6,5,18,30,2,0.3473333333333333,0.5246666666666666,0.128,0.8753333333333333,0.1154434250764526,0.29733333333333334,0.16933333333333334,3.784,1.8664276109367994,0.13066666666666665,0.07066666666666667,0.7986666666666666,0.4013333333333333,0.3973509933774834,0.9273333333333333,0.12866666666666668,4.902666666666667,1.4037267080745341,0.239,0.29766666666666663,0.4633333333333333,0.6383333333333333,0.256397209226968,0.6123333333333334,0.14900000000000002,4.343333333333334,1.6350771595056668,0.4013333333333333,0.36614610851206025
18,15,7,10,30,2,0.238,0.76,0.002,0.64,0.03206412825651302,0.012,0.01,2.8633333333333333,2.3189017951425557,0.14666666666666667,0.652,0.20133333333333334,0.7466666666666666,0.08180300500834725,0.32066666666666666,0.11933333333333333,4.708,2.1413173652694613,0.19233333333333333,0.706,0.10166666666666667,0.6933333333333334,0.05693356663243014,0.16633333333333333,0.06466666666666666,3.7856666666666667,2.2301095802060082,0.64,0.3660367133264861
12,15,6,10,25,2,0.15,0.8333333333333334,0.016666666666666666,0.5666666666666667,0.07796610169491526,0.06666666666666667,0.05,3.046666666666667,2.2743243243243247,0.176,0.6006666666666667,0.22333333333333333,0.776,0.1982832618025751,0.4166666666666667,0.19333333333333333,4.518,1.779683972911964,0.16299999999999998,0.7170000000000001,0.12,0.6713333333333333,0.13812468174874518,0.24166666666666667,0.12166666666666667,3.7823333333333333,2.0270041486181443,0.5666666666666667,0.36545826968308237
12,6,7,22,16,2,0.828,0.17,0.002,0.5720000000000001,0.026052104208416832,0.012666666666666666,0.010666666666666666,3.6153333333333335,1.5741239892183287,0.818,0.03,0.152,0.5820000000000001,0.3199685534591195,0.362,0.21,5.277333333333333,1.6340825927862,0.823,0.1,0.077,0.5770000000000001,0.17301032883376816,0.18733333333333332,0.11033333333333332,4.4463333333333335,1.6041032910022643,0.5720000000000001,0.3652520657667537
15,15,7,10,30,2,0.194,0.798,0.008,0.602,0.030913978494623656,0.03,0.022,2.92,2.3586065573770494,0.15466666666666667,0.554,0.29133333333333333,0.7546666666666666,0.10630291627469426,0.44066666666666665,0.14933333333333335,5.198666666666667,1.970922308041799,0.17433333333333334,0.676,0.14966666666666667,0.6783333333333332,0.06860844738465896,0.23533333333333334,0.08566666666666667,4.059333333333333,2.164764432709424,0.602,0.3628716894769318
18,15,5,10,20,1,0.168,0.8133333333333334,0.018666666666666668,0.5866666666666667,0.06521739130434782,0.07933333333333334,0.06066666666666667,2.5833333333333335,2.2653699201111497,0.30533333333333335,0.5906666666666667,0.104,0.8093333333333333,0.18154761904761904,0.2773333333333333,0.17333333333333334,3.4793333333333334,1.596930533117932,0.2366666666666667,0.702,0.06133333333333333,0.698,0.12338250517598343,0.17833333333333334,0.117,3.0313333333333334,1.9311502266145408,0.5866666666666667,0.36230983436853004
15,15,7,10,20,2,0.25066666666666665,0.7473333333333333,0.002,0.6526666666666667,0.015364061456245824,0.006,0.004,2.5766666666666667,2.2458448753462603,0.4746666666666667,0.442,0.08333333333333333,0.8833333333333333,0.11927272727272727,0.18,0.09666666666666666,4.254666666666667,1.360410094637224,0.3626666666666667,0.5946666666666667,0.042666666666666665,0.768,0.06731839436448654,0.093,0.050333333333333334,3.4156666666666666,1.8031274849917422,0.6526666666666667,0.36129701220623067
18,15,7,10,16,2,0.288,0.712,0.0,0.688,0.007333333333333333,0.002,0.002,2.564,2.1329179646936653,0.582,0.396,0.022,0.8180000000000001,0.0736196319018405,0.07,0.048,3.252,1.2721442885771546,0.43499999999999994,0.554,0.011,0.753,0.04047648261758691,0.036000000000000004,0.025,2.908,1.70253112663541,0.688,0.36124529652351733
12,15,5,22,20,1,0.212,0.788,0.0,0.612,0.13133333333333333,0.018666666666666668,0.018666666666666668,3.219333333333333,1.5234899328859062,0.18266666666666667,0.8173333333333334,0.0,0.5826666666666667,0.332,0.138,0.138,3.756,1.239826155669696,0.19733333333333333,0.8026666666666666,0.0,0.5973333333333333,0.2316666666666667,0.07833333333333334,0.07833333333333334,3.4876666666666667,1.381658044277801,0.5826666666666667,0.36116666666666664
18,10,6,10,16,1,0.228,0.7686666666666667,0.0033333333333333335,0.6313333333333333,0.08093645484949832,0.026,0.02266666666666667,2.674,2.077709611451943,0.372,0.602,0.026,0.798,0.15811088295687886,0.126,0.1,3.4006666666666665,1.4635838150289018,0.3,0.6853333333333333,0.014666666666666666,0.7146666666666667,0.11952366890318859,0.076,0.06133333333333334,3.037333333333333,1.7706467132404224,0.6313333333333333,0.3601714004473044
12,15,6,22,16,2,0.7666666666666667,0.22266666666666668,0.010666666666666666,0.6333333333333333,0.14690026954177898,0.04666666666666667,0.036,3.604,1.3296327924850553,0.858,0.042,0.1,0.542,0.2940740740740741,0.306,0.206,4.1786666666666665,1.4697674418604652,0.8123333333333334,0.13233333333333333,0.05533333333333334,0.5876666666666667,0.22048717180792654,0.17633333333333334,0.121,3.8913333333333333,1.39970011717276,0.542,0.3596974343615853
18,10,5,10,30,1,0.06866666666666667,0.8633333333333333,0.068,0.5366666666666666,0.0736766809728183,0.19,0.122,2.9153333333333333,2.344996501049685,0.066,0.6413333333333333,0.2926666666666667,0.666,0.17530631479736097,0.432,0.13933333333333334,3.888,1.9742489270386265,0.06733333333333333,0.7523333333333333,0.18033333333333335,0.6013333333333333,0.12449149788508965,0.311,0.13066666666666665,3.4016666666666664,2.159622714044156,0.5366666666666666,0.35948163291035123
18,6,7,22,16,1,0.7886666666666666,0.20933333333333334,0.002,0.6113333333333334,0.04676018704074816,0.01,0.008,3.4306666666666668,1.4058234758871702,0.8233333333333334,0.13133333333333333,0.04533333333333334,0.5766666666666667,0.316340782122905,0.24533333333333332,0.2,4.814,1.371830985915493,0.806,0.17033333333333334,0.02366666666666667,0.5940000000000001,0.1815504845818266,0.12766666666666665,0.10400000000000001,4.122333333333334,1.3888272309013314,0.5766666666666667,0.35939343024969866
18,15,6,18,16,1,0.6253333333333333,0.366,0.008666666666666666,0.7746666666666666,0.13180901143241425,0.03666666666666667,0.028,3.2973333333333334,1.1834862385321103,0.8206666666666667,0.14266666666666666,0.03666666666666667,0.5793333333333334,0.24982698961937716,0.196,0.15933333333333333,3.6986666666666665,1.3964497041420119,0.723,0.2543333333333333,0.02266666666666667,0.677,0.1908180005258957,0.11633333333333334,0.09366666666666666,3.498,1.289967971337061,0.5793333333333334,0.3593302667718459
15,6,6,18,30,1,0.128,0.8713333333333333,0.0006666666666666666,0.5286666666666666,0.14809873248832556,0.03,0.029333333333333333,3.606,2.034566194262012,0.036,0.9213333333333333,0.042666666666666665,0.4786666666666667,0.4554317548746518,0.38466666666666666,0.342,5.032,1.486003110419907,0.082,0.8963333333333333,0.021666666666666667,0.5036666666666667,0.3017652436814887,0.20733333333333331,0.18566666666666667,4.319,1.7602846523409594,0.4786666666666667,0.3586363820696311
12,15,5,18,16,1,0.22866666666666666,0.7713333333333333,0.0,0.6286666666666667,0.12133333333333333,0.01,0.01,3.124,1.512568306010929,0.3353333333333333,0.6646666666666666,0.0,0.7353333333333334,0.22266666666666668,0.056,0.056,3.2266666666666666,1.1061588330632093,0.282,0.718,0.0,0.682,0.17200000000000001,0.033,0.033,3.1753333333333336,1.3093635695370691,0.6286666666666667,0.35863333333333336
12,6,6,10,30,2,0.08866666666666667,0.8706666666666667,0.04066666666666666,0.5293333333333333,0.07157748436414177,0.13666666666666666,0.096,3.2973333333333334,2.3575798776342625,0.04666666666666667,0.5426666666666666,0.4106666666666667,0.6466666666666667,0.18665158371040724,0.5413333333333333,0.13066666666666665,4.794666666666667,1.853876185164529,0.06766666666666667,0.7066666666666667,0.22566666666666668,0.5880000000000001,0.12911453403727452,0.33899999999999997,0.11333333333333333,4.046,2.1057280313993956,0.5293333333333333,0.3583395734741216
18,10,7,14,16,2,0.5273333333333333,0.4726666666666667,0.0,0.8,0.008,0.0,0.0,3.033333333333333,1.5688391824141918,0.764,0.168,0.068,0.636,0.17310443490701002,0.17866666666666667,0.11066666666666666,4.213333333333333,1.3756368689207967,0.6456666666666666,0.32033333333333336,0.034,0.718,0.09055221745350502,0.08933333333333333,0.05533333333333333,3.623333333333333,1.4722380256674943,0.636,0.357810443490701
12,15,7,22,16,1,0.308,0.692,0.0,0.708,0.006666666666666667,0.0,0.0,3.23,1.3744793638773192,0.43666666666666665,0.5633333333333334,0.0,0.8,0.028666666666666667,0.0,0.0,3.2546666666666666,1.0478589420654911,0.3723333333333333,0.6276666666666666,0.0,0.754,0.017666666666666667,0.0,0.0,3.2423333333333333,1.2111691529714053,0.708,0.3575333333333333
15,10,5,22,16,2,0.892,0.09933333333333333,0.008666666666666666,0.508,0.1425689307330195,0.034,0.025333333333333333,3.3573333333333335,1.6316246741963507,0.7646666666666667,0.006666666666666667,0.22866666666666666,0.6066666666666667,0.2497839239412273,0.5126666666666667,0.284,4.0906666666666665,1.6326276463262765,0.8283333333333334,0.053,0.11866666666666666,0.5573333333333333,0.1961764273371234,0.2733333333333334,0.15466666666666665,3.724,1.6321261602613135,0.508,0.35743528546742465
15,6,6,18,30,2,0.7186666666666667,0.252,0.029333333333333333,0.6813333333333333,0.18612637362637363,0.08733333333333333,0.058,3.906,1.6597325408618127,0.19266666666666668,0.054,0.7533333333333333,0.44666666666666677,0.3,0.872,0.11866666666666667,5.7973333333333334,1.8714733542319748,0.45566666666666666,0.153,0.3913333333333333,0.5640000000000001,0.2430631868131868,0.4796666666666667,0.08833333333333333,4.851666666666667,1.7656029475468937,0.44666666666666677,0.35714597069597076
12,10,7,10,20,2,0.216,0.778,0.006,0.622,0.018779342723004695,0.017333333333333333,0.011333333333333334,2.836,2.2044596912521444,0.26066666666666666,0.6366666666666667,0.10266666666666667,0.7633333333333333,0.137444279346211,0.24,0.13733333333333334,4.6433333333333335,1.5654242664551943,0.23833333333333334,0.7073333333333334,0.05433333333333334,0.6926666666666667,0.07811181103460785,0.12866666666666665,0.07433333333333333,3.7396666666666665,1.8849419788536692,0.622,0.35707236220692157
15,15,7,22,25,1,0.2806666666666667,0.7193333333333334,0.0,0.6806666666666666,0.078,0.006666666666666667,0.006666666666666667,3.772666666666667,1.7259368111682587,0.19733333333333333,0.8,0.0026666666666666666,0.6,0.34558823529411764,0.09133333333333334,0.08866666666666667,5.13,1.3338533541341653,0.239,0.7596666666666667,0.0013333333333333333,0.6403333333333333,0.21179411764705883,0.049,0.04766666666666667,4.451333333333333,1.5298950826512119,0.6,0.3568588235294118
12,10,7,18,16,2,0.6786666666666666,0.31733333333333336,0.004,0.7213333333333334,0.02677376171352075,0.016,0.012,3.5853333333333333,1.2029702970297032,0.8073333333333333,0.09133333333333334,0.10133333333333333,0.5926666666666667,0.25148367952522255,0.25333333333333335,0.152,4.789333333333333,1.5490584737363726,0.743,0.20433333333333334,0.05266666666666667,0.657,0.13912872061937165,0.13466666666666668,0.082,4.187333333333333,1.376014385383038,0.5926666666666667,0.35665907745720765
15,15,7,22,20,2,0.7873333333333333,0.21066666666666667,0.002,0.6126666666666667,0.01603206412825651,0.004666666666666667,0.0026666666666666666,3.3413333333333335,1.522368981678739,0.8233333333333334,0.010666666666666666,0.166,0.5766666666666667,0.2709832134292566,0.3433333333333333,0.17733333333333334,5.149333333333334,1.967725143154607,0.8053333333333333,0.11066666666666666,0.084,0.5946666666666667,0.14350763877875655,0.174,0.09000000000000001,4.245333333333334,1.745047062416673,0.5766666666666667,0.35663486108908465
15,6,5,22,16,2,0.8933333333333333,0.098,0.008666666666666666,0.5066666666666666,0.13853396099529253,0.030666666666666665,0.022,3.378,1.789915966386555,0.6806666666666666,0.012,0.30733333333333335,0.612,0.2329162656400385,0.562,0.25466666666666665,4.260666666666666,1.6614759647935002,0.7869999999999999,0.055,0.158,0.5593333333333332,0.1857251133176655,0.29633333333333334,0.13833333333333334,3.8193333333333332,1.7256959655900275,0.5066666666666666,0.35567835599686637
12,6,7,10,25,2,0.17266666666666666,0.816,0.011333333333333334,0.5840000000000001,0.029669588671611596,0.038,0.02666666666666667,3.284,2.2310838445807772,0.09933333333333333,0.6733333333333333,0.22733333333333333,0.6993333333333334,0.16824849007765316,0.37333333333333335,0.146,5.100666666666666,1.7257704332291204,0.136,0.7446666666666666,0.11933333333333333,0.6416666666666667,0.09895903937463238,0.20566666666666666,0.08633333333333333,4.192333333333333,1.9784271389049488,0.5840000000000001,0.3555918078749265
15,6,6,22,30,2,0.8113333333333334,0.16733333333333333,0.021333333333333333,0.5886666666666667,0.20435967302452315,0.08666666666666667,0.06533333333333333,3.9833333333333334,1.9129989764585464,0.21466666666666667,0.012666666666666666,0.7726666666666666,0.42733333333333334,0.3313782991202346,0.8986666666666666,0.126,5.873333333333333,2.165492957746479,0.513,0.09,0.39699999999999996,0.508,0.26786898607237886,0.49266666666666664,0.09566666666666666,4.928333333333333,2.039245967102513,0.42733333333333334,0.35549046388114236
18,6,5,22,16,2,0.886,0.10933333333333334,0.004666666666666667,0.514,0.13261888814467515,0.024666666666666667,0.02,3.2746666666666666,1.651222651222651,0.7286666666666667,0.012666666666666666,0.25866666666666666,0.6126666666666667,0.23741007194244604,0.5113333333333333,0.25266666666666665,4.14,1.6982543640897756,0.8073333333333333,0.061,0.13166666666666665,0.5633333333333334,0.18501448004356058,0.26799999999999996,0.13633333333333333,3.707333333333333,1.6747385076562133,0.514,0.35465289600871214
18,6,6,10,25,1,0.14133333333333334,0.844,0.014666666666666666,0.556,0.10554803788903924,0.07333333333333333,0.058666666666666666,3.013333333333333,2.276288659793815,0.072,0.8073333333333333,0.12066666666666667,0.5926666666666667,0.2092494313874147,0.2926666666666667,0.172,4.038,1.887005649717514,0.10666666666666666,0.8256666666666667,0.06766666666666667,0.5743333333333334,0.15739873463822696,0.183,0.11533333333333333,3.525666666666667,2.0816471547556645,0.556,0.35422974692764536
18,10,6,18,16,2,0.7246666666666667,0.2753333333333333,0.0,0.6753333333333333,0.11133333333333334,0.0033333333333333335,0.0033333333333333335,3.2373333333333334,1.2327095199349065,0.8273333333333334,0.050666666666666665,0.122,0.5726666666666667,0.22779043280182232,0.2813333333333333,0.15933333333333333,4.126,1.4548387096774196,0.776,0.16299999999999998,0.061,0.624,0.16956188306757783,0.14233333333333334,0.08133333333333333,3.6816666666666666,1.343774114806163,0.5726666666666667,0.35379570994684884
18,15,7,10,20,2,0.24866666666666667,0.7513333333333333,0.0,0.6486666666666667,0.008666666666666666,0.002,0.002,2.506666666666667,2.2407660738714092,0.42333333333333334,0.5186666666666667,0.058,0.858,0.1040339702760085,0.14666666666666667,0.08866666666666667,3.9366666666666665,1.580973952434881,0.336,0.635,0.029,0.7533333333333334,0.056350318471337583,0.07433333333333333,0.04533333333333334,3.2216666666666667,1.910870013153145,0.6486666666666667,0.3535533970276009
18,15,5,10,30,1,0.07666666666666666,0.866,0.05733333333333333,0.534,0.06718528995756719,0.162,0.10466666666666667,2.727333333333333,2.4112343966712895,0.092,0.6633333333333333,0.24466666666666667,0.692,0.17828773168578993,0.402,0.15733333333333333,3.796666666666667,1.9201053555750658,0.08433333333333333,0.7646666666666666,0.151,0.613,0.12273651082167855,0.28200000000000003,0.131,3.262,2.165669876123178,0.534,0.3534973021643357
15,10,7,14,16,2,0.556,0.44266666666666665,0.0013333333333333333,0.8013333333333333,0.012683578104138851,0.004,0.0026666666666666666,3.174,1.4803088803088804,0.7913333333333333,0.11066666666666666,0.098,0.6086666666666667,0.19290465631929046,0.236,0.138,4.49,1.6227860220201051,0.6736666666666666,0.27666666666666667,0.04966666666666667,0.7050000000000001,0.10279411721171466,0.12,0.07033333333333334,3.832,1.5515474511644927,0.6086666666666667,0.3534421567756763
15,6,7,18,30,2,0.7266666666666667,0.26066666666666666,0.012666666666666666,0.6733333333333333,0.06144496961512492,0.03866666666666667,0.026,3.8906666666666667,1.6232779097387173,0.22066666666666668,0.054,0.7253333333333334,0.47466666666666657,0.30097087378640774,0.8586666666666667,0.13333333333333333,6.711333333333333,2.3704663212435233,0.4736666666666667,0.15733333333333333,0.36900000000000005,0.574,0.18120792170076633,0.44866666666666666,0.07966666666666666,5.301,1.9968721154911204,0.47466666666666657,0.35282491767348656
15,6,7,22,30,2,0.812,0.17733333333333334,0.010666666666666666,0.588,0.06536388140161725,0.034,0.023333333333333334,3.994666666666667,1.8461538461538463,0.24733333333333332,0.014,0.7386666666666667,0.4613333333333334,0.3392857142857143,0.8833333333333333,0.14466666666666667,6.804666666666667,2.614525139664804,0.5296666666666667,0.09566666666666668,0.3746666666666667,0.5246666666666666,0.20232479784366578,0.45866666666666667,0.084,5.399666666666667,2.230339492909325,0.4613333333333334,0.35253162623539985
18,6,6,10,20,1,0.17866666666666667,0.818,0.0033333333333333335,0.5820000000000001,0.07424749163879599,0.03266666666666666,0.029333333333333333,2.646,2.305131761442441,0.16933333333333334,0.756,0.07466666666666667,0.644,0.19020172910662825,0.238,0.16333333333333333,3.886,1.7571115973741793,0.174,0.7869999999999999,0.039,0.613,0.1322246103727121,0.13533333333333333,0.09633333333333333,3.266,2.0311216794083102,0.5820000000000001,0.35219492207454245
18,15,6,10,16,1,0.23066666666666666,0.7666666666666667,0.0026666666666666666,0.6333333333333333,0.06417112299465241,0.018666666666666668,0.016,2.586,2.1321465251626153,0.4613333333333333,0.5226666666666666,0.016,0.8160000000000001,0.1334688346883469,0.09333333333333334,0.07733333333333334,3.102,1.3549151204105805,0.346,0.6446666666666667,0.009333333333333334,0.7246666666666667,0.09881997884149965,0.056,0.04666666666666667,2.844,1.7435308227865978,0.6333333333333333,0.3518306624349666
18,15,7,18,20,2,0.586,0.414,0.0,0.8,0.008666666666666666,0.0,0.0,3.1086666666666667,1.423529411764706,0.8166666666666667,0.06666666666666667,0.11666666666666667,0.5833333333333333,0.2656603773584906,0.27266666666666667,0.156,4.846666666666667,1.776257938446507,0.7013333333333334,0.24033333333333332,0.058333333333333334,0.6916666666666667,0.13716352201257861,0.13633333333333333,0.078,3.977666666666667,1.5998936751056063,0.5833333333333333,0.35124937106918236
12,15,7,10,20,2,0.22333333333333333,0.776,0.0006666666666666666,0.624,0.022014676450967312,0.008,0.007333333333333333,2.8053333333333335,2.2260391618000686,0.314,0.6186666666666667,0.06733333333333333,0.7813333333333333,0.13652609006433167,0.17533333333333334,0.108,4.359333333333334,1.5277777777777777,0.26866666666666666,0.6973333333333334,0.033999999999999996,0.7026666666666667,0.07927038325764948,0.09166666666666667,0.057666666666666665,3.5823333333333336,1.8769084697889231,0.624,0.35025407665152986
15,15,5,22,16,2,0.874,0.12066666666666667,0.005333333333333333,0.526,0.14343163538873996,0.038,0.03266666666666666,3.3433333333333333,1.548590660496424,0.8346666666666667,0.01,0.15533333333333332,0.5653333333333334,0.21152328334648776,0.38466666666666666,0.22933333333333333,3.678,1.548054919908467,0.8543333333333334,0.06533333333333334,0.08033333333333333,0.5456666666666667,0.17747745936761386,0.21133333333333332,0.131,3.5106666666666664,1.5483227902024455,0.526,0.34984549187352276
12,10,6,10,30,2,0.08533333333333333,0.878,0.03666666666666667,0.522,0.0629757785467128,0.11533333333333333,0.07866666666666666,3.1906666666666665,2.3331134564643796,0.059333333333333335,0.5686666666666667,0.372,0.6593333333333333,0.18365180467091294,0.5153333333333333,0.14333333333333334,4.714666666666667,1.8364116094986809,0.07233333333333333,0.7233333333333334,0.20433333333333334,0.5906666666666667,0.12331379160881287,0.3153333333333333,0.111,3.9526666666666666,2.0847625329815305,0.522,0.3496127583217626
15,6,6,14,20,1,0.23066666666666666,0.7693333333333333,0.0,0.6306666666666667,0.09466666666666666,0.014666666666666666,0.014666666666666666,3.134,1.980169971671388,0.15,0.8433333333333334,0.006666666666666667,0.5566666666666666,0.34563758389261745,0.16733333333333333,0.16066666666666668,4.346666666666667,1.455223880597015,0.19033333333333333,0.8063333333333333,0.0033333333333333335,0.5936666666666667,0.22015212527964206,0.091,0.08766666666666667,3.740333333333333,1.7176969261342014,0.5566666666666666,0.3491637583892617
15,6,7,18,20,1,0.36866666666666664,0.6313333333333333,0.0,0.7686666666666666,0.04066666666666666,0.0006666666666666666,0.0006666666666666666,3.4426666666666668,1.6440548780487805,0.22133333333333333,0.778,0.0006666666666666666,0.622,0.28418945963975983,0.03333333333333333,0.03266666666666666,4.764666666666667,1.3087091757387248,0.295,0.7046666666666667,0.0003333333333333333,0.6953333333333334,0.16242806315321326,0.017,0.016666666666666666,4.103666666666667,1.4763820268937526,0.622,0.34853561263064264
12,15,6,10,30,2,0.094,0.876,0.03,0.524,0.06597938144329897,0.10333333333333333,0.07333333333333333,3.134,2.357214261912696,0.102,0.606,0.292,0.702,0.1817325800376648,0.4693333333333333,0.17733333333333334,4.618,1.916260954235638,0.098,0.741,0.16099999999999998,0.613,0.12385598074048187,0.28633333333333333,0.12533333333333335,3.8760000000000003,2.136737608074167,0.524,0.34852119614809635
18,15,5,18,16,2,0.7193333333333334,0.27666666666666667,0.004,0.6806666666666666,0.1111111111111111,0.028666666666666667,0.024666666666666667,3.14,1.070063694267516,0.8413333333333334,0.051333333333333335,0.10733333333333334,0.5586666666666666,0.1672890216579537,0.302,0.19466666666666665,3.438,1.4025559105431311,0.7803333333333333,0.164,0.05566666666666667,0.6196666666666666,0.13920006638453242,0.16533333333333333,0.10966666666666666,3.289,1.2363098024053234,0.5586666666666666,0.3484233466102398
18,10,5,22,16,2,0.874,0.12066666666666667,0.005333333333333333,0.526,0.12734584450402145,0.021333333333333333,0.016,3.264666666666667,1.5864406779661018,0.792,0.014666666666666666,0.19333333333333333,0.6079999999999999,0.20991735537190082,0.42133333333333334,0.228,3.852,1.5813679245283019,0.833,0.06766666666666667,0.09933333333333333,0.567,0.16863159993796112,0.22133333333333333,0.122,3.5583333333333336,1.5839043012472018,0.526,0.34822631998759224
15,6,5,10,16,1,0.144,0.8473333333333334,0.008666666666666666,0.5526666666666666,0.082044384667115,0.072,0.06333333333333334,2.755333333333333,2.1617195496417603,0.208,0.7666666666666667,0.025333333333333333,0.6333333333333333,0.21751025991792067,0.224,0.19866666666666666,3.474,1.5211581291759466,0.176,0.807,0.017,0.593,0.14977732229251783,0.148,0.131,3.1146666666666665,1.8414388394088534,0.5526666666666666,0.3481387977918369
18,15,6,14,16,2,0.5086666666666667,0.48933333333333334,0.002,0.802,0.08884435537742151,0.010666666666666666,0.008666666666666666,3.008,1.5596465390279826,0.7973333333333333,0.156,0.04666666666666667,0.6026666666666667,0.15944055944055943,0.16,0.11333333333333333,3.516,1.2145230185097295,0.653,0.32266666666666666,0.024333333333333335,0.7023333333333334,0.12414245740899046,0.08533333333333333,0.061,3.262,1.387084778768856,0.6026666666666667,0.3481118248151314
15,15,5,10,16,1,0.18533333333333332,0.808,0.006666666666666667,0.592,0.07651006711409396,0.050666666666666665,0.044,2.763333333333333,2.1079429735234214,0.36933333333333335,0.616,0.014666666666666666,0.784,0.15832205683355885,0.14133333333333334,0.12666666666666668,3.104,1.3813121272365805,0.2773333333333333,0.712,0.010666666666666666,0.688,0.1174160619738264,0.096,0.08533333333333334,2.9336666666666664,1.744627550380001,0.592,0.3466832123947653
12,10,5,18,16,1,0.2,0.8,0.0,0.6,0.13466666666666666,0.009333333333333334,0.009333333333333334,3.1726666666666667,1.5416058394160583,0.26066666666666666,0.7393333333333333,0.0,0.6606666666666667,0.25133333333333335,0.042666666666666665,0.042666666666666665,3.39,1.216378964271377,0.23033333333333333,0.7696666666666667,0.0,0.6303333333333334,0.193,0.026,0.026,3.2813333333333334,1.3789924018437176,0.6,0.34640000000000004
18,10,6,10,20,1,0.17466666666666666,0.8206666666666667,0.004666666666666667,0.5793333333333333,0.07166778298727394,0.030666666666666665,0.026,2.6693333333333333,2.2515212981744424,0.22133333333333333,0.7286666666666667,0.05,0.6713333333333333,0.18947368421052632,0.19466666666666665,0.14466666666666667,3.7866666666666666,1.6868091378039793,0.198,0.7746666666666666,0.027333333333333334,0.6253333333333333,0.13057073359890015,0.11266666666666666,0.08533333333333333,3.2279999999999998,1.969165217989211,0.5793333333333333,0.3454808133864466
18,6,7,18,16,2,0.74,0.25933333333333336,0.0006666666666666666,0.66,0.00867244829886591,0.0026666666666666666,0.002,3.263333333333333,1.290529695024077,0.8153333333333334,0.05533333333333333,0.12933333333333333,0.5846666666666667,0.20903522205206737,0.27,0.14066666666666666,4.7973333333333334,1.7830609212481425,0.7776666666666667,0.15733333333333335,0.065,0.6223333333333334,0.10885383517546664,0.13633333333333333,0.07133333333333333,4.030333333333333,1.5367953081361097,0.5846666666666667,0.3452541003684267
15,15,6,14,16,2,0.556,0.44066666666666665,0.0033333333333333335,0.8033333333333333,0.09565217391304348,0.015333333333333332,0.012,3.1493333333333333,1.4382621951219512,0.828,0.09866666666666667,0.07333333333333333,0.5720000000000001,0.2158273381294964,0.20866666666666667,0.13533333333333333,3.78,1.401675702316412,0.692,0.26966666666666667,0.03833333333333333,0.6876666666666666,0.15573975602126994,0.112,0.07366666666666667,3.4646666666666666,1.4199689487191816,0.5720000000000001,0.344997951204254
18,6,6,22,16,2,0.8753333333333333,0.12266666666666666,0.002,0.5246666666666667,0.11890447561790247,0.006,0.004,3.3033333333333332,1.601427971440571,0.8213333333333334,0.014666666666666666,0.164,0.5786666666666667,0.2743221690590112,0.36333333333333334,0.19933333333333333,4.505333333333334,1.7076923076923076,0.8483333333333334,0.06866666666666667,0.083,0.5516666666666667,0.19661332233845683,0.18466666666666667,0.10166666666666667,3.9043333333333337,1.6545601395664393,0.5246666666666667,0.3446059978010247
12,15,6,18,16,1,0.22466666666666665,0.7753333333333333,0.0,0.6246666666666667,0.11933333333333333,0.0,0.0,3.1646666666666667,1.520174482006543,0.36533333333333334,0.6346666666666667,0.0,0.7653333333333333,0.19466666666666665,0.0,0.0,3.164,1.1047381546134662,0.295,0.7050000000000001,0.0,0.6950000000000001,0.157,0.0,0.0,3.1643333333333334,1.3124563183100046,0.6246666666666667,0.34373333333333334
12,10,7,10,25,2,0.162,0.8293333333333334,0.008666666666666666,0.5706666666666667,0.03160726294552791,0.024,0.015333333333333332,3.122,2.260053619302949,0.13533333333333333,0.6893333333333334,0.17533333333333334,0.7106666666666667,0.1463217461600647,0.3353333333333333,0.16,4.981333333333334,1.7528089887640452,0.14866666666666667,0.7593333333333334,0.092,0.6406666666666667,0.0889645045527963,0.17966666666666667,0.08766666666666667,4.051666666666667,2.006431304033497,0.5706666666666667,0.34322623424389254
15,15,7,14,20,1,0.23733333333333334,0.7626666666666667,0.0,0.6373333333333333,0.035333333333333335,0.0006666666666666666,0.0006666666666666666,3.1053333333333333,1.914265635980323,0.25333333333333335,0.7466666666666667,0.0,0.6533333333333333,0.182,0.016666666666666666,0.016666666666666666,4.125333333333334,1.31157495256167,0.24533333333333335,0.7546666666666667,0.0,0.6453333333333333,0.10866666666666666,0.008666666666666666,0.008666666666666666,3.6153333333333335,1.6129202942709964,0.6373333333333333,0.343
15,15,6,14,25,1,0.12266666666666666,0.8746666666666667,0.0026666666666666666,0.5253333333333333,0.12433155080213903,0.029333333333333333,0.02666666666666667,3.260666666666667,2.1210453920220083,0.10666666666666667,0.8753333333333333,0.018,0.5246666666666666,0.35030549898167007,0.19733333333333333,0.17933333333333334,4.414666666666666,1.5216586449463163,0.11466666666666667,0.875,0.010333333333333333,0.5249999999999999,0.23731852489190455,0.11333333333333333,0.10300000000000001,3.8376666666666663,1.8213520184841623,0.5246666666666666,0.34224703831171427
15,10,5,10,16,1,0.15466666666666667,0.84,0.005333333333333333,0.56,0.06702412868632708,0.05466666666666667,0.04933333333333333,2.74,2.144878706199461,0.27266666666666667,0.7126666666666667,0.014666666666666666,0.6873333333333334,0.19418132611637348,0.196,0.18133333333333335,3.3433333333333333,1.4586636466591167,0.21366666666666667,0.7763333333333333,0.01,0.6236666666666667,0.1306027274013503,0.12533333333333335,0.11533333333333334,3.041666666666667,1.801771176429289,0.56,0.34222054548027003
18,6,7,10,16,1,0.23266666666666666,0.7673333333333333,0.0,0.6326666666666667,0.027333333333333334,0.006666666666666667,0.006666666666666667,2.702,2.1416549789621318,0.29,0.6953333333333334,0.014666666666666666,0.7046666666666667,0.11366711772665765,0.07466666666666667,0.06,3.654,1.5774647887323943,0.2613333333333333,0.7313333333333334,0.007333333333333333,0.6686666666666667,0.07050022552999549,0.04066666666666667,0.03333333333333333,3.178,1.859559883847263,0.6326666666666667,0.34153337843933246
18,15,6,10,25,1,0.142,0.8493333333333334,0.008666666666666666,0.5506666666666666,0.08607935440484196,0.042,0.03333333333333333,2.768,2.295423956931359,0.14933333333333335,0.7573333333333333,0.09333333333333334,0.6426666666666667,0.19926470588235295,0.25866666666666666,0.16533333333333333,3.93,1.825009387908374,0.14566666666666667,0.8033333333333333,0.051000000000000004,0.5966666666666667,0.14267203014359747,0.15033333333333332,0.09933333333333333,3.349,2.0602166724198665,0.5506666666666666,0.34131773936205284
12,15,6,22,20,1,0.20933333333333334,0.7906666666666666,0.0,0.6093333333333334,0.12466666666666666,0.0,0.0,3.2253333333333334,1.5405105438401776,0.19466666666666665,0.8053333333333333,0.0,0.5946666666666667,0.30533333333333335,0.004666666666666667,0.004666666666666667,3.712666666666667,1.195266272189349,0.202,0.798,0.0,0.6020000000000001,0.215,0.0023333333333333335,0.0023333333333333335,3.4690000000000003,1.3678884080147633,0.5946666666666667,0.34103333333333335
15,10,6,22,16,2,0.894,0.10533333333333333,0.0006666666666666666,0.506,0.14809873248832556,0.008,0.007333333333333333,3.3826666666666667,1.5957993999142734,0.8173333333333334,0.006,0.17666666666666667,0.5826666666666667,0.28097165991902834,0.37866666666666665,0.202,4.462,1.6584808680753853,0.8556666666666667,0.05566666666666667,0.08866666666666667,0.5443333333333333,0.21453519620367695,0.19333333333333333,0.10466666666666667,3.9223333333333334,1.6271401339948293,0.506,0.3406070392407354
18,10,6,22,16,2,0.8506666666666667,0.14933333333333335,0.0,0.5493333333333333,0.11866666666666667,0.002,0.002,3.27,1.464705882352941,0.8633333333333333,0.013333333333333334,0.12333333333333334,0.5366666666666666,0.23422053231939163,0.2866666666666667,0.16333333333333333,4.148666666666666,1.5362637362637361,0.857,0.08133333333333334,0.06166666666666667,0.5429999999999999,0.17644359949302915,0.14433333333333334,0.08266666666666667,3.7093333333333334,1.5004848093083387,0.5366666666666666,0.33767205323193916
12,10,7,22,16,1,0.26466666666666666,0.7353333333333333,0.0,0.6646666666666667,0.006,0.0,0.0,3.288666666666667,1.3877706038739082,0.3313333333333333,0.6686666666666666,0.0,0.7313333333333334,0.03666666666666667,0.0,0.0,3.489333333333333,1.123446561723281,0.298,0.702,0.0,0.6980000000000001,0.021333333333333333,0.0,0.0,3.3890000000000002,1.2556085827985946,0.6646666666666667,0.3366
12,6,5,18,16,1,0.17466666666666666,0.8253333333333334,0.0,0.5746666666666667,0.12666666666666668,0.005333333333333333,0.005333333333333333,3.1733333333333333,1.571169865990583,0.202,0.798,0.0,0.602,0.2886666666666667,0.04466666666666667,0.04466666666666667,3.509333333333333,1.2189349112426036,0.18833333333333335,0.8116666666666668,0.0,0.5883333333333334,0.20766666666666667,0.025,0.025,3.341333333333333,1.3950523886165933,0.5746666666666667,0.3363666666666666
18,15,7,18,16,1,0.6266666666666667,0.372,0.0013333333333333333,0.7733333333333333,0.037383177570093455,0.014666666666666666,0.013333333333333334,3.3146666666666667,1.1955445544554457,0.804,0.18133333333333335,0.014666666666666666,0.596,0.17591339648173207,0.10333333333333333,0.08866666666666667,3.8226666666666667,1.3607805806758686,0.7153333333333334,0.27666666666666667,0.008,0.6846666666666666,0.10664828702591277,0.059,0.051000000000000004,3.5686666666666667,1.2781625675656572,0.596,0.33582965740518256
12,10,5,22,20,1,0.16266666666666665,0.8373333333333334,0.0,0.5626666666666666,0.14266666666666666,0.02266666666666667,0.02266666666666667,3.2546666666666666,1.5558802045288531,0.132,0.868,0.0,0.532,0.35533333333333333,0.11066666666666666,0.11066666666666666,3.828666666666667,1.2793774319066147,0.14733333333333332,0.8526666666666667,0.0,0.5473333333333333,0.249,0.06666666666666667,0.06666666666666667,3.541666666666667,1.417628818217734,0.532,0.33580000000000004
18,15,6,10,20,1,0.162,0.832,0.006,0.5680000000000001,0.06170355466130114,0.029333333333333333,0.023333333333333334,2.586,2.2838840188806477,0.304,0.658,0.038,0.742,0.18087318087318088,0.17466666666666666,0.13666666666666666,3.588,1.5873134328358212,0.23299999999999998,0.745,0.022,0.655,0.12128836776724101,0.102,0.08,3.0869999999999997,1.9355987258582346,0.5680000000000001,0.33555767355344823
12,10,7,22,16,2,0.8013333333333333,0.194,0.004666666666666667,0.5986666666666667,0.026121902210314803,0.014,0.009333333333333334,3.6133333333333333,1.4525357607282183,0.8546666666666667,0.03866666666666667,0.10666666666666667,0.5453333333333332,0.26492537313432835,0.264,0.15733333333333333,4.832,1.5794251134644475,0.8280000000000001,0.11633333333333334,0.05566666666666667,0.572,0.14552363767232157,0.139,0.08333333333333333,4.222666666666667,1.5159804370963328,0.5453333333333332,0.3351213942011309
15,6,6,22,16,2,0.9146666666666666,0.08466666666666667,0.0006666666666666666,0.4853333333333334,0.14076050700466977,0.006666666666666667,0.006,3.394,1.7609841827768016,0.7873333333333333,0.004666666666666667,0.208,0.6046666666666667,0.28535353535353536,0.42866666666666664,0.22066666666666668,4.753333333333333,1.8134715025906736,0.851,0.04466666666666667,0.10433333333333333,0.545,0.21305702117910258,0.21766666666666665,0.11333333333333334,4.073666666666666,1.7872278426837376,0.4853333333333334,0.3349280709024873
18,15,7,22,20,2,0.7573333333333333,0.24266666666666667,0.0,0.6426666666666667,0.013333333333333334,0.0006666666666666666,0.0006666666666666666,3.227333333333333,1.4063280599500416,0.8573333333333333,0.02266666666666667,0.12,0.5426666666666666,0.2803030303030303,0.2813333333333333,0.16133333333333333,4.9046666666666665,1.8629032258064517,0.8073333333333332,0.13266666666666665,0.06,0.5926666666666667,0.1468181818181818,0.141,0.081,4.066,1.6346156428782468,0.5426666666666666,0.3339969696969697
18,15,6,22,16,1,0.7526666666666667,0.24266666666666667,0.004666666666666667,0.6473333333333333,0.14400535833891492,0.034666666666666665,0.03,3.3713333333333333,1.1855579868708972,0.88,0.08066666666666666,0.03933333333333333,0.52,0.263705759888966,0.20733333333333334,0.168,3.742,1.4410876132930512,0.8163333333333334,0.16166666666666668,0.022,0.5836666666666667,0.20385555911394046,0.121,0.099,3.5566666666666666,1.3133228000819743,0.52,0.33377111182278807
18,10,6,10,25,1,0.12333333333333334,0.8633333333333333,0.013333333333333334,0.5366666666666666,0.060810810810810814,0.059333333333333335,0.046,2.8673333333333333,2.2933511526896093,0.1,0.798,0.102,0.602,0.19079435783221974,0.26666666666666666,0.16466666666666666,3.9953333333333334,1.8810325476992145,0.11166666666666666,0.8306666666666667,0.057666666666666665,0.5693333333333332,0.12580258432151528,0.163,0.10533333333333333,3.4313333333333333,2.087191850194412,0.5366666666666666,0.33374385019763636
18,10,7,10,16,1,0.226,0.774,0.0,0.626,0.028666666666666667,0.007333333333333333,0.007333333333333333,2.6826666666666665,2.0815494393476044,0.366,0.6253333333333333,0.008666666666666666,0.7746666666666666,0.0968392737054472,0.048,0.03933333333333333,3.4566666666666666,1.4717832957110608,0.296,0.6996666666666667,0.004333333333333333,0.7003333333333333,0.06275297018605694,0.027666666666666666,0.02333333333333333,3.0696666666666665,1.7766663675293326,0.626,0.33320059403721136
12,10,6,18,16,1,0.19,0.81,0.0,0.59,0.132,0.0,0.0,3.195333333333333,1.4956140350877194,0.2713333333333333,0.7286666666666667,0.0,0.6713333333333333,0.24866666666666667,0.0,0.0,3.3846666666666665,1.1668022782750205,0.23066666666666666,0.7693333333333334,0.0,0.6306666666666667,0.19033333333333335,0.0,0.0,3.29,1.3312081566813698,0.59,0.3330666666666667
18,15,5,22,16,2,0.8473333333333334,0.14933333333333335,0.0033333333333333335,0.5526666666666666,0.1157190635451505,0.023333333333333334,0.02,3.182,1.293398533007335,0.8766666666666667,0.014,0.10933333333333334,0.5233333333333333,0.1721556886227545,0.314,0.20466666666666666,3.456,1.4771739130434782,0.8620000000000001,0.08166666666666668,0.05633333333333333,0.538,0.1439373760839525,0.16866666666666666,0.11233333333333333,3.319,1.3852862230254066,0.5233333333333333,0.3326041418834571
12,15,7,18,16,2,0.6546666666666666,0.34,0.005333333333333333,0.7453333333333334,0.03150134048257373,0.018,0.012666666666666666,3.536,1.0628980891719746,0.8333333333333334,0.10666666666666667,0.06,0.5666666666666667,0.1879432624113475,0.19533333333333333,0.13533333333333333,4.282,1.405118300338001,0.744,0.22333333333333336,0.03266666666666666,0.656,0.10972230144696062,0.10666666666666666,0.074,3.909,1.234008194754988,0.5666666666666667,0.33237779362272546
15,10,7,14,20,1,0.22133333333333333,0.7786666666666666,0.0,0.6213333333333334,0.027333333333333334,0.0006666666666666666,0.0006666666666666666,3.1413333333333333,1.9664921465968586,0.212,0.7873333333333333,0.0006666666666666666,0.6126666666666667,0.19746497665110074,0.017333333333333333,0.016666666666666666,4.275333333333333,1.3762301286903862,0.21666666666666667,0.7829999999999999,0.0003333333333333333,0.617,0.11239915499221703,0.009,0.008666666666666666,3.708333333333333,1.6713611376436224,0.6126666666666667,0.3314631643317768
15,10,5,10,20,1,0.09733333333333333,0.8993333333333333,0.0033333333333333335,0.5006666666666666,0.07558528428093646,0.062,0.058666666666666666,2.644,2.247775947281713,0.13066666666666665,0.8333333333333334,0.036,0.5666666666666667,0.23374827109266944,0.2806666666666667,0.24466666666666667,3.6253333333333333,1.6305545354388544,0.11399999999999999,0.8663333333333334,0.019666666666666666,0.5336666666666666,0.15466677768680295,0.17133333333333334,0.15166666666666667,3.134666666666667,1.9391652413602838,0.5006666666666666,0.3297166888706939
18,10,7,22,16,1,0.78,0.218,0.002,0.62,0.038744154976619906,0.008666666666666666,0.006666666666666667,3.4593333333333334,1.3024390243902437,0.846,0.122,0.032,0.554,0.24311294765840222,0.16733333333333333,0.13533333333333333,4.379333333333333,1.2945107398568019,0.813,0.16999999999999998,0.017,0.587,0.14092855131751106,0.088,0.071,3.9193333333333333,1.2984748821235228,0.554,0.3290357102635022
18,15,7,10,16,1,0.228,0.772,0.0,0.628,0.021333333333333333,0.006666666666666667,0.006666666666666667,2.5946666666666665,2.1330603889457525,0.44733333333333336,0.5466666666666666,0.006,0.806,0.0744466800804829,0.029333333333333333,0.023333333333333334,3.138,1.3853354134165365,0.33766666666666667,0.6593333333333333,0.003,0.7170000000000001,0.047890006706908114,0.018,0.015000000000000001,2.8663333333333334,1.7591979011811445,0.628,0.3285280013413816
18,6,6,10,30,1,0.08133333333333333,0.8973333333333333,0.021333333333333333,0.5026666666666666,0.10149863760217984,0.09333333333333334,0.072,3.15,2.307073416024137,0.037333333333333336,0.8113333333333334,0.15133333333333332,0.5886666666666667,0.19167321288295366,0.30933333333333335,0.158,4.066666666666666,1.952950250674894,0.059333333333333335,0.8543333333333334,0.08633333333333333,0.5456666666666666,0.14658592524256675,0.20133333333333334,0.11499999999999999,3.6083333333333334,2.1300118333495153,0.5026666666666666,0.3281005183818466
18,15,7,14,16,2,0.508,0.49133333333333334,0.0006666666666666666,0.8006666666666666,0.008005336891260841,0.004,0.0033333333333333335,3.012,1.565121412803532,0.8006666666666666,0.16066666666666668,0.03866666666666667,0.5993333333333334,0.13661581137309292,0.10466666666666667,0.066,3.646,1.2614107883817427,0.6543333333333333,0.326,0.01966666666666667,0.7,0.07231057413217688,0.05433333333333334,0.034666666666666665,3.3289999999999997,1.4132661005926375,0.5993333333333334,0.32747878149310206
15,6,5,10,20,1,0.08733333333333333,0.9073333333333333,0.005333333333333333,0.4926666666666666,0.07975871313672922,0.06866666666666667,0.06333333333333334,2.686,2.242805160436652,0.09133333333333334,0.8633333333333333,0.04533333333333334,0.5366666666666666,0.24441340782122906,0.2813333333333333,0.236,3.6613333333333333,1.6772334293948126,0.08933333333333333,0.8853333333333333,0.025333333333333336,0.5146666666666666,0.16208606047897914,0.175,0.14966666666666667,3.1736666666666666,1.9600192949157322,0.4926666666666666,0.32745054542912916
15,10,7,22,25,1,0.288,0.712,0.0,0.688,0.05466666666666667,0.002,0.002,3.735333333333333,1.7499072356215213,0.14266666666666666,0.8533333333333334,0.004,0.5466666666666666,0.357429718875502,0.08466666666666667,0.08066666666666666,5.25,1.3547637490317581,0.21533333333333332,0.7826666666666666,0.002,0.6173333333333333,0.20604819277108433,0.043333333333333335,0.04133333333333333,4.492666666666667,1.5523354923266397,0.5466666666666666,0.3272429718875502
12,15,7,10,25,2,0.142,0.8506666666666667,0.007333333333333333,0.5493333333333333,0.03895231699126931,0.026,0.018666666666666668,3.1326666666666667,2.2913072329130726,0.16066666666666668,0.716,0.12333333333333334,0.684,0.1482889733840304,0.26466666666666666,0.14133333333333334,4.767333333333333,1.7932110807647288,0.15133333333333332,0.7833333333333333,0.06533333333333334,0.6166666666666667,0.09362064518764986,0.14533333333333334,0.08,3.95,2.0422591568389006,0.5493333333333333,0.3271907957041966
15,10,5,10,25,1,0.054,0.932,0.014,0.46799999999999997,0.08992562542258282,0.09533333333333334,0.08133333333333333,2.8233333333333333,2.2282926829268295,0.05533333333333333,0.8833333333333333,0.06133333333333333,0.5166666666666666,0.2507102272727273,0.3333333333333333,0.272,3.738,1.7256344244207429,0.05466666666666667,0.9076666666666666,0.03766666666666667,0.4923333333333333,0.17031792634765505,0.21433333333333332,0.17666666666666667,3.280666666666667,1.9769635536737862,0.46799999999999997,0.32671358526953104
12,6,7,22,16,1,0.24133333333333334,0.7586666666666667,0.0,0.6413333333333333,0.01,0.0,0.0,3.3066666666666666,1.418472063854048,0.2813333333333333,0.7186666666666667,0.0,0.6813333333333333,0.043333333333333335,0.0,0.0,3.6153333333333335,1.1715686274509802,0.2613333333333333,0.7386666666666667,0.0,0.6613333333333333,0.02666666666666667,0.0,0.0,3.4610000000000003,1.2950203456525142,0.6413333333333333,0.326
15,10,6,14,25,1,0.13133333333333333,0.868,0.0006666666666666666,0.532,0.11741160773849232,0.021333333333333333,0.020666666666666667,3.24,2.0932607215793055,0.06466666666666666,0.9173333333333333,0.018,0.4826666666666667,0.3727087576374745,0.22266666666666668,0.20466666666666666,4.514666666666667,1.5473801560758083,0.098,0.8926666666666667,0.009333333333333332,0.5073333333333334,0.2450601826879834,0.12200000000000001,0.11266666666666666,3.8773333333333335,1.820320438827557,0.4826666666666667,0.32554536987092997
15,6,5,10,25,1,0.044,0.9426666666666667,0.013333333333333334,0.45733333333333326,0.10540540540540541,0.12666666666666668,0.11333333333333333,2.9553333333333334,2.2086614173228347,0.036,0.8933333333333333,0.07066666666666667,0.5066666666666667,0.24892395982783358,0.31466666666666665,0.244,3.722,1.7455340867663145,0.039999999999999994,0.9179999999999999,0.042,0.482,0.1771646826166195,0.22066666666666668,0.17866666666666667,3.3386666666666667,1.9770977520445747,0.45733333333333326,0.32399960318999055
12,15,5,18,20,1,0.13533333333333333,0.8646666666666667,0.0,0.5353333333333333,0.112,0.013333333333333334,0.013333333333333334,3.118,1.660163178432068,0.14533333333333334,0.8546666666666667,0.0,0.5453333333333333,0.276,0.10133333333333333,0.10133333333333333,3.6013333333333333,1.2964244521337946,0.14033333333333334,0.8596666666666667,0.0,0.5403333333333333,0.194,0.05733333333333333,0.05733333333333333,3.3596666666666666,1.4782938152829312,0.5353333333333333,0.32366666666666666
15,15,6,10,16,1,0.18333333333333332,0.8166666666666667,0.0,0.5833333333333334,0.08733333333333333,0.004,0.004,2.716666666666667,2.0841683366733466,0.3466666666666667,0.652,0.0013333333333333333,0.748,0.1588785046728972,0.037333333333333336,0.036,3.1053333333333333,1.4022988505747125,0.265,0.7343333333333333,0.0006666666666666666,0.6656666666666666,0.12310591900311527,0.020666666666666667,0.019999999999999997,2.911,1.7432335936240295,0.5833333333333334,0.32238785046728974
12,6,5,22,20,1,0.16866666666666666,0.8313333333333334,0.0,0.5686666666666667,0.13666666666666666,0.016,0.016,3.252,1.5485278080697926,0.106,0.894,0.0,0.506,0.374,0.10066666666666667,0.10066666666666667,3.854,1.2742123687281213,0.13733333333333334,0.8626666666666667,0.0,0.5373333333333333,0.2553333333333333,0.058333333333333334,0.058333333333333334,3.553,1.4113700883989568,0.506,0.3215666666666666
15,15,5,10,20,1,0.106,0.8866666666666667,0.007333333333333333,0.5133333333333333,0.06380120886501008,0.04466666666666667,0.037333333333333336,2.668,2.3000000000000003,0.17266666666666666,0.7913333333333333,0.036,0.6086666666666667,0.2053941908713693,0.23,0.194,3.510666666666667,1.6699174793698424,0.13933333333333334,0.839,0.021666666666666664,0.5609999999999999,0.13459769986818967,0.13733333333333334,0.11566666666666667,3.0893333333333333,1.9849587396849213,0.5133333333333333,0.3215362066403046
15,10,7,18,16,2,0.7613333333333333,0.23866666666666667,0.0,0.6386666666666667,0.01,0.0026666666666666666,0.0026666666666666666,3.3506666666666667,1.3676834295136027,0.8646666666666667,0.03133333333333333,0.104,0.5353333333333333,0.21502976190476192,0.256,0.152,4.608666666666666,1.77197388247112,0.813,0.135,0.052,0.587,0.11251488095238096,0.12933333333333333,0.07733333333333334,3.9796666666666667,1.5698286559923613,0.5353333333333333,0.32116964285714283
15,15,6,14,30,1,0.066,0.9333333333333333,0.0006666666666666666,0.4666666666666667,0.12008005336891261,0.02666666666666667,0.026,3.2373333333333334,2.220598006644518,0.04733333333333333,0.926,0.02666666666666667,0.474,0.3732876712328767,0.24,0.21333333333333335,4.528666666666667,1.5711111111111111,0.05666666666666667,0.9296666666666666,0.013666666666666667,0.4703333333333333,0.24668386230089467,0.13333333333333333,0.11966666666666667,3.883,1.8958545588778146,0.4666666666666667,0.3206201057935123
12,6,6,18,16,1,0.15733333333333333,0.8426666666666667,0.0,0.5573333333333333,0.14933333333333335,0.0,0.0,3.216,1.530701754385965,0.222,0.778,0.0,0.622,0.27,0.0,0.0,3.4993333333333334,1.2081177875049742,0.18966666666666665,0.8103333333333333,0.0,0.5896666666666667,0.20966666666666667,0.0,0.0,3.357666666666667,1.3694097709454696,0.5573333333333333,0.3206
15,15,7,18,25,1,0.21133333333333335,0.7886666666666666,0.0,0.6113333333333334,0.06066666666666667,0.006,0.006,3.5933333333333333,1.897545357524013,0.14666666666666667,0.852,0.0013333333333333333,0.548,0.29973297730307075,0.064,0.06266666666666666,4.890666666666666,1.3888255416191564,0.179,0.8203333333333334,0.0006666666666666666,0.5796666666666668,0.1801998219848687,0.035,0.034333333333333334,4.242,1.6431854495715847,0.548,0.32043996439697375
12,10,6,22,20,1,0.17733333333333334,0.8226666666666667,0.0,0.5773333333333334,0.14133333333333334,0.0,0.0,3.267333333333333,1.5333827893175076,0.138,0.862,0.0,0.538,0.36133333333333334,0.0,0.0,3.8266666666666667,1.2569832402234635,0.15766666666666668,0.8423333333333334,0.0,0.5576666666666668,0.25133333333333335,0.0,0.0,3.5469999999999997,1.3951830147704856,0.538,0.3192666666666667
15,6,7,22,16,2,0.9013333333333333,0.098,0.0006666666666666666,0.4986666666666667,0.01200800533689126,0.002,0.0013333333333333333,3.3986666666666667,1.730117340286832,0.7966666666666666,0.014666666666666666,0.18866666666666668,0.6033333333333333,0.2695152013147083,0.36733333333333335,0.17866666666666667,5.166666666666667,1.9566630552546043,0.849,0.05633333333333333,0.09466666666666668,0.5509999999999999,0.1407616033257998,0.18466666666666667,0.09,4.282666666666667,1.843390197770718,0.4986666666666667,0.3186856539984933
18,6,7,10,20,1,0.17866666666666667,0.82,0.0013333333333333333,0.5800000000000001,0.02403204272363151,0.006,0.004666666666666667,2.656,2.3027586206896555,0.146,0.8306666666666667,0.023333333333333334,0.5693333333333334,0.14266211604095563,0.11866666666666667,0.09533333333333334,4.019333333333333,1.775404753703066,0.16233333333333333,0.8253333333333333,0.012333333333333333,0.5746666666666667,0.08334707938229358,0.06233333333333334,0.05,3.3376666666666663,2.0390816871963606,0.5693333333333334,0.3181860825431254
15,15,7,14,16,2,0.546,0.45266666666666666,0.0013333333333333333,0.8013333333333333,0.014686248331108143,0.004666666666666667,0.0033333333333333335,3.1426666666666665,1.4478894284646993,0.8393333333333334,0.108,0.05266666666666667,0.5606666666666666,0.1717100633356791,0.14933333333333335,0.09666666666666666,3.926,1.4317201724964064,0.6926666666666668,0.2803333333333333,0.027,0.681,0.09319815583339362,0.07700000000000001,0.049999999999999996,3.5343333333333335,1.4398048004805528,0.5606666666666666,0.31802296450001205
18,10,6,10,30,1,0.076,0.9073333333333333,0.016666666666666666,0.4926666666666667,0.07932203389830508,0.078,0.06133333333333333,2.974666666666667,2.385685884691849,0.054,0.8173333333333334,0.12866666666666668,0.5826666666666667,0.18668706962509563,0.29333333333333333,0.16466666666666666,4.056666666666667,1.9559270516717324,0.065,0.8623333333333334,0.07266666666666667,0.5376666666666667,0.13300455176170034,0.18566666666666667,0.11299999999999999,3.5156666666666667,2.170806468181791,0.4926666666666667,0.31773424368567343
12,15,5,22,25,1,0.07133333333333333,0.9286666666666666,0.0,0.4713333333333334,0.15866666666666668,0.03,0.03,3.3106666666666666,1.672650475184794,0.05466666666666667,0.9433333333333334,0.002,0.45666666666666667,0.37742150968603877,0.20466666666666666,0.20266666666666666,3.9513333333333334,1.3642745709828392,0.063,0.9359999999999999,0.001,0.464,0.2680440881763527,0.11733333333333333,0.11633333333333333,3.6310000000000002,1.5184625230838167,0.45666666666666667,0.3169921509686039
18,6,7,22,16,2,0.8766666666666667,0.12333333333333334,0.0,0.5233333333333333,0.006666666666666667,0.0,0.0,3.304666666666667,1.60108832147342,0.8526666666666667,0.016,0.13133333333333333,0.5473333333333333,0.2256331542594014,0.278,0.14666666666666667,4.844666666666667,1.879371515458692,0.8646666666666667,0.06966666666666667,0.06566666666666666,0.5353333333333333,0.11614991046303402,0.139,0.07333333333333333,4.074666666666667,1.740229918466056,0.5233333333333333,0.31674664875927344
12,6,7,10,30,2,0.09066666666666667,0.9013333333333333,0.008,0.4986666666666667,0.033602150537634407,0.03866666666666667,0.030666666666666665,3.3586666666666667,2.311890838206627,0.04,0.688,0.272,0.64,0.15934065934065933,0.41733333333333333,0.14533333333333334,5.194,1.845724907063197,0.06533333333333334,0.7946666666666666,0.14,0.5693333333333334,0.09647140493914687,0.228,0.08800000000000001,4.2763333333333335,2.078807872634912,0.4986666666666667,0.3160276143211627
12,15,7,22,16,2,0.7693333333333333,0.22533333333333333,0.005333333333333333,0.6306666666666667,0.03284182305630027,0.024666666666666667,0.019333333333333334,3.5846666666666667,1.2991128010139419,0.8746666666666667,0.059333333333333335,0.066,0.5253333333333333,0.1998572448251249,0.208,0.142,4.339333333333333,1.4119388258510115,0.8220000000000001,0.14233333333333334,0.035666666666666666,0.5780000000000001,0.11634953394071258,0.11633333333333333,0.08066666666666666,3.9619999999999997,1.3555258134324766,0.5253333333333333,0.3154865734548092
15,15,7,22,30,1,0.174,0.826,0.0,0.5740000000000001,0.09066666666666667,0.004666666666666667,0.004666666666666667,3.763333333333333,1.9323843416370108,0.092,0.902,0.006,0.498,0.3796109993293092,0.12733333333333333,0.12133333333333333,5.344666666666667,1.4013081954597921,0.133,0.864,0.003,0.536,0.23513883299798793,0.066,0.063,4.554,1.6668462685484013,0.498,0.31537776659959765
15,15,5,10,25,1,0.058,0.9273333333333333,0.014666666666666666,0.4726666666666667,0.07442489851150202,0.07333333333333333,0.058666666666666666,2.732,2.3238469087340534,0.07466666666666667,0.8553333333333333,0.07,0.5446666666666666,0.22939068100358423,0.292,0.222,3.675333333333333,1.7920903954802259,0.06633333333333334,0.8913333333333333,0.042333333333333334,0.5086666666666666,0.15190778975754313,0.18266666666666664,0.14033333333333334,3.203666666666667,2.0579686521071396,0.4726666666666667,0.31516489128484193
15,15,6,18,16,2,0.758,0.24,0.002,0.642,0.11422845691382766,0.015333333333333332,0.013333333333333334,3.3193333333333332,1.2363184079601992,0.9,0.018666666666666668,0.08133333333333333,0.5,0.23367198838896952,0.22866666666666666,0.14733333333333334,3.8753333333333333,1.5391032325338896,0.829,0.12933333333333333,0.041666666666666664,0.571,0.1739502226513986,0.122,0.08033333333333334,3.5973333333333333,1.3877108202470443,0.5,0.3151400445302797
12,15,7,18,16,1,0.22466666666666665,0.7753333333333333,0.0,0.6246666666666667,0.005333333333333333,0.0,0.0,3.1646666666666667,1.519622093023256,0.366,0.634,0.0,0.766,0.02266666666666667,0.0,0.0,3.1646666666666667,1.1051975051975054,0.29533333333333334,0.7046666666666667,0.0,0.6953333333333334,0.014,0.0,0.0,3.1646666666666667,1.3124097991103807,0.6246666666666667,0.3151333333333334
12,10,7,10,30,2,0.096,0.894,0.01,0.506,0.024915824915824916,0.03266666666666666,0.02266666666666667,3.1886666666666668,2.329204693611473,0.06,0.7133333333333334,0.22666666666666666,0.66,0.1413793103448276,0.382,0.15533333333333332,5.102,1.868638538494998,0.078,0.8036666666666668,0.11833333333333333,0.583,0.08314756763032626,0.20733333333333334,0.089,4.145333333333333,2.0989216160532354,0.506,0.3140795135260652
15,10,5,10,30,1,0.026,0.9586666666666667,0.015333333333333332,0.44133333333333336,0.08666215301286391,0.10933333333333334,0.094,2.858,2.271055179090029,0.027333333333333334,0.8886666666666667,0.084,0.5113333333333333,0.2430858806404658,0.34,0.256,3.747333333333333,1.773698014237542,0.026666666666666665,0.9236666666666666,0.04966666666666667,0.47633333333333333,0.16487401682666486,0.22466666666666668,0.175,3.3026666666666666,2.0223765966637854,0.44133333333333336,0.31359147003199966
15,6,7,22,25,1,0.306,0.694,0.0,0.706,0.056666666666666664,0.0,0.0,3.7786666666666666,1.7234775947912677,0.116,0.882,0.002,0.518,0.37074148296593185,0.08,0.078,5.314,1.379283788987293,0.211,0.788,0.001,0.612,0.21370407481629924,0.04,0.039,4.546333333333333,1.5513806918892805,0.518,0.3135908149632599
15,10,6,14,30,1,0.064,0.936,0.0,0.46399999999999997,0.104,0.024666666666666667,0.024666666666666667,3.242,2.2200392927308448,0.024,0.948,0.028,0.45200000000000007,0.3772290809327846,0.25133333333333335,0.22333333333333333,4.592666666666666,1.5785953177257526,0.044,0.942,0.014,0.458,0.2406145404663923,0.138,0.124,3.917333333333333,1.8993173052282986,0.45200000000000007,0.3134229080932785
18,10,7,10,20,1,0.17066666666666666,0.8286666666666667,0.0006666666666666666,0.5713333333333332,0.02268178785857238,0.0033333333333333335,0.0026666666666666666,2.674,2.2693987235471953,0.206,0.774,0.02,0.6259999999999999,0.12585034013605442,0.092,0.072,3.8986666666666667,1.7005347593582887,0.18833333333333332,0.8013333333333333,0.010333333333333333,0.5986666666666666,0.0742660639973134,0.04766666666666666,0.03733333333333333,3.2863333333333333,1.9849667414527419,0.5713333333333332,0.3132698794661293
15,6,6,14,25,1,0.13333333333333333,0.8666666666666667,0.0,0.5333333333333333,0.11266666666666666,0.024666666666666667,0.024666666666666667,3.3193333333333332,2.066373179817135,0.044,0.938,0.018,0.4620000000000001,0.361846571622539,0.214,0.196,4.517333333333333,1.5727305869485966,0.08866666666666667,0.9023333333333333,0.009,0.4976666666666667,0.23725661914460283,0.11933333333333333,0.11033333333333334,3.918333333333333,1.8195518833828657,0.4620000000000001,0.3129013238289206
12,15,5,14,16,1,0.15466666666666667,0.8453333333333334,0.0,0.5546666666666666,0.09533333333333334,0.008,0.008,2.993333333333333,1.6731980405878235,0.266,0.734,0.0,0.666,0.18466666666666667,0.04,0.04,3.094,1.2113341204250296,0.21033333333333334,0.7896666666666667,0.0,0.6103333333333334,0.14,0.024,0.024,3.0436666666666667,1.4422660805064265,0.5546666666666666,0.31253333333333333
15,6,6,10,16,1,0.14866666666666667,0.8506666666666667,0.0006666666666666666,0.5493333333333333,0.08539026017344896,0.012,0.011333333333333334,2.747333333333333,2.1693086003372684,0.20533333333333334,0.794,0.0006666666666666666,0.606,0.2008005336891261,0.04466666666666667,0.044,3.533333333333333,1.5197719985749911,0.177,0.8223333333333334,0.0006666666666666666,0.5776666666666667,0.14309539693128753,0.028333333333333335,0.027666666666666666,3.1403333333333334,1.8445402994561297,0.5493333333333333,0.31168574605292415
15,10,7,22,16,2,0.8826666666666667,0.11733333333333333,0.0,0.5173333333333333,0.008,0.0013333333333333333,0.0013333333333333333,3.3613333333333335,1.6234541577825157,0.8886666666666667,0.008666666666666666,0.10266666666666667,0.5113333333333332,0.22585438335809807,0.262,0.15933333333333333,4.6466666666666665,1.795107033639144,0.8856666666666667,0.063,0.051333333333333335,0.5143333333333333,0.11692719167904904,0.13166666666666668,0.08033333333333333,4.004,1.7092805957108297,0.5113333333333332,0.3108521050024764
15,6,5,10,30,1,0.016666666666666666,0.964,0.019333333333333334,0.43599999999999994,0.10197144799456152,0.12133333333333333,0.102,2.949333333333333,2.28169014084507,0.018666666666666668,0.8933333333333333,0.088,0.5066666666666666,0.23903508771929824,0.32066666666666666,0.23266666666666666,3.728,1.7634011090573012,0.017666666666666667,0.9286666666666666,0.05366666666666667,0.47133333333333327,0.17050326785692987,0.221,0.16733333333333333,3.3386666666666667,2.0225456249511855,0.43599999999999994,0.31035065357138597
18,15,6,10,30,1,0.06733333333333333,0.9186666666666666,0.014,0.4813333333333334,0.06693711967545639,0.056666666666666664,0.042666666666666665,2.804666666666667,2.4420913302448706,0.078,0.792,0.13,0.608,0.1846743295019157,0.30266666666666664,0.17266666666666666,4.041333333333333,1.949483352468427,0.07266666666666666,0.8553333333333333,0.07200000000000001,0.5446666666666666,0.12580572458868605,0.17966666666666664,0.10766666666666666,3.423,2.195787341356649,0.4813333333333334,0.30892781158440386
15,10,6,10,16,1,0.14666666666666667,0.8526666666666667,0.0006666666666666666,0.5473333333333333,0.08939292861907938,0.010666666666666666,0.01,2.7413333333333334,2.1716796214937477,0.2826666666666667,0.716,0.0013333333333333333,0.6839999999999999,0.1882510013351135,0.04,0.03866666666666667,3.3546666666666667,1.501663585951941,0.21466666666666667,0.7843333333333333,0.001,0.6156666666666666,0.13882196497709642,0.025333333333333333,0.024333333333333335,3.048,1.8366716037228443,0.5473333333333333,0.30888105966208595
18,10,7,18,16,2,0.724,0.276,0.0,0.676,0.004666666666666667,0.0,0.0,3.239333333333333,1.2341463414634146,0.8733333333333333,0.05333333333333334,0.07333333333333333,0.5266666666666666,0.20431654676258992,0.2,0.12666666666666668,4.364,1.624570024570025,0.7986666666666666,0.16466666666666668,0.03666666666666667,0.6013333333333333,0.1044916067146283,0.1,0.06333333333333334,3.8016666666666667,1.4293581830167197,0.5266666666666666,0.308731654676259
12,15,6,18,20,1,0.14,0.86,0.0,0.54,0.11666666666666667,0.0,0.0,3.126,1.6914326341983648,0.15066666666666667,0.8493333333333334,0.0,0.5506666666666666,0.2673333333333333,0.002,0.002,3.558,1.2808726139462407,0.14533333333333334,0.8546666666666667,0.0,0.5453333333333333,0.192,0.001,0.001,3.3419999999999996,1.4861526240723029,0.54,0.3087
15,15,6,22,16,2,0.874,0.12466666666666666,0.0013333333333333333,0.526,0.11949265687583445,0.01,0.008666666666666666,3.3393333333333333,1.453005927180356,0.916,0.0026666666666666666,0.08133333333333333,0.484,0.23875181422351233,0.232,0.15066666666666667,3.8866666666666667,1.5568421052631576,0.895,0.06366666666666666,0.04133333333333333,0.505,0.17912223554967338,0.12100000000000001,0.07966666666666666,3.613,1.5049240162217568,0.484,0.30792444710993466
18,15,7,10,20,1,0.162,0.8366666666666667,0.0013333333333333333,0.5633333333333334,0.02336448598130841,0.008666666666666666,0.007333333333333333,2.596,2.284561049445005,0.2846666666666667,0.7006666666666667,0.014666666666666666,0.6993333333333334,0.11637347767253045,0.074,0.059333333333333335,3.678,1.6122672508214675,0.22333333333333333,0.7686666666666666,0.008,0.6313333333333333,0.06986898182691943,0.04133333333333333,0.03333333333333333,3.137,1.9484141501332362,0.5633333333333334,0.30684046303205054
18,15,7,10,25,1,0.13933333333333334,0.86,0.0006666666666666666,0.54,0.02401601067378252,0.012666666666666666,0.012,2.7826666666666666,2.2907635878626205,0.13066666666666665,0.8433333333333334,0.026,0.5566666666666666,0.14099931553730322,0.13333333333333333,0.10733333333333334,4.078,1.8614900314795382,0.135,0.8516666666666667,0.013333333333333332,0.5483333333333333,0.08250766310554286,0.073,0.059666666666666666,3.4303333333333335,2.0761268096710794,0.54,0.30640153262110864
12,15,6,14,16,1,0.16133333333333333,0.8386666666666667,0.0,0.5613333333333334,0.10066666666666667,0.0,0.0,3.002,1.655906349769422,0.2946666666666667,0.7053333333333334,0.0,0.6946666666666667,0.15066666666666667,0.0,0.0,3.032,1.224340770791075,0.228,0.772,0.0,0.628,0.12566666666666668,0.0,0.0,3.017,1.4401235602802485,0.5613333333333334,0.3058
18,15,7,22,16,1,0.7466666666666667,0.25133333333333335,0.002,0.6533333333333333,0.03740814963259853,0.015333333333333332,0.013333333333333334,3.3906666666666667,1.166883963494133,0.8746666666666667,0.11,0.015333333333333332,0.5253333333333333,0.1956668923493568,0.12,0.10466666666666667,3.884,1.4193548387096775,0.8106666666666666,0.18066666666666667,0.008666666666666666,0.5893333333333333,0.11653752099097767,0.06766666666666667,0.059000000000000004,3.6373333333333333,1.2931194011019054,0.5253333333333333,0.3049741708648622
15,6,6,14,30,1,0.06533333333333333,0.9333333333333333,0.0013333333333333333,0.4666666666666667,0.13351134846461948,0.024666666666666667,0.023333333333333334,3.3406666666666665,2.164164164164164,0.013333333333333334,0.964,0.02266666666666667,0.43599999999999994,0.369031377899045,0.232,0.20933333333333334,4.56,1.5970749542961609,0.03933333333333333,0.9486666666666667,0.012,0.4513333333333333,0.25127136318183224,0.12833333333333333,0.11633333333333334,3.950333333333333,1.8806195592301624,0.43599999999999994,0.30495427263636643
12,10,5,18,20,1,0.098,0.902,0.0,0.498,0.13466666666666666,0.014666666666666666,0.014666666666666666,3.148,1.6830562433675276,0.09266666666666666,0.9073333333333333,0.0,0.4926666666666667,0.30933333333333335,0.07733333333333334,0.07733333333333334,3.6693333333333333,1.330775134305449,0.09533333333333333,0.9046666666666667,0.0,0.49533333333333335,0.222,0.046,0.046,3.408666666666667,1.5069156888364883,0.4926666666666667,0.3045333333333334
12,15,5,22,30,1,0.03,0.97,0.0,0.43000000000000005,0.13133333333333333,0.034666666666666665,0.034666666666666665,3.2226666666666666,1.828414550446122,0.025333333333333333,0.9733333333333334,0.0013333333333333333,0.42666666666666664,0.3945260347129506,0.22333333333333333,0.222,3.994,1.3737451737451738,0.027666666666666666,0.9716666666666667,0.0006666666666666666,0.42833333333333334,0.262929684023142,0.129,0.12833333333333333,3.6083333333333334,1.601079862095648,0.42666666666666664,0.3045192701379617
12,15,7,22,20,1,0.20933333333333334,0.7906666666666666,0.0,0.6093333333333334,0.01,0.0,0.0,3.226,1.53880266075388,0.196,0.804,0.0,0.596,0.054,0.0,0.0,3.715333333333333,1.19006309148265,0.20266666666666666,0.7973333333333333,0.0,0.6026666666666667,0.032,0.0,0.0,3.4706666666666663,1.364432876118265,0.596,0.3044
12,15,7,10,30,2,0.076,0.9113333333333333,0.012666666666666666,0.4886666666666667,0.035111411208642807,0.037333333333333336,0.024666666666666667,3.1666666666666665,2.3976416639371108,0.07266666666666667,0.7473333333333333,0.18,0.6526666666666667,0.13983739837398373,0.3233333333333333,0.14333333333333334,4.926,1.961866125760649,0.07433333333333333,0.8293333333333333,0.09633333333333333,0.5706666666666667,0.08747440479131327,0.18033333333333332,0.084,4.046333333333333,2.1797538948488797,0.4886666666666667,0.301478214291596
15,15,7,10,16,1,0.184,0.816,0.0,0.5840000000000001,0.014666666666666666,0.0006666666666666666,0.0006666666666666666,2.7173333333333334,2.086782376502003,0.3433333333333333,0.6566666666666666,0.0,0.7433333333333334,0.068,0.002,0.002,3.1126666666666667,1.4071810542398775,0.26366666666666666,0.7363333333333333,0.0,0.6636666666666667,0.04133333333333333,0.0013333333333333333,0.0013333333333333333,2.915,1.7469817153709402,0.5840000000000001,0.30066666666666664
18,15,6,18,16,2,0.694,0.306,0.0,0.706,0.114,0.011333333333333334,0.011333333333333334,3.1886666666666668,1.0674418604651161,0.9086666666666666,0.03866666666666667,0.05266666666666667,0.4913333333333334,0.18578465869106264,0.17933333333333334,0.12666666666666668,3.644,1.448435094920472,0.8013333333333332,0.17233333333333334,0.026333333333333334,0.5986666666666667,0.14989232934553132,0.09533333333333334,0.069,3.416333333333333,1.257938477692794,0.4913333333333334,0.30029513253577295
12,6,6,22,20,1,0.162,0.838,0.0,0.562,0.152,0.0,0.0,3.276,1.5445103857566764,0.09533333333333334,0.9046666666666666,0.0,0.4953333333333334,0.37066666666666664,0.0,0.0,3.894,1.309346890887759,0.12866666666666668,0.8713333333333333,0.0,0.5286666666666667,0.2613333333333333,0.0,0.0,3.585,1.4269286383222177,0.4953333333333334,0.2999333333333334
12,10,7,18,16,1,0.18933333333333333,0.8106666666666666,0.0,0.5893333333333334,0.006666666666666667,0.0,0.0,3.195333333333333,1.4972597734746071,0.27266666666666667,0.7273333333333334,0.0,0.6726666666666666,0.025333333333333333,0.0,0.0,3.386,1.1638877592517283,0.23099999999999998,0.769,0.0,0.631,0.016,0.0,0.0,3.2906666666666666,1.3305737663631678,0.5893333333333334,0.29786666666666667
15,15,5,10,30,1,0.022,0.9673333333333334,0.010666666666666666,0.43266666666666664,0.07749326145552561,0.08333333333333333,0.07266666666666667,2.716666666666667,2.356314432989691,0.032,0.8673333333333333,0.10066666666666667,0.5326666666666666,0.22386953298739806,0.314,0.21333333333333335,3.716666666666667,1.845444059976932,0.027,0.9173333333333333,0.05566666666666667,0.48266666666666663,0.15068139722146184,0.19866666666666666,0.14300000000000002,3.216666666666667,2.1008792464833115,0.43266666666666664,0.2977196127776257
12,10,6,18,20,1,0.116,0.884,0.0,0.516,0.12733333333333333,0.0006666666666666666,0.0006666666666666666,3.1533333333333333,1.6828478964401294,0.10666666666666667,0.8933333333333333,0.0,0.5066666666666667,0.31533333333333335,0.0,0.0,3.6746666666666665,1.29933307179286,0.11133333333333334,0.8886666666666667,0.0,0.5113333333333334,0.22133333333333333,0.0003333333333333333,0.0003333333333333333,3.4139999999999997,1.4910904841164947,0.5066666666666667,0.2977
12,10,5,14,16,1,0.124,0.876,0.0,0.524,0.104,0.006666666666666667,0.006666666666666667,3.0166666666666666,1.6988577362409139,0.198,0.802,0.0,0.598,0.206,0.023333333333333334,0.023333333333333334,3.228,1.2835472578763125,0.161,0.839,0.0,0.5609999999999999,0.155,0.015000000000000001,0.015000000000000001,3.1223333333333336,1.4912024970586133,0.524,0.2975
15,6,7,14,20,1,0.228,0.772,0.0,0.628,0.029333333333333333,0.0006666666666666666,0.0006666666666666666,3.136,1.981592920353982,0.14266666666666666,0.856,0.0013333333333333333,0.544,0.19959946595460615,0.016,0.014666666666666666,4.374,1.429418303075213,0.18533333333333335,0.8140000000000001,0.0006666666666666666,0.5860000000000001,0.11446639964396974,0.008333333333333333,0.007666666666666666,3.755,1.7055056117145975,0.544,0.29729327992879395
15,10,7,18,25,1,0.194,0.806,0.0,0.594,0.056666666666666664,0.0006666666666666666,0.0006666666666666666,3.5693333333333332,1.916341722793336,0.096,0.9013333333333333,0.0026666666666666666,0.4986666666666667,0.32754010695187163,0.06333333333333334,0.06066666666666667,5.0,1.4024205748865357,0.14500000000000002,0.8536666666666667,0.0013333333333333333,0.5463333333333333,0.19210338680926914,0.032,0.03066666666666667,4.284666666666666,1.6593811488399357,0.4986666666666667,0.2971540106951872
18,10,7,10,25,1,0.118,0.8813333333333333,0.0006666666666666666,0.5186666666666666,0.03135423615743829,0.015333333333333332,0.014666666666666666,2.8853333333333335,2.300230946882217,0.08066666666666666,0.88,0.03933333333333333,0.52,0.14156835530881332,0.14066666666666666,0.10133333333333333,4.147333333333333,1.9043296089385473,0.09933333333333333,0.8806666666666667,0.02,0.5193333333333333,0.0864612957331258,0.078,0.057999999999999996,3.5163333333333333,2.102280277910382,0.5186666666666666,0.2970255924799584
12,10,5,22,25,1,0.048,0.952,0.0,0.44800000000000006,0.15533333333333332,0.028666666666666667,0.028666666666666667,3.302,1.7533286615276806,0.02666666666666667,0.972,0.0013333333333333333,0.42799999999999994,0.3885180240320427,0.158,0.15666666666666668,3.9633333333333334,1.3443504996156803,0.037333333333333336,0.962,0.0006666666666666666,0.438,0.271925678682688,0.09333333333333334,0.09266666666666667,3.6326666666666667,1.5488395805716806,0.42799999999999994,0.2962851357365376
15,15,6,10,20,1,0.11,0.89,0.0,0.51,0.064,0.01,0.01,2.6113333333333335,2.230541871921182,0.162,0.8353333333333334,0.0026666666666666666,0.5646666666666667,0.21323529411764705,0.06133333333333333,0.058666666666666666,3.538666666666667,1.6415694591728525,0.136,0.8626666666666667,0.0013333333333333333,0.5373333333333333,0.1386176470588235,0.035666666666666666,0.034333333333333334,3.075,1.9360556655470171,0.51,0.2932235294117647
18,6,7,10,25,1,0.13666666666666666,0.8593333333333333,0.004,0.5406666666666667,0.04551539491298527,0.018,0.014,3.0326666666666666,2.2659898477157356,0.05466666666666667,0.904,0.04133333333333333,0.496,0.16550764951321278,0.15866666666666668,0.11733333333333333,4.219333333333333,1.8968144044321331,0.09566666666666666,0.8816666666666666,0.02266666666666667,0.5183333333333333,0.10551152221309903,0.08833333333333333,0.06566666666666666,3.626,2.081402126073934,0.496,0.2922023044426198
15,10,7,22,30,1,0.17,0.8293333333333334,0.0006666666666666666,0.5706666666666667,0.061374249499666446,0.004,0.0033333333333333335,3.751333333333333,1.98443579766537,0.054,0.9393333333333334,0.006666666666666667,0.46066666666666667,0.38791946308724834,0.11066666666666666,0.104,5.403333333333333,1.3942196531791908,0.112,0.8843333333333334,0.003666666666666667,0.5156666666666667,0.2246468562934574,0.05733333333333333,0.05366666666666666,4.577333333333334,1.6893277254222805,0.46066666666666667,0.29191270459202484
15,10,6,10,20,1,0.09866666666666667,0.9013333333333333,0.0,0.4986666666666667,0.06666666666666667,0.008,0.008,2.636,2.259487512163477,0.11733333333333333,0.8773333333333333,0.005333333333333333,0.5226666666666666,0.23525469168900803,0.074,0.06866666666666667,3.679333333333333,1.696246930901438,0.108,0.8893333333333333,0.0026666666666666666,0.5106666666666666,0.15096067917783734,0.040999999999999995,0.03833333333333333,3.1576666666666666,1.9778672215324575,0.4986666666666667,0.2914254691689008
12,6,5,14,16,1,0.106,0.894,0.0,0.506,0.10333333333333333,0.004,0.004,3.034,1.7255717255717256,0.13933333333333334,0.8606666666666667,0.0,0.5393333333333333,0.23533333333333334,0.024,0.024,3.3373333333333335,1.3287981859410432,0.12266666666666667,0.8773333333333333,0.0,0.5226666666666666,0.16933333333333334,0.014,0.014,3.1856666666666666,1.5271849557563844,0.506,0.29106666666666664
18,10,7,22,16,2,0.85,0.15,0.0,0.55,0.0033333333333333335,0.0,0.0,3.271333333333333,1.4678706425871482,0.9126666666666666,0.013333333333333334,0.074,0.4873333333333334,0.21310295176385888,0.202,0.128,4.387333333333333,1.7104208416833664,0.8813333333333333,0.08166666666666667,0.037,0.5186666666666667,0.1082181425485961,0.101,0.064,3.8293333333333335,1.5891457421352573,0.4873333333333334,0.29006029517638593
12,6,5,18,20,1,0.09733333333333333,0.9026666666666666,0.0,0.4973333333333334,0.11666666666666667,0.009333333333333334,0.009333333333333334,3.1466666666666665,1.6597077244258875,0.06866666666666667,0.9313333333333333,0.0,0.4686666666666667,0.3273333333333333,0.06,0.06,3.698,1.3237627502833396,0.08299999999999999,0.917,0.0,0.48300000000000004,0.22199999999999998,0.034666666666666665,0.034666666666666665,3.4223333333333334,1.4917352373546136,0.4686666666666667,0.2891333333333333
12,10,6,14,16,1,0.11733333333333333,0.8826666666666667,0.0,0.5173333333333333,0.106,0.0,0.0,3.033333333333333,1.6713384723195515,0.21066666666666667,0.7893333333333333,0.0,0.6106666666666667,0.19733333333333333,0.0,0.0,3.2266666666666666,1.2500984639621897,0.164,0.8360000000000001,0.0,0.5640000000000001,0.15166666666666667,0.0,0.0,3.13,1.4607184681408705,0.5173333333333333,0.289
18,15,6,22,16,2,0.834,0.16533333333333333,0.0006666666666666666,0.5660000000000001,0.11941294196130754,0.0026666666666666666,0.002,3.232666666666667,1.3487804878048777,0.9346666666666666,0.012,0.05333333333333334,0.4653333333333334,0.19577464788732393,0.186,0.13266666666666665,3.6726666666666667,1.5117493472584858,0.8843333333333333,0.08866666666666667,0.027000000000000003,0.5156666666666667,0.15759379492431574,0.09433333333333334,0.06733333333333333,3.4526666666666666,1.4302649175316817,0.4653333333333334,0.28843542565152985
12,15,5,18,25,1,0.04,0.96,0.0,0.44000000000000006,0.12533333333333332,0.018666666666666668,0.018666666666666668,3.15,1.7940472117687307,0.03866666666666667,0.96,0.0013333333333333333,0.43999999999999995,0.31241655540720964,0.14066666666666666,0.13933333333333334,3.754,1.4261922785768357,0.03933333333333333,0.96,0.0006666666666666666,0.44,0.2188749443702715,0.07966666666666666,0.079,3.452,1.6101197451727831,0.43999999999999995,0.2875749888740543
12,6,5,22,25,1,0.050666666666666665,0.9493333333333334,0.0,0.45066666666666666,0.142,0.014,0.014,3.278,1.7271773347324235,0.019333333333333334,0.9806666666666667,0.0,0.41933333333333334,0.412,0.134,0.134,3.966,1.331786542923434,0.035,0.9650000000000001,0.0,0.435,0.27699999999999997,0.07400000000000001,0.07400000000000001,3.622,1.5294819388279288,0.41933333333333334,0.28726666666666667
15,15,7,18,16,2,0.7486666666666667,0.25066666666666665,0.0006666666666666666,0.6513333333333333,0.01467645096731154,0.0033333333333333335,0.0026666666666666666,3.320666666666667,1.195397658457812,0.9066666666666666,0.036,0.05733333333333333,0.4933333333333333,0.18882602545968882,0.15866666666666668,0.10133333333333333,4.010666666666666,1.5480961923847696,0.8276666666666667,0.1433333333333333,0.029,0.5723333333333334,0.10175123821350018,0.081,0.052,3.6656666666666666,1.3717469254212908,0.4933333333333333,0.28696691430936666
15,15,7,18,30,1,0.122,0.878,0.0,0.522,0.07133333333333333,0.0026666666666666666,0.0026666666666666666,3.552,2.055305910819219,0.062,0.934,0.004,0.46599999999999997,0.3353413654618474,0.08466666666666667,0.08066666666666666,5.0713333333333335,1.4488188976377954,0.092,0.906,0.002,0.494,0.20333734939759035,0.043666666666666666,0.041666666666666664,4.3116666666666665,1.7520624042285071,0.46599999999999997,0.28646746987951804
18,6,7,10,30,1,0.07933333333333334,0.9173333333333333,0.0033333333333333335,0.4826666666666667,0.05418060200668896,0.024,0.020666666666666667,3.175333333333333,2.3145108338804996,0.026,0.9253333333333333,0.048666666666666664,0.4746666666666667,0.16608269096005607,0.18133333333333335,0.13266666666666665,4.266666666666667,1.943632567849687,0.05266666666666667,0.9213333333333333,0.026,0.4786666666666667,0.11013164648337251,0.10266666666666667,0.07666666666666666,3.721,2.1290717008650932,0.4746666666666667,0.2862596626300079
12,10,5,22,30,1,0.021333333333333333,0.9786666666666667,0.0,0.42133333333333334,0.13266666666666665,0.023333333333333334,0.023333333333333334,3.2146666666666666,1.8252889191026516,0.006,0.9926666666666667,0.0013333333333333333,0.4073333333333333,0.3925233644859813,0.17266666666666666,0.17133333333333334,3.986666666666667,1.3500578927055191,0.013666666666666667,0.9856666666666667,0.0006666666666666666,0.41433333333333333,0.262595015576324,0.098,0.09733333333333334,3.6006666666666667,1.5876734059040853,0.4073333333333333,0.28548566978193146
15,6,7,10,16,1,0.148,0.852,0.0,0.548,0.020666666666666667,0.0006666666666666666,0.0006666666666666666,2.748,2.176490400808353,0.204,0.796,0.0,0.604,0.08733333333333333,0.0026666666666666666,0.0026666666666666666,3.541333333333333,1.5074733096085409,0.176,0.8240000000000001,0.0,0.5760000000000001,0.054,0.0016666666666666666,0.0016666666666666666,3.1446666666666667,1.8419818552084468,0.548,0.28529999999999994
15,6,7,18,25,1,0.21733333333333332,0.7826666666666666,0.0,0.6173333333333334,0.06333333333333334,0.0,0.0,3.6366666666666667,1.8853457542099605,0.07333333333333333,0.9253333333333333,0.0013333333333333333,0.4746666666666667,0.33044058744993327,0.04933333333333333,0.048,5.025333333333333,1.444235824258355,0.14533333333333331,0.854,0.0006666666666666666,0.546,0.1968869603916333,0.024666666666666667,0.024,4.3309999999999995,1.6647907892341578,0.4746666666666667,0.28401072541165995
15,10,7,10,16,1,0.146,0.854,0.0,0.546,0.02,0.0006666666666666666,0.0006666666666666666,2.7426666666666666,2.1768477894026326,0.2786666666666667,0.7213333333333334,0.0,0.6786666666666666,0.08,0.0033333333333333335,0.0033333333333333335,3.3606666666666665,1.5099630996309963,0.21233333333333332,0.7876666666666667,0.0,0.6123333333333334,0.05,0.002,0.002,3.0516666666666667,1.8434054445168144,0.546,0.2836000000000001
12,15,6,22,25,1,0.06866666666666667,0.9313333333333333,0.0,0.4686666666666667,0.144,0.0,0.0,3.31,1.791988756148981,0.06066666666666667,0.9393333333333334,0.0,0.46066666666666667,0.366,0.009333333333333334,0.009333333333333334,3.94,1.2997306656406309,0.06466666666666666,0.9353333333333333,0.0,0.4646666666666667,0.255,0.004666666666666667,0.004666666666666667,3.625,1.5458597108948058,0.46066666666666667,0.2827333333333333
12,15,7,14,16,1,0.16133333333333333,0.8386666666666667,0.0,0.5613333333333334,0.0026666666666666666,0.0,0.0,3.002,1.6562721474131823,0.29533333333333334,0.7046666666666667,0.0,0.6953333333333334,0.014666666666666666,0.0,0.0,3.032,1.2209585702680747,0.22833333333333333,0.7716666666666667,0.0,0.6283333333333334,0.008666666666666666,0.0,0.0,3.017,1.4386153588406285,0.5613333333333334,0.2824
12,6,7,18,16,1,0.15733333333333333,0.8426666666666667,0.0,0.5573333333333333,0.004,0.0,0.0,3.216666666666667,1.527392257121987,0.222,0.778,0.0,0.622,0.03133333333333333,0.0,0.0,3.5,1.2057302029446877,0.18966666666666665,0.8103333333333333,0.0,0.5896666666666667,0.017666666666666664,0.0,0.0,3.3583333333333334,1.3665612300333372,0.5573333333333333,0.2822
12,6,6,14,16,1,0.09666666666666666,0.9033333333333333,0.0,0.4966666666666667,0.12066666666666667,0.0,0.0,3.062666666666667,1.6769016050244243,0.15666666666666668,0.8433333333333334,0.0,0.5566666666666666,0.21333333333333335,0.0,0.0,3.3053333333333335,1.2886836027713624,0.12666666666666668,0.8733333333333333,0.0,0.5266666666666666,0.167,0.0,0.0,3.184,1.4827926038978934,0.4966666666666667,0.28173333333333334
12,15,5,14,20,1,0.07466666666666667,0.9253333333333333,0.0,0.4746666666666667,0.09733333333333333,0.012,0.012,2.968,1.7973387922210848,0.09666666666666666,0.9033333333333333,0.0,0.4966666666666667,0.22666666666666666,0.068,0.068,3.406,1.39540059347181,0.08566666666666667,0.9143333333333333,0.0,0.4856666666666667,0.16199999999999998,0.04,0.04,3.1870000000000003,1.5963696928464475,0.4746666666666667,0.28173333333333334
15,6,6,10,20,1,0.08733333333333333,0.9126666666666666,0.0,0.4873333333333334,0.07066666666666667,0.008,0.008,2.6493333333333333,2.268123138033763,0.07733333333333334,0.9213333333333333,0.0013333333333333333,0.4786666666666667,0.23030707610146864,0.07266666666666667,0.07133333333333333,3.7586666666666666,1.6820512820512818,0.08233333333333334,0.917,0.0006666666666666666,0.48300000000000004,0.15048687138406766,0.04033333333333333,0.03966666666666667,3.2039999999999997,1.9750872100425225,0.4786666666666667,0.2814307076101469
18,10,7,10,30,1,0.07266666666666667,0.924,0.0033333333333333335,0.476,0.05016722408026756,0.020666666666666667,0.017333333333333333,2.9993333333333334,2.3850931677018634,0.029333333333333333,0.9133333333333333,0.05733333333333333,0.4866666666666667,0.14144271570014144,0.168,0.11066666666666666,4.24,1.9852476290832455,0.051000000000000004,0.9186666666666667,0.030333333333333334,0.48133333333333334,0.0958049698902045,0.09433333333333334,0.064,3.619666666666667,2.1851703983925543,0.476,0.28091099397804087
15,6,7,22,30,1,0.19733333333333333,0.8026666666666666,0.0,0.5973333333333334,0.06933333333333333,0.002,0.002,3.788,1.8814114223353946,0.034,0.964,0.002,0.43600000000000005,0.4021376085504342,0.102,0.1,5.447333333333333,1.4089162182936203,0.11566666666666667,0.8833333333333333,0.001,0.5166666666666667,0.23573547094188374,0.052,0.051000000000000004,4.617666666666667,1.6451638203145076,0.43600000000000005,0.28059709418837675
12,6,5,22,30,1,0.019333333333333334,0.9806666666666667,0.0,0.41933333333333334,0.12466666666666666,0.011333333333333334,0.011333333333333334,3.207333333333333,1.8158967391304346,0.004,0.996,0.0,0.404,0.42533333333333334,0.144,0.144,3.988,1.3245851022771131,0.011666666666666667,0.9883333333333333,0.0,0.4116666666666667,0.275,0.07766666666666666,0.07766666666666666,3.5976666666666666,1.5702409207037737,0.404,0.2803
12,6,6,18,20,1,0.10666666666666667,0.8933333333333333,0.0,0.5066666666666667,0.13066666666666665,0.0,0.0,3.175333333333333,1.686695278969957,0.066,0.934,0.0,0.46599999999999997,0.328,0.0,0.0,3.732,1.3295063145809416,0.08633333333333335,0.9136666666666666,0.0,0.48633333333333334,0.22933333333333333,0.0,0.0,3.453666666666667,1.5081007967754494,0.46599999999999997,0.27886666666666665
15,15,7,14,25,1,0.12266666666666666,0.8773333333333333,0.0,0.5226666666666667,0.04933333333333333,0.0033333333333333335,0.0033333333333333335,3.264,2.12684264655468,0.09,0.9093333333333333,0.0006666666666666666,0.4906666666666667,0.22815210140093395,0.034666666666666665,0.034,4.474666666666667,1.5038084874863982,0.10633333333333334,0.8933333333333333,0.0003333333333333333,0.5066666666666667,0.13874271736713364,0.019,0.018666666666666668,3.8693333333333335,1.815325567020539,0.4906666666666667,0.27873187680676015
12,15,5,18,30,1,0.016,0.984,0.0,0.41600000000000004,0.104,0.020666666666666667,0.020666666666666667,3.06,1.8955877399797914,0.015333333333333332,0.984,0.0006666666666666666,0.41600000000000004,0.3268845897264843,0.156,0.15533333333333332,3.787333333333333,1.4382022471910112,0.015666666666666666,0.984,0.0003333333333333333,0.41600000000000004,0.21544229486324215,0.08833333333333333,0.088,3.4236666666666666,1.6668949935854012,0.41600000000000004,0.2775384589726484
18,15,7,10,30,1,0.064,0.9333333333333333,0.0026666666666666666,0.4666666666666667,0.03542780748663102,0.016,0.013333333333333334,2.820666666666667,2.4424083769633507,0.05333333333333334,0.9046666666666666,0.042,0.4953333333333334,0.1489213639526792,0.166,0.124,4.219333333333333,2.0,0.05866666666666667,0.919,0.022333333333333334,0.48100000000000004,0.0921745857196551,0.091,0.06866666666666667,3.52,2.2212041884816753,0.4666666666666667,0.27571825047726434
12,10,7,22,20,1,0.17733333333333334,0.8226666666666667,0.0,0.5773333333333334,0.008,0.0,0.0,3.268,1.5277572168763878,0.13866666666666666,0.8613333333333333,0.0,0.5386666666666667,0.05466666666666667,0.0,0.0,3.8273333333333333,1.2544802867383513,0.158,0.842,0.0,0.558,0.03133333333333334,0.0,0.0,3.5476666666666663,1.3911187518073695,0.5386666666666667,0.2756
18,15,7,18,16,2,0.694,0.306,0.0,0.706,0.012,0.0026666666666666666,0.0026666666666666666,3.192,1.0720092915214867,0.916,0.04,0.044,0.484,0.1708507670850767,0.11866666666666667,0.07466666666666667,3.7953333333333332,1.4873323397913563,0.8049999999999999,0.173,0.022,0.595,0.09142538354253836,0.06066666666666667,0.03866666666666667,3.493666666666667,1.2796708156564214,0.484,0.27518507670850767
12,15,7,18,20,1,0.14,0.86,0.0,0.54,0.004666666666666667,0.0,0.0,3.126,1.6908315565031982,0.152,0.848,0.0,0.552,0.038,0.0,0.0,3.56,1.27803738317757,0.14600000000000002,0.854,0.0,0.546,0.021333333333333333,0.0,0.0,3.343,1.4844344698403842,0.54,0.27426666666666666
12,10,6,22,25,1,0.058666666666666666,0.9413333333333334,0.0,0.45866666666666667,0.152,0.0,0.0,3.3106666666666666,1.7538787023977431,0.038,0.962,0.0,0.43800000000000006,0.3973333333333333,0.002,0.002,3.9753333333333334,1.3294255568581477,0.04833333333333333,0.9516666666666667,0.0,0.44833333333333336,0.27466666666666667,0.001,0.001,3.643,1.5416521296279453,0.43800000000000006,0.27423333333333333
15,15,7,22,16,2,0.8626666666666667,0.13666666666666666,0.0006666666666666666,0.5373333333333333,0.01734489659773182,0.002,0.0013333333333333333,3.3506666666666667,1.428871170793118,0.9346666666666666,0.007333333333333333,0.058,0.4653333333333334,0.19179051663128097,0.16266666666666665,0.10466666666666667,4.034,1.577335375191424,0.8986666666666667,0.072,0.029333333333333336,0.5013333333333334,0.1045677066145064,0.08233333333333333,0.053000000000000005,3.692333333333333,1.503103272992271,0.4653333333333334,0.27388020798956797
12,10,5,18,25,1,0.02666666666666667,0.9733333333333334,0.0,0.42666666666666664,0.13333333333333333,0.014,0.014,3.1613333333333333,1.8319039451114925,0.015333333333333332,0.984,0.0006666666666666666,0.41600000000000004,0.33555703802535025,0.10533333333333333,0.10466666666666667,3.764666666666667,1.3891402714932126,0.021,0.9786666666666667,0.0003333333333333333,0.42133333333333334,0.2344451856793418,0.059666666666666666,0.059333333333333335,3.463,1.6105221083023524,0.41600000000000004,0.27273903713586845
12,15,6,14,20,1,0.08666666666666667,0.9133333333333333,0.0,0.4866666666666667,0.08533333333333333,0.0,0.0,2.918,1.8651685393258426,0.11133333333333334,0.8886666666666667,0.0,0.5113333333333333,0.198,0.0013333333333333333,0.0013333333333333333,3.3526666666666665,1.4441913439635534,0.099,0.901,0.0,0.499,0.14166666666666666,0.0006666666666666666,0.0006666666666666666,3.1353333333333335,1.654679941644698,0.4866666666666667,0.27186666666666665
15,15,6,10,25,1,0.04733333333333333,0.9513333333333334,0.0013333333333333333,0.44866666666666666,0.08210947930574099,0.016666666666666666,0.015333333333333332,2.7786666666666666,2.3455258001306336,0.048666666666666664,0.9433333333333334,0.008,0.45666666666666667,0.22580645161290322,0.096,0.088,3.7413333333333334,1.792234332425068,0.048,0.9473333333333334,0.004666666666666667,0.45266666666666666,0.1539579654593221,0.05633333333333333,0.051666666666666666,3.26,2.068880066277851,0.44866666666666666,0.27132492642519773
12,10,5,14,20,1,0.056,0.944,0.0,0.45600000000000007,0.108,0.006666666666666667,0.006666666666666667,2.9546666666666668,1.8125213821416353,0.056666666666666664,0.9433333333333334,0.0,0.45666666666666667,0.24666666666666667,0.04066666666666666,0.04066666666666666,3.445333333333333,1.4078705406399412,0.05633333333333333,0.9436666666666667,0.0,0.45633333333333337,0.17733333333333334,0.023666666666666666,0.023666666666666666,3.2,1.6101959613907884,0.45600000000000007,0.2705666666666667
15,10,7,18,30,1,0.11533333333333333,0.8846666666666667,0.0,0.5153333333333333,0.04666666666666667,0.0013333333333333333,0.0013333333333333333,3.5566666666666666,2.097644247183339,0.03133333333333333,0.9646666666666667,0.004,0.43533333333333335,0.35207496653279785,0.08266666666666667,0.07866666666666666,5.113333333333333,1.4429808054196462,0.07333333333333333,0.9246666666666667,0.002,0.47533333333333333,0.19937081659973227,0.042,0.04,4.335,1.7703125263014927,0.43533333333333335,0.2698408299866132
15,10,6,10,25,1,0.046,0.9533333333333334,0.0006666666666666666,0.44666666666666666,0.07871914609739826,0.014666666666666666,0.014,2.808,2.3167362672663026,0.028666666666666667,0.9613333333333334,0.01,0.43866666666666665,0.24983164983164982,0.10266666666666667,0.09266666666666666,3.828666666666667,1.7938144329896908,0.03733333333333333,0.9573333333333334,0.005333333333333333,0.44266666666666665,0.16427539796452403,0.058666666666666666,0.05333333333333333,3.3183333333333334,2.055275350127997,0.43866666666666665,0.2689884129262381
15,15,7,10,20,1,0.10933333333333334,0.8906666666666667,0.0,0.5093333333333333,0.018,0.002,0.002,2.6126666666666667,2.2320078869536646,0.15733333333333333,0.8426666666666667,0.0,0.5573333333333333,0.11066666666666666,0.006666666666666667,0.006666666666666667,3.554666666666667,1.6524797748856843,0.13333333333333333,0.8666666666666667,0.0,0.5333333333333333,0.06433333333333333,0.004333333333333333,0.004333333333333333,3.083666666666667,1.9422438309196743,0.5093333333333333,0.26883333333333326
12,6,6,22,25,1,0.037333333333333336,0.9626666666666667,0.0,0.43733333333333335,0.142,0.0,0.0,3.3186666666666667,1.7653167185877465,0.024666666666666667,0.9753333333333334,0.0,0.42466666666666664,0.4073333333333333,0.0,0.0,3.986,1.3437013996889582,0.031,0.9690000000000001,0.0,0.431,0.27466666666666667,0.0,0.0,3.6523333333333334,1.5545090591383524,0.42466666666666664,0.26726666666666665
12,10,6,14,20,1,0.07266666666666667,0.9273333333333333,0.0,0.4726666666666667,0.09,0.0,0.0,2.9273333333333333,1.808748728382503,0.06533333333333333,0.9346666666666666,0.0,0.4653333333333334,0.24466666666666667,0.0,0.0,3.465333333333333,1.404447794949114,0.069,0.931,0.0,0.46900000000000003,0.16733333333333333,0.0,0.0,3.1963333333333335,1.6065982616658085,0.4653333333333334,0.26613333333333333
12,10,5,18,30,1,0.011333333333333334,0.9886666666666667,0.0,0.41133333333333333,0.116,0.013333333333333334,0.013333333333333334,3.062,1.8568082970893278,0.002,0.9973333333333333,0.0006666666666666666,0.40266666666666673,0.3362241494329553,0.11333333333333333,0.11266666666666666,3.7746666666666666,1.3971363978899771,0.006666666666666667,0.993,0.0003333333333333333,0.40700000000000003,0.22611207471647765,0.06333333333333332,0.063,3.418333333333333,1.6269723474896525,0.40266666666666673,0.26550574827662893
12,15,6,18,25,1,0.042,0.958,0.0,0.44200000000000006,0.12466666666666666,0.0,0.0,3.1593333333333335,1.8469457789979409,0.042,0.958,0.0,0.44200000000000006,0.312,0.004,0.004,3.738,1.3793626707132018,0.042,0.958,0.0,0.44200000000000006,0.21833333333333332,0.002,0.002,3.448666666666667,1.6131542248555713,0.44200000000000006,0.26526666666666676
12,6,5,18,25,1,0.026,0.974,0.0,0.42600000000000005,0.122,0.010666666666666666,0.010666666666666666,3.1506666666666665,1.7767978290366349,0.009333333333333334,0.9906666666666667,0.0,0.4093333333333333,0.3546666666666667,0.07466666666666667,0.07466666666666667,3.771333333333333,1.3674313651748777,0.017666666666666667,0.9823333333333333,0.0,0.4176666666666667,0.23833333333333334,0.04266666666666667,0.04266666666666667,3.461,1.5721145971057564,0.4093333333333333,0.2651333333333334
12,15,5,10,16,1,0.08066666666666666,0.9193333333333333,0.0,0.4806666666666667,0.06533333333333333,0.008,0.008,2.662,1.926845637583893,0.19333333333333333,0.8066666666666666,0.0,0.5933333333333334,0.12733333333333333,0.024666666666666667,0.024666666666666667,2.8406666666666665,1.4193548387096773,0.137,0.863,0.0,0.537,0.09633333333333333,0.01633333333333333,0.01633333333333333,2.751333333333333,1.6731002381467852,0.4806666666666667,0.2645
15,10,7,10,20,1,0.09866666666666667,0.9013333333333333,0.0,0.4986666666666667,0.02266666666666667,0.0,0.0,2.636,2.2568093385214008,0.116,0.8833333333333333,0.0006666666666666666,0.5166666666666666,0.1114076050700467,0.009333333333333334,0.008666666666666666,3.694,1.6948798328108672,0.10733333333333334,0.8923333333333333,0.0003333333333333333,0.5076666666666667,0.06703713586835669,0.004666666666666667,0.004333333333333333,3.165,1.975844585666134,0.4986666666666667,0.26409076050700464
15,15,6,10,30,1,0.023333333333333334,0.9753333333333334,0.0013333333333333333,0.42466666666666664,0.08477970627503338,0.02,0.018666666666666668,2.768,2.3796088489900606,0.016666666666666666,0.9726666666666667,0.010666666666666666,0.42733333333333334,0.23652291105121293,0.116,0.10533333333333333,3.7946666666666666,1.8309572301425665,0.02,0.974,0.006,0.426,0.16065130866312316,0.068,0.062,3.2813333333333334,2.105283039566314,0.42466666666666664,0.2639635950659579
12,6,5,14,20,1,0.051333333333333335,0.9486666666666667,0.0,0.45133333333333336,0.10533333333333333,0.004,0.004,2.9673333333333334,1.8,0.042,0.958,0.0,0.44200000000000006,0.2613333333333333,0.03333333333333333,0.03333333333333333,3.472,1.411378555798687,0.04666666666666667,0.9533333333333334,0.0,0.4466666666666667,0.18333333333333332,0.018666666666666665,0.018666666666666665,3.219666666666667,1.6056892778993435,0.44200000000000006,0.26326666666666676
18,15,7,22,16,2,0.834,0.166,0.0,0.5660000000000001,0.008666666666666666,0.0013333333333333333,0.0013333333333333333,3.2346666666666666,1.3483556638246041,0.9433333333333334,0.012,0.04466666666666667,0.45666666666666667,0.17445917655268667,0.12266666666666666,0.078,3.828666666666667,1.5379170879676443,0.8886666666666667,0.08900000000000001,0.022333333333333334,0.5113333333333334,0.09156292160967666,0.062,0.03966666666666667,3.5316666666666667,1.4431363758961242,0.45666666666666667,0.26189591765526865
15,10,6,10,30,1,0.016666666666666666,0.9833333333333333,0.0,0.41666666666666674,0.07933333333333334,0.019333333333333334,0.019333333333333334,2.806,2.366277233975371,0.006,0.9813333333333333,0.012666666666666666,0.41866666666666674,0.25523295070898044,0.118,0.10533333333333333,3.872,1.8020547945205478,0.011333333333333334,0.9823333333333333,0.006333333333333333,0.41766666666666674,0.1672831420211569,0.06866666666666667,0.06233333333333334,3.339,2.0841660142479594,0.41666666666666674,0.2614399617375648
12,6,5,18,30,1,0.008666666666666666,0.9913333333333333,0.0,0.40866666666666673,0.10733333333333334,0.009333333333333334,0.009333333333333334,3.0613333333333332,1.8473842052649116,0.0006666666666666666,0.9993333333333333,0.0,0.4006666666666667,0.366,0.08066666666666666,0.08066666666666666,3.7866666666666666,1.3693693693693694,0.004666666666666666,0.9953333333333333,0.0,0.40466666666666673,0.23666666666666666,0.045,0.045,3.424,1.6083767873171406,0.4006666666666667,0.26116666666666666
15,6,6,10,25,1,0.042,0.9573333333333334,0.0006666666666666666,0.44266666666666665,0.0913942628418946,0.020666666666666667,0.02,2.9513333333333334,2.284057971014493,0.018666666666666668,0.9766666666666667,0.004666666666666667,0.42333333333333334,0.23375753516409914,0.094,0.08933333333333333,3.862,1.757473967080954,0.030333333333333337,0.9670000000000001,0.002666666666666667,0.433,0.16257589900299688,0.05733333333333333,0.05466666666666667,3.4066666666666667,2.0207659690477238,0.42333333333333334,0.260981846467266
12,15,6,10,16,1,0.08933333333333333,0.9106666666666666,0.0,0.4893333333333334,0.05533333333333333,0.0,0.0,2.6306666666666665,1.9356136820925554,0.222,0.778,0.0,0.622,0.10466666666666667,0.0,0.0,2.8073333333333332,1.477238239757208,0.15566666666666668,0.8443333333333334,0.0,0.5556666666666668,0.08,0.0,0.0,2.719,1.7064259609248817,0.4893333333333334,0.2606666666666667
15,10,7,14,25,1,0.13066666666666665,0.8693333333333333,0.0,0.5306666666666667,0.037333333333333336,0.0006666666666666666,0.0006666666666666666,3.2413333333333334,2.087665647298675,0.054,0.944,0.002,0.45600000000000007,0.24382097528390115,0.028666666666666667,0.02666666666666667,4.5633333333333335,1.5284256559766762,0.09233333333333332,0.9066666666666666,0.001,0.4933333333333334,0.14057715430861725,0.014666666666666666,0.013666666666666667,3.9023333333333334,1.8080456516376757,0.45600000000000007,0.2603654308617235
12,10,7,14,16,1,0.11666666666666667,0.8833333333333333,0.0,0.5166666666666667,0.0026666666666666666,0.0,0.0,3.033333333333333,1.6728546409807352,0.21133333333333335,0.7886666666666666,0.0,0.6113333333333334,0.015333333333333332,0.0,0.0,3.228666666666667,1.247244094488189,0.164,0.836,0.0,0.5640000000000001,0.009,0.0,0.0,3.1310000000000002,1.4600493677344621,0.5166666666666667,0.2601333333333334
12,10,6,18,25,1,0.032,0.968,0.0,0.43200000000000005,0.128,0.0,0.0,3.1553333333333335,1.8478854024556617,0.025333333333333333,0.9746666666666667,0.0,0.42533333333333334,0.3406666666666667,0.002,0.002,3.784,1.3833718244803694,0.028666666666666667,0.9713333333333334,0.0,0.4286666666666667,0.23433333333333334,0.001,0.001,3.469666666666667,1.6156286134680156,0.42533333333333334,0.2598333333333333
15,6,7,18,30,1,0.12666666666666668,0.8733333333333333,0.0,0.5266666666666667,0.056,0.002,0.002,3.6106666666666665,2.03178991015895,0.017333333333333333,0.9806666666666667,0.002,0.41933333333333334,0.3500334001336005,0.06266666666666666,0.06066666666666667,5.116666666666666,1.4692508386134921,0.07200000000000001,0.927,0.001,0.47300000000000003,0.20301670006680025,0.03233333333333333,0.03133333333333333,4.363666666666666,1.750520374386221,0.41933333333333334,0.25982000668002675
12,15,6,22,30,1,0.032,0.968,0.0,0.43200000000000005,0.12,0.0,0.0,3.21,1.8639781271360216,0.013333333333333334,0.9866666666666667,0.0,0.41333333333333333,0.38333333333333336,0.014,0.014,4.007333333333333,1.3443504996156803,0.02266666666666667,0.9773333333333334,0.0,0.4226666666666667,0.2516666666666667,0.007,0.007,3.6086666666666667,1.604164313375851,0.41333333333333333,0.2591
12,15,5,14,25,1,0.021333333333333333,0.9786666666666667,0.0,0.42133333333333334,0.10066666666666667,0.014,0.014,2.968,1.8521220159151193,0.016666666666666666,0.9826666666666667,0.0006666666666666666,0.41733333333333333,0.24816544362908605,0.08933333333333333,0.08866666666666667,3.514,1.5131386861313867,0.019,0.9806666666666667,0.0003333333333333333,0.41933333333333334,0.17441605514787636,0.051666666666666666,0.051333333333333335,3.2409999999999997,1.682630351023253,0.41733333333333333,0.25899987769624194
12,10,6,22,30,1,0.023333333333333334,0.9766666666666667,0.0,0.42333333333333334,0.134,0.0006666666666666666,0.0006666666666666666,3.224666666666667,1.8430034129692834,0.006666666666666667,0.9933333333333333,0.0,0.40666666666666673,0.4026666666666667,0.0033333333333333335,0.0033333333333333335,4.014666666666667,1.3356807511737088,0.015000000000000001,0.985,0.0,0.41500000000000004,0.2683333333333333,0.002,0.002,3.619666666666667,1.589342082071496,0.40666666666666673,0.25760000000000005
12,10,7,18,20,1,0.116,0.884,0.0,0.516,0.005333333333333333,0.0,0.0,3.1533333333333333,1.6788793103448274,0.10666666666666667,0.8933333333333333,0.0,0.5066666666666667,0.034666666666666665,0.0,0.0,3.675333333333333,1.2949471210340775,0.11133333333333334,0.8886666666666667,0.0,0.5113333333333334,0.02,0.0,0.0,3.4143333333333334,1.4869132156894524,0.5066666666666667,0.25733333333333336
15,6,6,10,30,1,0.016,0.9833333333333333,0.0006666666666666666,0.41666666666666674,0.09673115410273515,0.018666666666666668,0.018,2.936,2.2614795918367343,0.0033333333333333335,0.9913333333333333,0.005333333333333333,0.4086666666666666,0.2432975871313673,0.106,0.10066666666666667,3.892,1.760913364674278,0.009666666666666667,0.9873333333333333,0.003,0.4126666666666667,0.1700143706170512,0.06233333333333333,0.059333333333333335,3.4139999999999997,2.0111964782555063,0.4086666666666666,0.25658620745674354
12,6,6,22,30,1,0.018,0.982,0.0,0.41800000000000004,0.12133333333333333,0.0,0.0,3.194,1.818610923803102,0.002,0.998,0.0,0.402,0.426,0.0,0.0,4.012,1.3315196268946756,0.009999999999999998,0.99,0.0,0.41000000000000003,0.27366666666666667,0.0,0.0,3.6029999999999998,1.575065275348889,0.402,0.25573333333333337
12,6,6,14,20,1,0.062,0.938,0.0,0.4620000000000001,0.1,0.0,0.0,2.968,1.823851953392735,0.04,0.96,0.0,0.44000000000000006,0.25333333333333335,0.0,0.0,3.4793333333333334,1.4138569840681734,0.051000000000000004,0.949,0.0,0.45100000000000007,0.1766666666666667,0.0,0.0,3.2236666666666665,1.6188544687304542,0.44000000000000006,0.25533333333333336
12,6,6,18,25,1,0.024,0.976,0.0,0.42400000000000004,0.11866666666666667,0.0,0.0,3.162,1.8458390177353343,0.016,0.984,0.0,0.41600000000000004,0.35133333333333333,0.0,0.0,3.7946666666666666,1.3723404255319147,0.02,0.98,0.0,0.42000000000000004,0.235,0.0,0.0,3.4783333333333335,1.6090897216336244,0.41600000000000004,0.255
12,6,7,22,20,1,0.162,0.838,0.0,0.562,0.008666666666666666,0.0,0.0,3.2773333333333334,1.541141586360267,0.09533333333333334,0.9046666666666666,0.0,0.4953333333333334,0.058,0.0,0.0,3.8973333333333335,1.3059788980070342,0.12866666666666668,0.8713333333333333,0.0,0.5286666666666667,0.03333333333333333,0.0,0.0,3.5873333333333335,1.4235602421836506,0.4953333333333334,0.25433333333333336
12,15,5,14,30,1,0.006,0.994,0.0,0.406,0.08933333333333333,0.012666666666666666,0.012666666666666666,2.8686666666666665,1.9285004965243293,0.006,0.994,0.0,0.406,0.2613333333333333,0.09533333333333334,0.09533333333333334,3.5326666666666666,1.5190424374319913,0.006,0.994,0.0,0.406,0.1753333333333333,0.054000000000000006,0.054000000000000006,3.2006666666666668,1.7237714669781603,0.406,0.2542666666666667
15,6,7,10,20,1,0.08733333333333333,0.9126666666666666,0.0,0.4873333333333334,0.027333333333333334,0.0,0.0,2.6486666666666667,2.270592127026133,0.07533333333333334,0.9246666666666666,0.0,0.4753333333333334,0.116,0.005333333333333333,0.005333333333333333,3.776,1.6675805346127486,0.08133333333333334,0.9186666666666666,0.0,0.4813333333333334,0.07166666666666667,0.0026666666666666666,0.0026666666666666666,3.2123333333333335,1.9690863308194406,0.4753333333333334,0.2528
15,15,7,14,30,1,0.066,0.934,0.0,0.46599999999999997,0.042666666666666665,0.0013333333333333333,0.0013333333333333333,3.2386666666666666,2.231355651309247,0.028666666666666667,0.9686666666666667,0.0026666666666666666,0.43133333333333335,0.2520053475935829,0.048666666666666664,0.046,4.604666666666667,1.5630614444843693,0.04733333333333334,0.9513333333333334,0.0013333333333333333,0.44866666666666666,0.1473360071301248,0.024999999999999998,0.023666666666666666,3.921666666666667,1.8972085478968084,0.43133333333333335,0.25243386809269164
15,6,7,14,25,1,0.13333333333333333,0.8666666666666667,0.0,0.5333333333333333,0.043333333333333335,0.0,0.0,3.320666666666667,2.0688956433637284,0.03933333333333333,0.9593333333333334,0.0013333333333333333,0.44066666666666665,0.2383177570093458,0.024,0.02266666666666667,4.565333333333333,1.5389048991354466,0.08633333333333333,0.913,0.0006666666666666666,0.487,0.14082554517133955,0.012,0.011333333333333334,3.943,1.8039002712495875,0.44066666666666665,0.2519984423676012
12,10,5,10,16,1,0.05533333333333333,0.9446666666666667,0.0,0.45533333333333337,0.06733333333333333,0.006,0.006,2.6486666666666667,1.9558676028084254,0.14133333333333334,0.8586666666666667,0.0,0.5413333333333333,0.13533333333333333,0.014666666666666666,0.014666666666666666,2.962,1.4651933701657458,0.09833333333333333,0.9016666666666666,0.0,0.49833333333333335,0.10133333333333333,0.010333333333333333,0.010333333333333333,2.8053333333333335,1.7105304864870856,0.45533333333333337,0.25103333333333333
12,6,7,14,16,1,0.09666666666666666,0.9033333333333333,0.0,0.4966666666666667,0.0033333333333333335,0.0,0.0,3.062666666666667,1.6769016050244243,0.15666666666666668,0.8433333333333334,0.0,0.5566666666666666,0.014,0.0,0.0,3.306,1.2863741339491916,0.12666666666666668,0.8733333333333333,0.0,0.5266666666666666,0.008666666666666666,0.0,0.0,3.1843333333333335,1.481637869486808,0.4966666666666667,0.25006666666666666
12,6,5,10,16,1,0.05266666666666667,0.9473333333333334,0.0,0.45266666666666666,0.066,0.0026666666666666666,0.0026666666666666666,2.652,1.9899598393574296,0.08133333333333333,0.9186666666666666,0.0,0.4813333333333334,0.15,0.009333333333333334,0.009333333333333334,3.042,1.516672642524202,0.067,0.933,0.0,0.467,0.108,0.006,0.006,2.847,1.7533162409408158,0.45266666666666666,0.24973333333333336
12,10,5,14,25,1,0.009333333333333334,0.9906666666666667,0.0,0.4093333333333333,0.10866666666666666,0.008,0.008,2.9473333333333334,1.9065232010759916,0.004,0.996,0.0,0.404,0.2613333333333333,0.05733333333333333,0.05733333333333333,3.5086666666666666,1.456987295825771,0.006666666666666667,0.9933333333333334,0.0,0.4066666666666667,0.185,0.03266666666666666,0.03266666666666666,3.2279999999999998,1.6817552484508813,0.404,0.2488
12,10,6,18,30,1,0.014,0.986,0.0,0.41400000000000003,0.11,0.0006666666666666666,0.0006666666666666666,3.0713333333333335,1.9048582995951417,0.004,0.996,0.0,0.404,0.3473333333333333,0.0026666666666666666,0.0026666666666666666,3.812666666666667,1.3879907621247112,0.009000000000000001,0.991,0.0,0.40900000000000003,0.22866666666666666,0.0016666666666666666,0.0016666666666666666,3.442,1.6464245308599263,0.404,0.24823333333333336
12,15,6,18,30,1,0.02266666666666667,0.9773333333333334,0.0,0.42266666666666663,0.10466666666666667,0.0,0.0,3.0573333333333332,1.901550910316925,0.006666666666666667,0.9933333333333333,0.0,0.40666666666666673,0.32466666666666666,0.008666666666666666,0.008666666666666666,3.788666666666667,1.4108292313517605,0.014666666666666668,0.9853333333333334,0.0,0.4146666666666667,0.21466666666666667,0.004333333333333333,0.004333333333333333,3.423,1.6561900708343429,0.40666666666666673,0.2475666666666667
12,10,5,14,30,1,0.004,0.996,0.0,0.404,0.10133333333333333,0.008,0.008,2.87,1.9075376884422113,0.0013333333333333333,0.9986666666666667,0.0,0.4013333333333333,0.262,0.058666666666666666,0.058666666666666666,3.509333333333333,1.4558021098581302,0.0026666666666666666,0.9973333333333334,0.0,0.4026666666666667,0.18166666666666667,0.03333333333333333,0.03333333333333333,3.1896666666666667,1.6816698991501706,0.4013333333333333,0.247
12,6,5,14,25,1,0.010666666666666666,0.9893333333333333,0.0,0.41066666666666674,0.098,0.0033333333333333335,0.0033333333333333335,2.966,1.8534968511766652,0.004,0.996,0.0,0.404,0.2793333333333333,0.04066666666666666,0.04066666666666666,3.518666666666667,1.4500000000000002,0.007333333333333333,0.9926666666666666,0.0,0.4073333333333334,0.18866666666666665,0.022,0.022,3.2423333333333337,1.6517484255883326,0.404,0.24633333333333335
12,6,6,18,30,1,0.009333333333333334,0.9906666666666667,0.0,0.4093333333333333,0.09,0.0,0.0,3.0486666666666666,1.9139642620780941,0.0006666666666666666,0.9993333333333333,0.0,0.4006666666666667,0.36533333333333334,0.0,0.0,3.812666666666667,1.373384030418251,0.005,0.995,0.0,0.405,0.22766666666666668,0.0,0.0,3.4306666666666668,1.6436741462481725,0.4006666666666667,0.2458666666666667
12,15,7,14,20,1,0.08666666666666667,0.9133333333333333,0.0,0.4866666666666667,0.002,0.0,0.0,2.9186666666666667,1.8638992854712488,0.11266666666666666,0.8873333333333333,0.0,0.5126666666666667,0.022,0.0,0.0,3.3553333333333333,1.440182301557159,0.09966666666666667,0.9003333333333333,0.0,0.4996666666666667,0.012,0.0,0.0,3.137,1.652040793514204,0.4866666666666667,0.24573333333333336
12,15,7,10,16,1,0.08933333333333333,0.9106666666666666,0.0,0.4893333333333334,0.0,0.0,0.0,2.6306666666666665,1.9363270777479893,0.222,0.778,0.0,0.622,0.005333333333333333,0.0,0.0,2.8066666666666666,1.4755218216318784,0.15566666666666668,0.8443333333333334,0.0,0.5556666666666668,0.0026666666666666666,0.0,0.0,2.7186666666666666,1.7059244496899337,0.4893333333333334,0.24520000000000003
12,6,6,10,16,1,0.048666666666666664,0.9513333333333334,0.0,0.44866666666666666,0.072,0.0,0.0,2.6646666666666667,1.9573475508163944,0.09933333333333333,0.9006666666666666,0.0,0.4993333333333334,0.136,0.0,0.0,3.024,1.484153005464481,0.074,0.9259999999999999,0.0,0.47400000000000003,0.10400000000000001,0.0,0.0,2.844333333333333,1.7207502781404376,0.44866666666666666,0.24513333333333334
12,15,6,14,25,1,0.027333333333333334,0.9726666666666667,0.0,0.42733333333333334,0.09666666666666666,0.0,0.0,2.9606666666666666,1.9643337819650066,0.024666666666666667,0.9753333333333334,0.0,0.42466666666666664,0.228,0.0013333333333333333,0.0013333333333333333,3.488,1.5343680709534369,0.026000000000000002,0.974,0.0,0.426,0.16233333333333333,0.0006666666666666666,0.0006666666666666666,3.224333333333333,1.7493509264592217,0.42466666666666664,0.24499999999999997
12,10,6,10,16,1,0.052,0.948,0.0,0.45200000000000007,0.06933333333333333,0.0,0.0,2.648,1.945406125166445,0.13933333333333334,0.8606666666666667,0.0,0.5393333333333333,0.11666666666666667,0.0,0.0,2.944,1.4746136865342165,0.09566666666666666,0.9043333333333333,0.0,0.4956666666666667,0.093,0.0,0.0,2.7960000000000003,1.7100099058503306,0.45200000000000007,0.24460000000000004
15,10,7,14,30,1,0.064,0.936,0.0,0.46399999999999997,0.034,0.0006666666666666666,0.0006666666666666666,3.2426666666666666,2.218586387434555,0.016,0.982,0.002,0.41800000000000004,0.2631930527722111,0.038,0.036,4.648,1.5823699421965318,0.04,0.9590000000000001,0.001,0.441,0.14859652638610554,0.019333333333333334,0.018333333333333333,3.945333333333333,1.9004781648155433,0.41800000000000004,0.24436930527722114
12,6,5,14,30,1,0.0033333333333333335,0.9966666666666667,0.0,0.4033333333333333,0.08866666666666667,0.0033333333333333335,0.0033333333333333335,2.888,1.8872870249017037,0.0,1.0,0.0,0.4,0.288,0.04133333333333333,0.04133333333333333,3.522666666666667,1.4440014498006526,0.0016666666666666668,0.9983333333333333,0.0,0.40166666666666667,0.18833333333333332,0.022333333333333334,0.022333333333333334,3.2053333333333334,1.6656442373511782,0.4,0.24436666666666668
12,10,6,14,25,1,0.016,0.984,0.0,0.41600000000000004,0.10133333333333333,0.0,0.0,2.9686666666666666,1.883327809081869,0.012666666666666666,0.9873333333333333,0.0,0.41266666666666674,0.25933333333333336,0.0013333333333333333,0.0013333333333333333,3.5366666666666666,1.4659217877094972,0.014333333333333333,0.9856666666666667,0.0,0.4143333333333334,0.18033333333333335,0.0006666666666666666,0.0006666666666666666,3.2526666666666664,1.674624798395683,0.41266666666666674,0.2426
12,15,5,10,20,1,0.025333333333333333,0.9746666666666667,0.0,0.42533333333333334,0.068,0.008,0.008,2.6053333333333333,2.049738219895288,0.06,0.94,0.0,0.4600000000000001,0.15066666666666667,0.03866666666666667,0.03866666666666667,3.0726666666666667,1.5610098176718092,0.042666666666666665,0.9573333333333334,0.0,0.4426666666666667,0.10933333333333334,0.023333333333333334,0.023333333333333334,2.839,1.8053740187835485,0.42533333333333334,0.24153333333333335
15,15,7,10,25,1,0.04733333333333333,0.9526666666666667,0.0,0.44733333333333336,0.032,0.0013333333333333333,0.0013333333333333333,2.780666666666667,2.3400783289817237,0.044,0.9553333333333334,0.0006666666666666666,0.44466666666666665,0.13208805870580387,0.011333333333333334,0.010666666666666666,3.768,1.794751009421265,0.04566666666666666,0.954,0.0003333333333333333,0.446,0.08204402935290193,0.006333333333333334,0.006,3.2743333333333333,2.0674146692014945,0.44466666666666665,0.24059213920391373
12,15,7,22,25,1,0.06866666666666667,0.9313333333333333,0.0,0.4686666666666667,0.017333333333333333,0.0,0.0,3.31,1.785889785889786,0.06066666666666667,0.9393333333333334,0.0,0.46066666666666667,0.08466666666666667,0.0,0.0,3.9466666666666668,1.2982321291314376,0.06466666666666666,0.9353333333333333,0.0,0.4646666666666667,0.051000000000000004,0.0,0.0,3.6283333333333334,1.542060957510612,0.46066666666666667,0.24053333333333332
12,6,6,14,25,1,0.012666666666666666,0.9873333333333333,0.0,0.41266666666666674,0.08733333333333333,0.0,0.0,2.962666666666667,1.9427620632279534,0.008666666666666666,0.9913333333333333,0.0,0.40866666666666673,0.2673333333333333,0.0,0.0,3.521333333333333,1.4487320837927231,0.010666666666666666,0.9893333333333333,0.0,0.41066666666666674,0.17733333333333332,0.0,0.0,3.242,1.6957470735103382,0.40866666666666673,0.23980000000000004
15,6,7,14,30,1,0.06533333333333333,0.9346666666666666,0.0,0.4653333333333334,0.046,0.0006666666666666666,0.0006666666666666666,3.3426666666666667,2.173448965977318,0.008666666666666666,0.99,0.0013333333333333333,0.4099999999999999,0.24766355140186916,0.030666666666666665,0.029333333333333333,4.614,1.5760171306209851,0.037,0.9623333333333333,0.0006666666666666666,0.43766666666666665,0.14683177570093459,0.015666666666666666,0.015,3.9783333333333335,1.8747330482991518,0.4099999999999999,0.23896635514018688
12,15,6,10,20,1,0.037333333333333336,0.9626666666666667,0.0,0.43733333333333335,0.056666666666666664,0.0,0.0,2.521333333333333,2.1277576555811657,0.06866666666666667,0.9313333333333333,0.0,0.4686666666666667,0.13466666666666666,0.0006666666666666666,0.0006666666666666666,3.050666666666667,1.6619013581129378,0.053000000000000005,0.9470000000000001,0.0,0.453,0.09566666666666666,0.0003333333333333333,0.0003333333333333333,2.786,1.8948295068470518,0.43733333333333335,0.2379
12,6,7,18,20,1,0.10666666666666667,0.8933333333333333,0.0,0.5066666666666667,0.005333333333333333,0.0,0.0,3.175333333333333,1.684887459807074,0.066,0.934,0.0,0.46599999999999997,0.04066666666666666,0.0,0.0,3.735333333333333,1.3267023718439175,0.08633333333333335,0.9136666666666666,0.0,0.48633333333333334,0.023,0.0,0.0,3.455333333333333,1.5057949158254957,0.46599999999999997,0.23759999999999998
12,10,6,14,30,1,0.005333333333333333,0.9946666666666667,0.0,0.4053333333333333,0.08266666666666667,0.0,0.0,2.8833333333333333,1.9117647058823528,0.0026666666666666666,0.9973333333333333,0.0,0.40266666666666673,0.25933333333333336,0.0013333333333333333,0.0013333333333333333,3.5473333333333334,1.479391013739324,0.004,0.996,0.0,0.404,0.171,0.0006666666666666666,0.0006666666666666666,3.2153333333333336,1.6955778598108384,0.40266666666666673,0.23573333333333335
12,15,5,10,25,1,0.006666666666666667,0.9933333333333333,0.0,0.40666666666666673,0.07066666666666667,0.008,0.008,2.6053333333333333,2.031219512195122,0.008666666666666666,0.9913333333333333,0.0,0.40866666666666673,0.16466666666666666,0.05,0.05,3.1413333333333333,1.641078838174274,0.007666666666666667,0.9923333333333333,0.0,0.40766666666666673,0.11766666666666667,0.029,0.029,2.873333333333333,1.8361491751846981,0.40666666666666673,0.2355666666666667
12,10,7,14,20,1,0.07266666666666667,0.9273333333333333,0.0,0.4726666666666667,0.004666666666666667,0.0,0.0,2.9273333333333333,1.805687203791469,0.06533333333333333,0.9346666666666666,0.0,0.4653333333333334,0.02,0.0,0.0,3.466666666666667,1.4006024096385543,0.069,0.931,0.0,0.46900000000000003,0.012333333333333333,0.0,0.0,3.197,1.6031448067150116,0.4653333333333334,0.23513333333333336
12,6,6,14,30,1,0.004,0.996,0.0,0.404,0.07466666666666667,0.0,0.0,2.9,1.9340946166394781,0.0,1.0,0.0,0.4,0.27466666666666667,0.0,0.0,3.533333333333333,1.462555066079295,0.002,0.998,0.0,0.402,0.17466666666666666,0.0,0.0,3.216666666666667,1.6983248413593866,0.4,0.23493333333333336
12,10,5,10,20,1,0.014666666666666666,0.9853333333333333,0.0,0.41466666666666674,0.068,0.004,0.004,2.52,2.0854870775347916,0.032,0.968,0.0,0.43200000000000005,0.16266666666666665,0.02266666666666667,0.02266666666666667,3.1233333333333335,1.5611814345991561,0.023333333333333334,0.9766666666666666,0.0,0.4233333333333334,0.11533333333333333,0.013333333333333334,0.013333333333333334,2.8216666666666668,1.8233342560669739,0.41466666666666674,0.23440000000000005
12,15,6,14,30,1,0.007333333333333333,0.9926666666666667,0.0,0.4073333333333333,0.08133333333333333,0.0,0.0,2.882,1.980927326537323,0.0033333333333333335,0.9966666666666667,0.0,0.4033333333333333,0.236,0.005333333333333333,0.005333333333333333,3.5233333333333334,1.5493165866272625,0.005333333333333333,0.9946666666666667,0.0,0.4053333333333333,0.15866666666666665,0.0026666666666666666,0.0026666666666666666,3.2026666666666666,1.7651219565822927,0.4033333333333333,0.23420000000000002
12,10,6,10,20,1,0.027333333333333334,0.9726666666666667,0.0,0.42733333333333334,0.05533333333333333,0.0,0.0,2.526666666666667,2.1122244488977957,0.034,0.966,0.0,0.43400000000000005,0.14666666666666667,0.0,0.0,3.1053333333333333,1.5975696926375982,0.03066666666666667,0.9693333333333334,0.0,0.4306666666666667,0.101,0.0,0.0,2.816,1.8548970707676968,0.42733333333333334,0.23386666666666667
12,15,5,10,30,1,0.0013333333333333333,0.9986666666666667,0.0,0.4013333333333333,0.07066666666666667,0.006666666666666667,0.006666666666666667,2.538666666666667,2.064139941690962,0.002,0.998,0.0,0.402,0.17066666666666666,0.050666666666666665,0.050666666666666665,3.15,1.6408839779005526,0.0016666666666666666,0.9983333333333333,0.0,0.40166666666666667,0.12066666666666667,0.028666666666666667,0.028666666666666667,2.844333333333333,1.8525119597957573,0.4013333333333333,0.2334
12,6,5,10,20,1,0.016,0.984,0.0,0.41600000000000004,0.06733333333333333,0.0006666666666666666,0.0006666666666666666,2.522666666666667,2.0902845927379787,0.02266666666666667,0.9773333333333334,0.0,0.42266666666666663,0.16266666666666665,0.012,0.012,3.1246666666666667,1.5696821515892423,0.019333333333333334,0.9806666666666667,0.0,0.41933333333333334,0.11499999999999999,0.006333333333333333,0.006333333333333333,2.823666666666667,1.8299833721636105,0.41600000000000004,0.23290000000000002
15,10,7,10,25,1,0.046,0.954,0.0,0.44600000000000006,0.028666666666666667,0.0006666666666666666,0.0006666666666666666,2.81,2.31272028196091,0.025333333333333333,0.9733333333333334,0.0013333333333333333,0.42666666666666664,0.1348464619492657,0.012666666666666666,0.011333333333333334,3.8526666666666665,1.7752808988764044,0.035666666666666666,0.9636666666666667,0.0006666666666666666,0.43633333333333335,0.08175656430796618,0.006666666666666666,0.006,3.3313333333333333,2.044000590418657,0.42666666666666664,0.23158464619492658
12,10,5,10,25,1,0.0026666666666666666,0.9973333333333333,0.0,0.40266666666666673,0.08333333333333333,0.007333333333333333,0.007333333333333333,2.608,2.0,0.0013333333333333333,0.9986666666666667,0.0,0.4013333333333333,0.16866666666666666,0.029333333333333333,0.029333333333333333,3.1573333333333333,1.593619972260749,0.002,0.998,0.0,0.402,0.126,0.018333333333333333,0.018333333333333333,2.8826666666666667,1.7968099861303743,0.4013333333333333,0.23136666666666666
12,6,6,10,20,1,0.017333333333333333,0.9826666666666667,0.0,0.41733333333333333,0.058,0.0,0.0,2.526666666666667,2.0983284169124876,0.022,0.978,0.0,0.42200000000000004,0.16,0.0,0.0,3.136,1.5765957446808512,0.019666666666666666,0.9803333333333333,0.0,0.4196666666666667,0.109,0.0,0.0,2.8313333333333333,1.8374620807966693,0.41733333333333333,0.23046666666666665
12,10,5,10,30,1,0.0006666666666666666,0.9993333333333333,0.0,0.4006666666666667,0.07933333333333334,0.004666666666666667,0.004666666666666667,2.5766666666666667,1.9533527696793005,0.0006666666666666666,0.9993333333333333,0.0,0.4006666666666667,0.17,0.028666666666666667,0.028666666666666667,3.158,1.5785095320623919,0.0006666666666666666,0.9993333333333333,0.0,0.4006666666666667,0.12466666666666668,0.016666666666666666,0.016666666666666666,2.8673333333333333,1.7659311508708462,0.4006666666666667,0.2302666666666667
12,15,7,18,25,1,0.042,0.958,0.0,0.44200000000000006,0.010666666666666666,0.0,0.0,3.1593333333333335,1.8437821171634121,0.042,0.958,0.0,0.44200000000000006,0.05733333333333333,0.0,0.0,3.744666666666667,1.3767512305944718,0.042,0.958,0.0,0.44200000000000006,0.034,0.0,0.0,3.452,1.610266673878942,0.44200000000000006,0.22780000000000003
12,10,7,22,25,1,0.058666666666666666,0.9413333333333334,0.0,0.45866666666666667,0.007333333333333333,0.0,0.0,3.3113333333333332,1.750882145377558,0.03866666666666667,0.9613333333333334,0.0,0.43866666666666665,0.076,0.0,0.0,3.98,1.3276197896377093,0.048666666666666664,0.9513333333333334,0.0,0.44866666666666666,0.041666666666666664,0.0,0.0,3.6456666666666666,1.5392509675076336,0.43866666666666665,0.22766666666666666
12,6,5,10,30,1,0.0006666666666666666,0.9993333333333333,0.0,0.4006666666666667,0.07266666666666667,0.0026666666666666666,0.0026666666666666666,2.562,2.0032829940906103,0.0,1.0,0.0,0.4,0.174,0.015333333333333332,0.015333333333333332,3.1453333333333333,1.590562109646079,0.0003333333333333333,0.9996666666666667,0.0,0.4003333333333334,0.12333333333333332,0.009,0.009,2.8536666666666664,1.7969225518683447,0.4,0.22736666666666666
15,6,7,10,25,1,0.042,0.958,0.0,0.44200000000000006,0.038,0.0006666666666666666,0.0006666666666666666,2.9526666666666666,2.2837837837837838,0.018,0.982,0.0,0.41800000000000004,0.13466666666666666,0.006666666666666667,0.006666666666666667,3.8846666666666665,1.737108190091001,0.03,0.97,0.0,0.43000000000000005,0.08633333333333333,0.003666666666666667,0.003666666666666667,3.4186666666666667,2.0104459869373925,0.41800000000000004,0.22736666666666666
12,6,5,10,25,1,0.0026666666666666666,0.9973333333333333,0.0,0.40266666666666673,0.07066666666666667,0.0006666666666666666,0.0006666666666666666,2.6073333333333335,2.0,0.0013333333333333333,0.9986666666666667,0.0,0.4013333333333333,0.17066666666666666,0.014666666666666666,0.014666666666666666,3.1453333333333333,1.5890315862547728,0.002,0.998,0.0,0.402,0.12066666666666667,0.007666666666666666,0.007666666666666666,2.876333333333333,1.7945157931273865,0.4013333333333333,0.22710000000000002
12,10,7,10,16,1,0.052,0.948,0.0,0.45200000000000007,0.0006666666666666666,0.0,0.0,2.648,1.945406125166445,0.13933333333333334,0.8606666666666667,0.0,0.5393333333333333,0.004,0.0,0.0,2.944,1.4746136865342165,0.09566666666666666,0.9043333333333333,0.0,0.4956666666666667,0.0023333333333333335,0.0,0.0,2.7960000000000003,1.7100099058503306,0.45200000000000007,0.2264666666666667
12,15,6,10,25,1,0.008666666666666666,0.9913333333333333,0.0,0.40866666666666673,0.06266666666666666,0.0,0.0,2.5726666666666667,2.1030927835051543,0.011333333333333334,0.9886666666666667,0.0,0.41133333333333333,0.15333333333333332,0.0006666666666666666,0.0006666666666666666,3.1373333333333333,1.7130801687763713,0.01,0.99,0.0,0.41000000000000003,0.10799999999999998,0.0003333333333333333,0.0003333333333333333,2.855,1.9080864761407628,0.40866666666666673,0.22603333333333336
15,15,7,10,30,1,0.02266666666666667,0.9773333333333334,0.0,0.42266666666666663,0.028666666666666667,0.0026666666666666666,0.0026666666666666666,2.771333333333333,2.3903846153846153,0.01,0.988,0.002,0.41200000000000003,0.1409485637942552,0.017333333333333333,0.015333333333333332,3.824,1.8303721086154876,0.016333333333333335,0.9826666666666667,0.001,0.41733333333333333,0.08480761523046093,0.01,0.009,3.2976666666666663,2.1103783620000516,0.41200000000000003,0.2258115230460922
12,6,7,10,16,1,0.048666666666666664,0.9513333333333334,0.0,0.44866666666666666,0.0006666666666666666,0.0,0.0,2.6646666666666667,1.9573475508163944,0.09933333333333333,0.9006666666666666,0.0,0.4993333333333334,0.0033333333333333335,0.0,0.0,3.024,1.4814275309541152,0.074,0.9259999999999999,0.0,0.47400000000000003,0.002,0.0,0.0,2.844333333333333,1.7193875408852548,0.44866666666666666,0.22473333333333334
12,10,6,10,25,1,0.0033333333333333335,0.9966666666666667,0.0,0.4033333333333333,0.07333333333333333,0.0,0.0,2.594,2.048780487804878,0.006,0.994,0.0,0.406,0.15666666666666668,0.0,0.0,3.142,1.627625489498042,0.004666666666666667,0.9953333333333334,0.0,0.4046666666666667,0.115,0.0,0.0,2.868,1.8382029886514601,0.4033333333333333,0.22466666666666665
12,6,6,10,25,1,0.0013333333333333333,0.9986666666666667,0.0,0.4013333333333333,0.06133333333333333,0.0,0.0,2.5966666666666667,2.091294424519074,0.0033333333333333335,0.9966666666666667,0.0,0.4033333333333333,0.164,0.0,0.0,3.156,1.6025369978858353,0.0023333333333333335,0.9976666666666667,0.0,0.4023333333333333,0.11266666666666666,0.0,0.0,2.876333333333333,1.8469157112024548,0.4013333333333333,0.2232
12,6,6,10,30,1,0.0,1.0,0.0,0.4,0.058666666666666666,0.0,0.0,2.602,2.0382775119617222,0.0,1.0,0.0,0.4,0.16866666666666666,0.0,0.0,3.1586666666666665,1.6087262491203378,0.0,1.0,0.0,0.4,0.11366666666666667,0.0,0.0,2.880333333333333,1.8235018805410301,0.4,0.22273333333333334
12,15,6,10,30,1,0.002,0.998,0.0,0.402,0.05533333333333333,0.0,0.0,2.538,2.1178756476683938,0.0013333333333333333,0.9986666666666667,0.0,0.4013333333333333,0.15866666666666668,0.0026666666666666666,0.0026666666666666666,3.1533333333333333,1.7151898734177216,0.0016666666666666666,0.9983333333333333,0.0,0.40166666666666667,0.10700000000000001,0.0013333333333333333,0.0013333333333333333,2.8456666666666663,1.9165327605430575,0.4013333333333333,0.22246666666666667
12,6,7,14,20,1,0.062,0.938,0.0,0.4620000000000001,0.0033333333333333335,0.0,0.0,2.968,1.8226027397260274,0.04,0.96,0.0,0.44000000000000006,0.019333333333333334,0.0,0.0,3.482,1.4133333333333333,0.051000000000000004,0.949,0.0,0.45100000000000007,0.011333333333333334,0.0,0.0,3.225,1.6179680365296805,0.44000000000000006,0.2222666666666667
12,10,6,10,30,1,0.0013333333333333333,0.9986666666666667,0.0,0.4013333333333333,0.06066666666666667,0.0,0.0,2.5813333333333333,2.0497737556561084,0.0006666666666666666,0.9993333333333333,0.0,0.4006666666666667,0.156,0.0,0.0,3.1486666666666667,1.6297872340425532,0.001,0.999,0.0,0.401,0.10833333333333334,0.0,0.0,2.865,1.8397804948493308,0.4006666666666667,0.22200000000000003
15,10,7,10,30,1,0.016666666666666666,0.9833333333333333,0.0,0.41666666666666674,0.024,0.0006666666666666666,0.0006666666666666666,2.8066666666666666,2.367424242424242,0.004,0.9946666666666667,0.0013333333333333333,0.4053333333333333,0.14485981308411214,0.014,0.012666666666666666,3.8933333333333335,1.8034564554388344,0.010333333333333333,0.989,0.0006666666666666666,0.41100000000000003,0.08442990654205607,0.007333333333333333,0.006666666666666666,3.35,2.085440348931538,0.4053333333333333,0.22165264797507786
12,6,7,22,25,1,0.037333333333333336,0.9626666666666667,0.0,0.43733333333333335,0.011333333333333334,0.0,0.0,3.3193333333333332,1.7632398753894079,0.024666666666666667,0.9753333333333334,0.0,0.42466666666666664,0.07266666666666667,0.0,0.0,3.9926666666666666,1.3338515351729499,0.031,0.9690000000000001,0.0,0.431,0.042,0.0,0.0,3.6559999999999997,1.5485457052811789,0.42466666666666664,0.2207333333333333
15,6,7,10,30,1,0.016,0.984,0.0,0.41600000000000004,0.03333333333333333,0.0006666666666666666,0.0006666666666666666,2.937333333333333,2.2605095541401274,0.0026666666666666666,0.9973333333333333,0.0,0.40266666666666673,0.13933333333333334,0.007333333333333333,0.007333333333333333,3.9133333333333336,1.745967741935484,0.009333333333333334,0.9906666666666666,0.0,0.4093333333333334,0.08633333333333333,0.004,0.004,3.4253333333333336,2.0032386480378057,0.40266666666666673,0.2198
12,15,7,10,20,1,0.037333333333333336,0.9626666666666667,0.0,0.43733333333333335,0.0013333333333333333,0.0,0.0,2.521333333333333,2.1277576555811657,0.06866666666666667,0.9313333333333333,0.0,0.4686666666666667,0.009333333333333334,0.0,0.0,3.0513333333333335,1.6593917710196782,0.053000000000000005,0.9470000000000001,0.0,0.453,0.005333333333333334,0.0,0.0,2.7863333333333333,1.893574713300422,0.43733333333333335,0.21973333333333334
12,10,7,18,25,1,0.032,0.968,0.0,0.43200000000000005,0.005333333333333333,0.0,0.0,3.156,1.8458390177353343,0.026,0.974,0.0,0.42600000000000005,0.04533333333333334,0.0,0.0,3.7906666666666666,1.3755760368663594,0.028999999999999998,0.971,0.0,0.42900000000000005,0.025333333333333336,0.0,0.0,3.4733333333333336,1.6107075273008469,0.42600000000000005,0.2180666666666667
12,15,7,22,30,1,0.032,0.968,0.0,0.43200000000000005,0.011333333333333334,0.0,0.0,3.2106666666666666,1.8578263841421734,0.014,0.986,0.0,0.41400000000000003,0.09333333333333334,0.0,0.0,4.013333333333334,1.3420445810914683,0.023,0.977,0.0,0.42300000000000004,0.052333333333333336,0.0,0.0,3.612,1.5999354826168208,0.41400000000000003,0.2174666666666667
12,15,7,14,25,1,0.027333333333333334,0.9726666666666667,0.0,0.42733333333333334,0.004666666666666667,0.0,0.0,2.961333333333333,1.9623529411764704,0.024666666666666667,0.9753333333333334,0.0,0.42466666666666664,0.03333333333333333,0.0,0.0,3.496,1.5288035450516986,0.026000000000000002,0.974,0.0,0.426,0.019,0.0,0.0,3.2286666666666664,1.7455782431140845,0.42466666666666664,0.21613333333333332
12,10,7,10,20,1,0.027333333333333334,0.9726666666666667,0.0,0.42733333333333334,0.002,0.0,0.0,2.526666666666667,2.1122244488977957,0.034,0.966,0.0,0.43400000000000005,0.006,0.0,0.0,3.1053333333333333,1.5969989281886388,0.03066666666666667,0.9693333333333334,0.0,0.4306666666666667,0.004,0.0,0.0,2.816,1.8546116885432173,0.42733333333333334,0.21446666666666667
12,6,7,18,25,1,0.024,0.976,0.0,0.42400000000000004,0.006,0.0,0.0,3.162,1.843792633015007,0.016,0.984,0.0,0.41600000000000004,0.048666666666666664,0.0,0.0,3.8013333333333335,1.3649829092290164,0.02,0.98,0.0,0.42000000000000004,0.02733333333333333,0.0,0.0,3.4816666666666665,1.6043877711220116,0.41600000000000004,0.2134666666666667
12,10,7,22,30,1,0.023333333333333334,0.9766666666666667,0.0,0.42333333333333334,0.007333333333333333,0.0,0.0,3.2253333333333334,1.8430034129692834,0.006666666666666667,0.9933333333333333,0.0,0.40666666666666673,0.08733333333333333,0.0,0.0,4.020666666666667,1.3273507608271555,0.015000000000000001,0.985,0.0,0.41500000000000004,0.04733333333333333,0.0,0.0,3.623,1.5851770868982196,0.40666666666666673,0.21280000000000004
12,15,7,18,30,1,0.02266666666666667,0.9773333333333334,0.0,0.42266666666666663,0.008,0.0,0.0,3.0573333333333332,1.898887765419616,0.006666666666666667,0.9933333333333333,0.0,0.40666666666666673,0.06133333333333333,0.0,0.0,3.7933333333333334,1.4104308390022677,0.014666666666666668,0.9853333333333334,0.0,0.4146666666666667,0.034666666666666665,0.0,0.0,3.4253333333333336,1.6546593022109417,0.40666666666666673,0.2102666666666667
12,6,7,22,30,1,0.018,0.982,0.0,0.41800000000000004,0.008666666666666666,0.0,0.0,3.194,1.815177065767285,0.002,0.998,0.0,0.402,0.08133333333333333,0.0,0.0,4.018,1.3216783216783219,0.009999999999999998,0.99,0.0,0.41000000000000003,0.045,0.0,0.0,3.606,1.5684276937228034,0.402,0.21000000000000002
12,10,7,14,25,1,0.016,0.984,0.0,0.41600000000000004,0.004,0.0,0.0,2.9686666666666666,1.882703777335984,0.012666666666666666,0.9873333333333333,0.0,0.41266666666666674,0.024,0.0,0.0,3.54,1.462109955423477,0.014333333333333333,0.9856666666666667,0.0,0.4143333333333334,0.014,0.0,0.0,3.2543333333333333,1.6724068663797307,0.41266666666666674,0.20913333333333337
12,6,7,10,20,1,0.017333333333333333,0.9826666666666667,0.0,0.41733333333333333,0.0006666666666666666,0.0,0.0,2.526666666666667,2.0983284169124876,0.022,0.978,0.0,0.42200000000000004,0.004,0.0,0.0,3.1366666666666667,1.5754783841247344,0.019666666666666666,0.9803333333333333,0.0,0.4196666666666667,0.0023333333333333335,0.0,0.0,2.831666666666667,1.8369034005186111,0.41733333333333333,0.20913333333333334
12,10,7,18,30,1,0.014,0.986,0.0,0.41400000000000003,0.006,0.0,0.0,3.0713333333333335,1.9048582995951417,0.004,0.996,0.0,0.404,0.054,0.0,0.0,3.820666666666667,1.3796545105566218,0.009000000000000001,0.991,0.0,0.40900000000000003,0.03,0.0,0.0,3.446,1.6422564050758819,0.404,0.20800000000000002
12,6,7,14,25,1,0.012666666666666666,0.9873333333333333,0.0,0.41266666666666674,0.0026666666666666666,0.0,0.0,2.962666666666667,1.9407653910149751,0.008666666666666666,0.9913333333333333,0.0,0.40866666666666673,0.024,0.0,0.0,3.526,1.4437913299044818,0.010666666666666666,0.9893333333333333,0.0,0.41066666666666674,0.013333333333333334,0.0,0.0,3.2443333333333335,1.6922783604597285,0.40866666666666673,0.20700000000000005
12,15,7,10,25,1,0.008666666666666666,0.9913333333333333,0.0,0.40866666666666673,0.0013333333333333333,0.0,0.0,2.5726666666666667,2.102415458937198,0.011333333333333334,0.9886666666666667,0.0,0.41133333333333333,0.017333333333333333,0.0,0.0,3.14,1.7076598735066761,0.01,0.99,0.0,0.41000000000000003,0.009333333333333332,0.0,0.0,2.8563333333333336,1.9050376662219373,0.40866666666666673,0.20620000000000002
12,6,7,18,30,1,0.009333333333333334,0.9906666666666667,0.0,0.4093333333333333,0.0033333333333333335,0.0,0.0,3.0486666666666666,1.9107142857142856,0.0006666666666666666,0.9993333333333333,0.0,0.4006666666666667,0.05333333333333334,0.0,0.0,3.818,1.3665399239543725,0.005,0.995,0.0,0.405,0.028333333333333335,0.0,0.0,3.4333333333333336,1.638627104834329,0.4006666666666667,0.20600000000000002
12,15,7,14,30,1,0.007333333333333333,0.9926666666666667,0.0,0.4073333333333333,0.005333333333333333,0.0,0.0,2.882,1.9802761341222879,0.0033333333333333335,0.9966666666666667,0.0,0.4033333333333333,0.038,0.0,0.0,3.528,1.5437430786267996,0.005333333333333333,0.9946666666666667,0.0,0.4053333333333333,0.021666666666666667,0.0,0.0,3.205,1.7620096063745438,0.4033333333333333,0.206
12,10,7,14,30,1,0.005333333333333333,0.9946666666666667,0.0,0.4053333333333333,0.004666666666666667,0.0,0.0,2.8833333333333333,1.9117647058823528,0.0026666666666666666,0.9973333333333333,0.0,0.40266666666666673,0.027333333333333334,0.0,0.0,3.5513333333333335,1.4733333333333334,0.004,0.996,0.0,0.404,0.016,0.0,0.0,3.2173333333333334,1.692549019607843,0.40266666666666673,0.20453333333333337
12,6,7,14,30,1,0.004,0.996,0.0,0.404,0.002,0.0,0.0,2.9,1.9327676240208875,0.0,1.0,0.0,0.4,0.02666666666666667,0.0,0.0,3.5366666666666666,1.4559471365638765,0.002,0.998,0.0,0.402,0.014333333333333333,0.0,0.0,3.2183333333333333,1.6943573802923821,0.4,0.20286666666666667
12,10,7,10,25,1,0.0033333333333333335,0.9966666666666667,0.0,0.4033333333333333,0.0013333333333333333,0.0,0.0,2.5933333333333333,2.0507317073170737,0.006,0.994,0.0,0.406,0.008666666666666666,0.0,0.0,3.1433333333333335,1.6258890469416785,0.004666666666666667,0.9953333333333334,0.0,0.4046666666666667,0.005,0.0,0.0,2.868333333333333,1.838310377129376,0.4033333333333333,0.20266666666666666
12,15,7,10,30,1,0.002,0.998,0.0,0.402,0.0,0.0,0.0,2.538,2.1171900291356422,0.0013333333333333333,0.9986666666666667,0.0,0.4013333333333333,0.018,0.0,0.0,3.1553333333333335,1.7112750263435195,0.0016666666666666666,0.9983333333333333,0.0,0.40166666666666667,0.009,0.0,0.0,2.8466666666666667,1.9142325277395809,0.4013333333333333,0.20246666666666666
12,10,7,10,30,1,0.0013333333333333333,0.9986666666666667,0.0,0.4013333333333333,0.0013333333333333333,0.0,0.0,2.5813333333333333,2.0497737556561084,0.0006666666666666666,0.9993333333333333,0.0,0.4006666666666667,0.012,0.0,0.0,3.1493333333333333,1.6259298618490965,0.001,0.999,0.0,0.401,0.006666666666666667,0.0,0.0,2.865333333333333,1.8378518087526023,0.4006666666666667,0.2016666666666667
12,6,7,10,25,1,0.0013333333333333333,0.9986666666666667,0.0,0.4013333333333333,0.002,0.0,0.0,2.5966666666666667,2.091294424519074,0.0033333333333333335,0.9966666666666667,0.0,0.4033333333333333,0.006,0.0,0.0,3.158,1.601972525537161,0.0023333333333333335,0.9976666666666667,0.0,0.4023333333333333,0.004,0.0,0.0,2.8773333333333335,1.8466334750281175,0.4013333333333333,0.20146666666666666
12,6,7,10,30,1,0.0,1.0,0.0,0.4,0.002,0.0,0.0,2.602,2.0382775119617222,0.0,1.0,0.0,0.4,0.006666666666666667,0.0,0.0,3.16,1.6087262491203378,0.0,1.0,0.0,0.4,0.004333333333333333,0.0,0.0,2.8810000000000002,1.8235018805410301,0.4,0.20086666666666667
